Analysis & Synthesis report for FIR_3k4_lowpass
Thu Jul 06 18:49:21 2023
Quartus Prime Version 17.1.0 Build 590 10/25/2017 SJ Lite Edition


---------------------
; Table of Contents ;
---------------------
  1. Legal Notice
  2. Analysis & Synthesis Summary
  3. Analysis & Synthesis Settings
  4. Parallel Compilation
  5. Analysis & Synthesis Source Files Read
  6. Analysis & Synthesis Resource Usage Summary
  7. Analysis & Synthesis Resource Utilization by Entity
  8. Analysis & Synthesis RAM Summary
  9. Analysis & Synthesis DSP Block Usage Summary
 10. Analysis & Synthesis IP Cores Summary
 11. State Machine - |FIR_3k4_lowpass|FIR:u_FIR_0|fir_3k4:u_fir_3k4_0|fir_3k4_0002:fir_3k4_inst|fir_3k4_0002_ast:fir_3k4_0002_ast_inst|auk_dspip_avalon_streaming_sink_hpfir:sink|sink_state
 12. Registers Protected by Synthesis
 13. Registers Removed During Synthesis
 14. Removed Registers Triggering Further Register Optimizations
 15. General Register Statistics
 16. Inverted Register Statistics
 17. Source assignments for FIR:u_FIR_0|fir_3k4:u_fir_3k4_0|fir_3k4_0002:fir_3k4_inst|fir_3k4_0002_ast:fir_3k4_0002_ast_inst
 18. Source assignments for FIR:u_FIR_0|fir_3k4:u_fir_3k4_0|fir_3k4_0002:fir_3k4_inst|fir_3k4_0002_ast:fir_3k4_0002_ast_inst|fir_3k4_0002_rtl_core:\real_passthrough:hpfircore_core
 19. Source assignments for FIR:u_FIR_0|fir_3k4:u_fir_3k4_0|fir_3k4_0002:fir_3k4_inst|fir_3k4_0002_ast:fir_3k4_0002_ast_inst|fir_3k4_0002_rtl_core:\real_passthrough:hpfircore_core|altsyncram:u0_m0_wo0_wi0_r0_ra20_count1_lut_lutmem_dmem|altsyncram_3bs3:auto_generated
 20. Source assignments for FIR:u_FIR_0|fir_3k4:u_fir_3k4_0|fir_3k4_0002:fir_3k4_inst|fir_3k4_0002_ast:fir_3k4_0002_ast_inst|fir_3k4_0002_rtl_core:\real_passthrough:hpfircore_core|altsyncram:u0_m0_wo0_wi0_r0_memr0_dmem|altsyncram_cmn3:auto_generated
 21. Source assignments for FIR:u_FIR_0|fir_3k4:u_fir_3k4_0|fir_3k4_0002:fir_3k4_inst|fir_3k4_0002_ast:fir_3k4_0002_ast_inst|fir_3k4_0002_rtl_core:\real_passthrough:hpfircore_core|altsyncram:u0_m0_wo0_wi0_r0_memr1_dmem|altsyncram_gpn3:auto_generated
 22. Source assignments for FIR:u_FIR_0|fir_3k4:u_fir_3k4_0|fir_3k4_0002:fir_3k4_inst|fir_3k4_0002_ast:fir_3k4_0002_ast_inst|fir_3k4_0002_rtl_core:\real_passthrough:hpfircore_core|altsyncram:u0_m0_wo0_cm6_lutmem_dmem|altsyncram_miq3:auto_generated
 23. Source assignments for FIR:u_FIR_0|fir_3k4:u_fir_3k4_0|fir_3k4_0002:fir_3k4_inst|fir_3k4_0002_ast:fir_3k4_0002_ast_inst|fir_3k4_0002_rtl_core:\real_passthrough:hpfircore_core|altsyncram:u0_m0_wo0_cm7_lutmem_dmem|altsyncram_niq3:auto_generated
 24. Source assignments for FIR:u_FIR_0|fir_3k4:u_fir_3k4_0|fir_3k4_0002:fir_3k4_inst|fir_3k4_0002_ast:fir_3k4_0002_ast_inst|fir_3k4_0002_rtl_core:\real_passthrough:hpfircore_core|altsyncram:u0_m0_wo0_cm8_lutmem_dmem|altsyncram_oiq3:auto_generated
 25. Source assignments for FIR:u_FIR_0|fir_3k4:u_fir_3k4_0|fir_3k4_0002:fir_3k4_inst|fir_3k4_0002_ast:fir_3k4_0002_ast_inst|fir_3k4_0002_rtl_core:\real_passthrough:hpfircore_core|altsyncram:u0_m0_wo0_wi0_r0_memr9_dmem|altsyncram_gpn3:auto_generated
 26. Source assignments for FIR:u_FIR_0|fir_3k4:u_fir_3k4_0|fir_3k4_0002:fir_3k4_inst|fir_3k4_0002_ast:fir_3k4_0002_ast_inst|fir_3k4_0002_rtl_core:\real_passthrough:hpfircore_core|altsyncram:u0_m0_wo0_cm9_lutmem_dmem|altsyncram_piq3:auto_generated
 27. Source assignments for FIR:u_FIR_0|fir_3k4:u_fir_3k4_0|fir_3k4_0002:fir_3k4_inst|fir_3k4_0002_ast:fir_3k4_0002_ast_inst|fir_3k4_0002_rtl_core:\real_passthrough:hpfircore_core|altsyncram:u0_m0_wo0_cm10_lutmem_dmem|altsyncram_1kq3:auto_generated
 28. Source assignments for FIR:u_FIR_0|fir_3k4:u_fir_3k4_0|fir_3k4_0002:fir_3k4_inst|fir_3k4_0002_ast:fir_3k4_0002_ast_inst|fir_3k4_0002_rtl_core:\real_passthrough:hpfircore_core|altsyncram:u0_m0_wo0_cm11_lutmem_dmem|altsyncram_2kq3:auto_generated
 29. Source assignments for FIR:u_FIR_0|fir_3k4:u_fir_3k4_0|fir_3k4_0002:fir_3k4_inst|fir_3k4_0002_ast:fir_3k4_0002_ast_inst|fir_3k4_0002_rtl_core:\real_passthrough:hpfircore_core|altsyncram:u0_m0_wo0_cm12_lutmem_dmem|altsyncram_3kq3:auto_generated
 30. Source assignments for FIR:u_FIR_0|fir_3k4:u_fir_3k4_0|fir_3k4_0002:fir_3k4_inst|fir_3k4_0002_ast:fir_3k4_0002_ast_inst|fir_3k4_0002_rtl_core:\real_passthrough:hpfircore_core|altsyncram:u0_m0_wo0_cm13_lutmem_dmem|altsyncram_4kq3:auto_generated
 31. Source assignments for FIR:u_FIR_0|fir_3k4:u_fir_3k4_0|fir_3k4_0002:fir_3k4_inst|fir_3k4_0002_ast:fir_3k4_0002_ast_inst|fir_3k4_0002_rtl_core:\real_passthrough:hpfircore_core|altsyncram:u0_m0_wo0_cm14_lutmem_dmem|altsyncram_5kq3:auto_generated
 32. Source assignments for FIR:u_FIR_0|fir_3k4:u_fir_3k4_0|fir_3k4_0002:fir_3k4_inst|fir_3k4_0002_ast:fir_3k4_0002_ast_inst|fir_3k4_0002_rtl_core:\real_passthrough:hpfircore_core|altsyncram:u0_m0_wo0_wi0_r0_memr17_dmem|altsyncram_6pn3:auto_generated
 33. Parameter Settings for User Entity Instance: PLL_32M:u_PLL_32M_0|altpll:altpll_component
 34. Parameter Settings for User Entity Instance: FIR:u_FIR_0|fir_3k4:u_fir_3k4_0|fir_3k4_0002:fir_3k4_inst|fir_3k4_0002_ast:fir_3k4_0002_ast_inst
 35. Parameter Settings for User Entity Instance: FIR:u_FIR_0|fir_3k4:u_fir_3k4_0|fir_3k4_0002:fir_3k4_inst|fir_3k4_0002_ast:fir_3k4_0002_ast_inst|auk_dspip_avalon_streaming_sink_hpfir:sink
 36. Parameter Settings for User Entity Instance: FIR:u_FIR_0|fir_3k4:u_fir_3k4_0|fir_3k4_0002:fir_3k4_inst|fir_3k4_0002_ast:fir_3k4_0002_ast_inst|auk_dspip_avalon_streaming_source_hpfir:source
 37. Parameter Settings for User Entity Instance: FIR:u_FIR_0|fir_3k4:u_fir_3k4_0|fir_3k4_0002:fir_3k4_inst|fir_3k4_0002_ast:fir_3k4_0002_ast_inst|fir_3k4_0002_rtl_core:\real_passthrough:hpfircore_core|dspba_delay:u0_m0_wo0_memread
 38. Parameter Settings for User Entity Instance: FIR:u_FIR_0|fir_3k4:u_fir_3k4_0|fir_3k4_0002:fir_3k4_inst|fir_3k4_0002_ast:fir_3k4_0002_ast_inst|fir_3k4_0002_rtl_core:\real_passthrough:hpfircore_core|dspba_delay:d_u0_m0_wo0_memread_q_13
 39. Parameter Settings for User Entity Instance: FIR:u_FIR_0|fir_3k4:u_fir_3k4_0|fir_3k4_0002:fir_3k4_inst|fir_3k4_0002_ast:fir_3k4_0002_ast_inst|fir_3k4_0002_rtl_core:\real_passthrough:hpfircore_core|dspba_delay:u0_m0_wo0_compute
 40. Parameter Settings for User Entity Instance: FIR:u_FIR_0|fir_3k4:u_fir_3k4_0|fir_3k4_0002:fir_3k4_inst|fir_3k4_0002_ast:fir_3k4_0002_ast_inst|fir_3k4_0002_rtl_core:\real_passthrough:hpfircore_core|dspba_delay:d_u0_m0_wo0_compute_q_14
 41. Parameter Settings for User Entity Instance: FIR:u_FIR_0|fir_3k4:u_fir_3k4_0|fir_3k4_0002:fir_3k4_inst|fir_3k4_0002_ast:fir_3k4_0002_ast_inst|fir_3k4_0002_rtl_core:\real_passthrough:hpfircore_core|dspba_delay:d_u0_m0_wo0_compute_q_20
 42. Parameter Settings for User Entity Instance: FIR:u_FIR_0|fir_3k4:u_fir_3k4_0|fir_3k4_0002:fir_3k4_inst|fir_3k4_0002_ast:fir_3k4_0002_ast_inst|fir_3k4_0002_rtl_core:\real_passthrough:hpfircore_core|dspba_delay:d_u0_m0_wo0_compute_q_21
 43. Parameter Settings for User Entity Instance: FIR:u_FIR_0|fir_3k4:u_fir_3k4_0|fir_3k4_0002:fir_3k4_inst|fir_3k4_0002_ast:fir_3k4_0002_ast_inst|fir_3k4_0002_rtl_core:\real_passthrough:hpfircore_core|altsyncram:u0_m0_wo0_wi0_r0_ra20_count1_lut_lutmem_dmem
 44. Parameter Settings for User Entity Instance: FIR:u_FIR_0|fir_3k4:u_fir_3k4_0|fir_3k4_0002:fir_3k4_inst|fir_3k4_0002_ast:fir_3k4_0002_ast_inst|fir_3k4_0002_rtl_core:\real_passthrough:hpfircore_core|dspba_delay:d_u0_m0_wo0_memread_q_14
 45. Parameter Settings for User Entity Instance: FIR:u_FIR_0|fir_3k4:u_fir_3k4_0|fir_3k4_0002:fir_3k4_inst|fir_3k4_0002_ast:fir_3k4_0002_ast_inst|fir_3k4_0002_rtl_core:\real_passthrough:hpfircore_core|dspba_delay:d_xIn_0_15
 46. Parameter Settings for User Entity Instance: FIR:u_FIR_0|fir_3k4:u_fir_3k4_0|fir_3k4_0002:fir_3k4_inst|fir_3k4_0002_ast:fir_3k4_0002_ast_inst|fir_3k4_0002_rtl_core:\real_passthrough:hpfircore_core|dspba_delay:d_in0_m0_wi0_wo0_assign_id1_q_15
 47. Parameter Settings for User Entity Instance: FIR:u_FIR_0|fir_3k4:u_fir_3k4_0|fir_3k4_0002:fir_3k4_inst|fir_3k4_0002_ast:fir_3k4_0002_ast_inst|fir_3k4_0002_rtl_core:\real_passthrough:hpfircore_core|altsyncram:u0_m0_wo0_wi0_r0_memr0_dmem
 48. Parameter Settings for User Entity Instance: FIR:u_FIR_0|fir_3k4:u_fir_3k4_0|fir_3k4_0002:fir_3k4_inst|fir_3k4_0002_ast:fir_3k4_0002_ast_inst|fir_3k4_0002_rtl_core:\real_passthrough:hpfircore_core|altsyncram:u0_m0_wo0_wi0_r0_memr1_dmem
 49. Parameter Settings for User Entity Instance: FIR:u_FIR_0|fir_3k4:u_fir_3k4_0|fir_3k4_0002:fir_3k4_inst|fir_3k4_0002_ast:fir_3k4_0002_ast_inst|fir_3k4_0002_rtl_core:\real_passthrough:hpfircore_core|dspba_delay:d_u0_m0_wo0_wi0_r0_split1_g_16
 50. Parameter Settings for User Entity Instance: FIR:u_FIR_0|fir_3k4:u_fir_3k4_0|fir_3k4_0002:fir_3k4_inst|fir_3k4_0002_ast:fir_3k4_0002_ast_inst|fir_3k4_0002_rtl_core:\real_passthrough:hpfircore_core|dspba_delay:d_u0_m0_wo0_ca20_q_14
 51. Parameter Settings for User Entity Instance: FIR:u_FIR_0|fir_3k4:u_fir_3k4_0|fir_3k4_0002:fir_3k4_inst|fir_3k4_0002_ast:fir_3k4_0002_ast_inst|fir_3k4_0002_rtl_core:\real_passthrough:hpfircore_core|altsyncram:u0_m0_wo0_cm6_lutmem_dmem
 52. Parameter Settings for User Entity Instance: FIR:u_FIR_0|fir_3k4:u_fir_3k4_0|fir_3k4_0002:fir_3k4_inst|fir_3k4_0002_ast:fir_3k4_0002_ast_inst|fir_3k4_0002_rtl_core:\real_passthrough:hpfircore_core|LPM_MULT:u0_m0_wo0_mtree_mult1_14_component
 53. Parameter Settings for User Entity Instance: FIR:u_FIR_0|fir_3k4:u_fir_3k4_0|fir_3k4_0002:fir_3k4_inst|fir_3k4_0002_ast:fir_3k4_0002_ast_inst|fir_3k4_0002_rtl_core:\real_passthrough:hpfircore_core|altsyncram:u0_m0_wo0_cm7_lutmem_dmem
 54. Parameter Settings for User Entity Instance: FIR:u_FIR_0|fir_3k4:u_fir_3k4_0|fir_3k4_0002:fir_3k4_inst|fir_3k4_0002_ast:fir_3k4_0002_ast_inst|fir_3k4_0002_rtl_core:\real_passthrough:hpfircore_core|LPM_MULT:u0_m0_wo0_mtree_mult1_13_component
 55. Parameter Settings for User Entity Instance: FIR:u_FIR_0|fir_3k4:u_fir_3k4_0|fir_3k4_0002:fir_3k4_inst|fir_3k4_0002_ast:fir_3k4_0002_ast_inst|fir_3k4_0002_rtl_core:\real_passthrough:hpfircore_core|altsyncram:u0_m0_wo0_cm8_lutmem_dmem
 56. Parameter Settings for User Entity Instance: FIR:u_FIR_0|fir_3k4:u_fir_3k4_0|fir_3k4_0002:fir_3k4_inst|fir_3k4_0002_ast:fir_3k4_0002_ast_inst|fir_3k4_0002_rtl_core:\real_passthrough:hpfircore_core|LPM_MULT:u0_m0_wo0_mtree_mult1_12_component
 57. Parameter Settings for User Entity Instance: FIR:u_FIR_0|fir_3k4:u_fir_3k4_0|fir_3k4_0002:fir_3k4_inst|fir_3k4_0002_ast:fir_3k4_0002_ast_inst|fir_3k4_0002_rtl_core:\real_passthrough:hpfircore_core|altsyncram:u0_m0_wo0_wi0_r0_memr9_dmem
 58. Parameter Settings for User Entity Instance: FIR:u_FIR_0|fir_3k4:u_fir_3k4_0|fir_3k4_0002:fir_3k4_inst|fir_3k4_0002_ast:fir_3k4_0002_ast_inst|fir_3k4_0002_rtl_core:\real_passthrough:hpfircore_core|altsyncram:u0_m0_wo0_cm9_lutmem_dmem
 59. Parameter Settings for User Entity Instance: FIR:u_FIR_0|fir_3k4:u_fir_3k4_0|fir_3k4_0002:fir_3k4_inst|fir_3k4_0002_ast:fir_3k4_0002_ast_inst|fir_3k4_0002_rtl_core:\real_passthrough:hpfircore_core|LPM_MULT:u0_m0_wo0_mtree_mult1_11_component
 60. Parameter Settings for User Entity Instance: FIR:u_FIR_0|fir_3k4:u_fir_3k4_0|fir_3k4_0002:fir_3k4_inst|fir_3k4_0002_ast:fir_3k4_0002_ast_inst|fir_3k4_0002_rtl_core:\real_passthrough:hpfircore_core|altsyncram:u0_m0_wo0_cm10_lutmem_dmem
 61. Parameter Settings for User Entity Instance: FIR:u_FIR_0|fir_3k4:u_fir_3k4_0|fir_3k4_0002:fir_3k4_inst|fir_3k4_0002_ast:fir_3k4_0002_ast_inst|fir_3k4_0002_rtl_core:\real_passthrough:hpfircore_core|LPM_MULT:u0_m0_wo0_mtree_mult1_10_component
 62. Parameter Settings for User Entity Instance: FIR:u_FIR_0|fir_3k4:u_fir_3k4_0|fir_3k4_0002:fir_3k4_inst|fir_3k4_0002_ast:fir_3k4_0002_ast_inst|fir_3k4_0002_rtl_core:\real_passthrough:hpfircore_core|altsyncram:u0_m0_wo0_cm11_lutmem_dmem
 63. Parameter Settings for User Entity Instance: FIR:u_FIR_0|fir_3k4:u_fir_3k4_0|fir_3k4_0002:fir_3k4_inst|fir_3k4_0002_ast:fir_3k4_0002_ast_inst|fir_3k4_0002_rtl_core:\real_passthrough:hpfircore_core|LPM_MULT:u0_m0_wo0_mtree_mult1_9_component
 64. Parameter Settings for User Entity Instance: FIR:u_FIR_0|fir_3k4:u_fir_3k4_0|fir_3k4_0002:fir_3k4_inst|fir_3k4_0002_ast:fir_3k4_0002_ast_inst|fir_3k4_0002_rtl_core:\real_passthrough:hpfircore_core|altsyncram:u0_m0_wo0_cm12_lutmem_dmem
 65. Parameter Settings for User Entity Instance: FIR:u_FIR_0|fir_3k4:u_fir_3k4_0|fir_3k4_0002:fir_3k4_inst|fir_3k4_0002_ast:fir_3k4_0002_ast_inst|fir_3k4_0002_rtl_core:\real_passthrough:hpfircore_core|LPM_MULT:u0_m0_wo0_mtree_mult1_8_component
 66. Parameter Settings for User Entity Instance: FIR:u_FIR_0|fir_3k4:u_fir_3k4_0|fir_3k4_0002:fir_3k4_inst|fir_3k4_0002_ast:fir_3k4_0002_ast_inst|fir_3k4_0002_rtl_core:\real_passthrough:hpfircore_core|dspba_delay:d_u0_m0_wo0_wi0_r0_split9_f_17
 67. Parameter Settings for User Entity Instance: FIR:u_FIR_0|fir_3k4:u_fir_3k4_0|fir_3k4_0002:fir_3k4_inst|fir_3k4_0002_ast:fir_3k4_0002_ast_inst|fir_3k4_0002_rtl_core:\real_passthrough:hpfircore_core|dspba_delay:d_u0_m0_wo0_ca20_q_15
 68. Parameter Settings for User Entity Instance: FIR:u_FIR_0|fir_3k4:u_fir_3k4_0|fir_3k4_0002:fir_3k4_inst|fir_3k4_0002_ast:fir_3k4_0002_ast_inst|fir_3k4_0002_rtl_core:\real_passthrough:hpfircore_core|altsyncram:u0_m0_wo0_cm13_lutmem_dmem
 69. Parameter Settings for User Entity Instance: FIR:u_FIR_0|fir_3k4:u_fir_3k4_0|fir_3k4_0002:fir_3k4_inst|fir_3k4_0002_ast:fir_3k4_0002_ast_inst|fir_3k4_0002_rtl_core:\real_passthrough:hpfircore_core|LPM_MULT:u0_m0_wo0_mtree_mult1_7_component
 70. Parameter Settings for User Entity Instance: FIR:u_FIR_0|fir_3k4:u_fir_3k4_0|fir_3k4_0002:fir_3k4_inst|fir_3k4_0002_ast:fir_3k4_0002_ast_inst|fir_3k4_0002_rtl_core:\real_passthrough:hpfircore_core|dspba_delay:d_u0_m0_wo0_wi0_r0_split9_g_17
 71. Parameter Settings for User Entity Instance: FIR:u_FIR_0|fir_3k4:u_fir_3k4_0|fir_3k4_0002:fir_3k4_inst|fir_3k4_0002_ast:fir_3k4_0002_ast_inst|fir_3k4_0002_rtl_core:\real_passthrough:hpfircore_core|altsyncram:u0_m0_wo0_cm14_lutmem_dmem
 72. Parameter Settings for User Entity Instance: FIR:u_FIR_0|fir_3k4:u_fir_3k4_0|fir_3k4_0002:fir_3k4_inst|fir_3k4_0002_ast:fir_3k4_0002_ast_inst|fir_3k4_0002_rtl_core:\real_passthrough:hpfircore_core|LPM_MULT:u0_m0_wo0_mtree_mult1_6_component
 73. Parameter Settings for User Entity Instance: FIR:u_FIR_0|fir_3k4:u_fir_3k4_0|fir_3k4_0002:fir_3k4_inst|fir_3k4_0002_ast:fir_3k4_0002_ast_inst|fir_3k4_0002_rtl_core:\real_passthrough:hpfircore_core|altsyncram:u0_m0_wo0_wi0_r0_memr17_dmem
 74. Parameter Settings for User Entity Instance: FIR:u_FIR_0|fir_3k4:u_fir_3k4_0|fir_3k4_0002:fir_3k4_inst|fir_3k4_0002_ast:fir_3k4_0002_ast_inst|auk_dspip_roundsat_hpfir:\real_passthrough:gen_outp_blk:0:outp_blk
 75. altpll Parameter Settings by Entity Instance
 76. altsyncram Parameter Settings by Entity Instance
 77. lpm_mult Parameter Settings by Entity Instance
 78. Port Connectivity Checks: "FIR:u_FIR_0|fir_3k4:u_fir_3k4_0"
 79. Port Connectivity Checks: "PLL_32M:u_PLL_32M_0"
 80. Post-Synthesis Netlist Statistics for Top Partition
 81. Elapsed Time Per Partition
 82. Analysis & Synthesis Messages



----------------
; Legal Notice ;
----------------
Copyright (C) 2017  Intel Corporation. All rights reserved.
Your use of Intel Corporation's design tools, logic functions 
and other software and tools, and its AMPP partner logic 
functions, and any output files from any of the foregoing 
(including device programming or simulation files), and any 
associated documentation or information are expressly subject 
to the terms and conditions of the Intel Program License 
Subscription Agreement, the Intel Quartus Prime License Agreement,
the Intel FPGA IP License Agreement, or other applicable license
agreement, including, without limitation, that your use is for
the sole purpose of programming logic devices manufactured by
Intel and sold by Intel or its authorized distributors.  Please
refer to the applicable agreement for further details.



+----------------------------------------------------------------------------------+
; Analysis & Synthesis Summary                                                     ;
+------------------------------------+---------------------------------------------+
; Analysis & Synthesis Status        ; Successful - Thu Jul 06 18:49:21 2023       ;
; Quartus Prime Version              ; 17.1.0 Build 590 10/25/2017 SJ Lite Edition ;
; Revision Name                      ; FIR_3k4_lowpass                             ;
; Top-level Entity Name              ; FIR_3k4_lowpass                             ;
; Family                             ; Cyclone IV E                                ;
; Total logic elements               ; 452                                         ;
;     Total combinational functions  ; 323                                         ;
;     Dedicated logic registers      ; 407                                         ;
; Total registers                    ; 407                                         ;
; Total pins                         ; 20                                          ;
; Total virtual pins                 ; 0                                           ;
; Total memory bits                  ; 49,840                                      ;
; Embedded Multiplier 9-bit elements ; 9                                           ;
; Total PLLs                         ; 1                                           ;
+------------------------------------+---------------------------------------------+


+----------------------------------------------------------------------------------------------------------------------+
; Analysis & Synthesis Settings                                                                                        ;
+----------------------------------------------------------------------------+--------------------+--------------------+
; Option                                                                     ; Setting            ; Default Value      ;
+----------------------------------------------------------------------------+--------------------+--------------------+
; Device                                                                     ; EP4CE6F17C8        ;                    ;
; Top-level entity name                                                      ; FIR_3k4_lowpass    ; FIR_3k4_lowpass    ;
; Family name                                                                ; Cyclone IV E       ; Cyclone V          ;
; Use smart compilation                                                      ; Off                ; Off                ;
; Enable parallel Assembler and TimeQuest Timing Analyzer during compilation ; On                 ; On                 ;
; Enable compact report table                                                ; Off                ; Off                ;
; Restructure Multiplexers                                                   ; Auto               ; Auto               ;
; Create Debugging Nodes for IP Cores                                        ; Off                ; Off                ;
; Preserve fewer node names                                                  ; On                 ; On                 ;
; Intel FPGA IP Evaluation Mode                                              ; Enable             ; Enable             ;
; Verilog Version                                                            ; Verilog_2001       ; Verilog_2001       ;
; VHDL Version                                                               ; VHDL_1993          ; VHDL_1993          ;
; State Machine Processing                                                   ; Auto               ; Auto               ;
; Safe State Machine                                                         ; Off                ; Off                ;
; Extract Verilog State Machines                                             ; On                 ; On                 ;
; Extract VHDL State Machines                                                ; On                 ; On                 ;
; Ignore Verilog initial constructs                                          ; Off                ; Off                ;
; Iteration limit for constant Verilog loops                                 ; 5000               ; 5000               ;
; Iteration limit for non-constant Verilog loops                             ; 250                ; 250                ;
; Add Pass-Through Logic to Inferred RAMs                                    ; On                 ; On                 ;
; Infer RAMs from Raw Logic                                                  ; On                 ; On                 ;
; Parallel Synthesis                                                         ; On                 ; On                 ;
; DSP Block Balancing                                                        ; Auto               ; Auto               ;
; NOT Gate Push-Back                                                         ; On                 ; On                 ;
; Power-Up Don't Care                                                        ; On                 ; On                 ;
; Remove Redundant Logic Cells                                               ; Off                ; Off                ;
; Remove Duplicate Registers                                                 ; On                 ; On                 ;
; Ignore CARRY Buffers                                                       ; Off                ; Off                ;
; Ignore CASCADE Buffers                                                     ; Off                ; Off                ;
; Ignore GLOBAL Buffers                                                      ; Off                ; Off                ;
; Ignore ROW GLOBAL Buffers                                                  ; Off                ; Off                ;
; Ignore LCELL Buffers                                                       ; Off                ; Off                ;
; Ignore SOFT Buffers                                                        ; On                 ; On                 ;
; Limit AHDL Integers to 32 Bits                                             ; Off                ; Off                ;
; Optimization Technique                                                     ; Balanced           ; Balanced           ;
; Carry Chain Length                                                         ; 70                 ; 70                 ;
; Auto Carry Chains                                                          ; On                 ; On                 ;
; Auto Open-Drain Pins                                                       ; On                 ; On                 ;
; Perform WYSIWYG Primitive Resynthesis                                      ; Off                ; Off                ;
; Auto ROM Replacement                                                       ; On                 ; On                 ;
; Auto RAM Replacement                                                       ; On                 ; On                 ;
; Auto DSP Block Replacement                                                 ; On                 ; On                 ;
; Auto Shift Register Replacement                                            ; Auto               ; Auto               ;
; Allow Shift Register Merging across Hierarchies                            ; Auto               ; Auto               ;
; Auto Clock Enable Replacement                                              ; On                 ; On                 ;
; Strict RAM Replacement                                                     ; Off                ; Off                ;
; Allow Synchronous Control Signals                                          ; On                 ; On                 ;
; Force Use of Synchronous Clear Signals                                     ; Off                ; Off                ;
; Auto RAM Block Balancing                                                   ; On                 ; On                 ;
; Auto RAM to Logic Cell Conversion                                          ; Off                ; Off                ;
; Auto Resource Sharing                                                      ; Off                ; Off                ;
; Allow Any RAM Size For Recognition                                         ; Off                ; Off                ;
; Allow Any ROM Size For Recognition                                         ; Off                ; Off                ;
; Allow Any Shift Register Size For Recognition                              ; Off                ; Off                ;
; Use LogicLock Constraints during Resource Balancing                        ; On                 ; On                 ;
; Ignore translate_off and synthesis_off directives                          ; Off                ; Off                ;
; Timing-Driven Synthesis                                                    ; On                 ; On                 ;
; Report Parameter Settings                                                  ; On                 ; On                 ;
; Report Source Assignments                                                  ; On                 ; On                 ;
; Report Connectivity Checks                                                 ; On                 ; On                 ;
; Ignore Maximum Fan-Out Assignments                                         ; Off                ; Off                ;
; Synchronization Register Chain Length                                      ; 2                  ; 2                  ;
; Power Optimization During Synthesis                                        ; Normal compilation ; Normal compilation ;
; HDL message level                                                          ; Level2             ; Level2             ;
; Suppress Register Optimization Related Messages                            ; Off                ; Off                ;
; Number of Removed Registers Reported in Synthesis Report                   ; 5000               ; 5000               ;
; Number of Swept Nodes Reported in Synthesis Report                         ; 5000               ; 5000               ;
; Number of Inverted Registers Reported in Synthesis Report                  ; 100                ; 100                ;
; Clock MUX Protection                                                       ; On                 ; On                 ;
; Auto Gated Clock Conversion                                                ; Off                ; Off                ;
; Block Design Naming                                                        ; Auto               ; Auto               ;
; SDC constraint protection                                                  ; Off                ; Off                ;
; Synthesis Effort                                                           ; Auto               ; Auto               ;
; Shift Register Replacement - Allow Asynchronous Clear Signal               ; On                 ; On                 ;
; Pre-Mapping Resynthesis Optimization                                       ; Off                ; Off                ;
; Analysis & Synthesis Message Level                                         ; Medium             ; Medium             ;
; Disable Register Merging Across Hierarchies                                ; Auto               ; Auto               ;
; Resource Aware Inference For Block RAM                                     ; On                 ; On                 ;
+----------------------------------------------------------------------------+--------------------+--------------------+


+------------------------------------------+
; Parallel Compilation                     ;
+----------------------------+-------------+
; Processors                 ; Number      ;
+----------------------------+-------------+
; Number detected on machine ; 20          ;
; Maximum allowed            ; 14          ;
;                            ;             ;
; Average used               ; 1.00        ;
; Maximum used               ; 14          ;
;                            ;             ;
; Usage by Processor         ; % Time Used ;
;     Processor 1            ; 100.0%      ;
;     Processor 2            ;   0.0%      ;
;     Processor 3            ;   0.0%      ;
;     Processor 4            ;   0.0%      ;
;     Processor 5            ;   0.0%      ;
;     Processors 6-14        ;   0.0%      ;
+----------------------------+-------------+


+---------------------------------------------------------------------------------------------------------------------------------------------------------------------------------------------------------------------+
; Analysis & Synthesis Source Files Read                                                                                                                                                                              ;
+---------------------------------------------------------+-----------------+------------------------------+------------------------------------------------------------------------------------------------+---------+
; File Name with User-Entered Path                        ; Used in Netlist ; File Type                    ; File Name with Absolute Path                                                                   ; Library ;
+---------------------------------------------------------+-----------------+------------------------------+------------------------------------------------------------------------------------------------+---------+
; FIR_3k4_lowpass.v                                       ; yes             ; User Verilog HDL File        ; D:/intelFPGA_lite/test/FIR_3k4_lowpass/FIR_3k4_lowpass.v                                       ;         ;
; FIR.v                                                   ; yes             ; User Verilog HDL File        ; D:/intelFPGA_lite/test/FIR_3k4_lowpass/FIR.v                                                   ;         ;
; PLL_32M.v                                               ; yes             ; User Wizard-Generated File   ; D:/intelFPGA_lite/test/FIR_3k4_lowpass/PLL_32M.v                                               ;         ;
; fir_3k4.v                                               ; yes             ; User Wizard-Generated File   ; D:/intelFPGA_lite/test/FIR_3k4_lowpass/fir_3k4.v                                               ; fir_3k4 ;
; fir_3k4/dspba_library_package.vhd                       ; yes             ; User VHDL File               ; D:/intelFPGA_lite/test/FIR_3k4_lowpass/fir_3k4/dspba_library_package.vhd                       ; fir_3k4 ;
; fir_3k4/dspba_library.vhd                               ; yes             ; User VHDL File               ; D:/intelFPGA_lite/test/FIR_3k4_lowpass/fir_3k4/dspba_library.vhd                               ; fir_3k4 ;
; fir_3k4/auk_dspip_math_pkg_hpfir.vhd                    ; yes             ; User VHDL File               ; D:/intelFPGA_lite/test/FIR_3k4_lowpass/fir_3k4/auk_dspip_math_pkg_hpfir.vhd                    ; fir_3k4 ;
; fir_3k4/auk_dspip_lib_pkg_hpfir.vhd                     ; yes             ; User VHDL File               ; D:/intelFPGA_lite/test/FIR_3k4_lowpass/fir_3k4/auk_dspip_lib_pkg_hpfir.vhd                     ; fir_3k4 ;
; fir_3k4/auk_dspip_avalon_streaming_controller_hpfir.vhd ; yes             ; User VHDL File               ; D:/intelFPGA_lite/test/FIR_3k4_lowpass/fir_3k4/auk_dspip_avalon_streaming_controller_hpfir.vhd ; fir_3k4 ;
; fir_3k4/auk_dspip_avalon_streaming_sink_hpfir.vhd       ; yes             ; User VHDL File               ; D:/intelFPGA_lite/test/FIR_3k4_lowpass/fir_3k4/auk_dspip_avalon_streaming_sink_hpfir.vhd       ; fir_3k4 ;
; fir_3k4/auk_dspip_avalon_streaming_source_hpfir.vhd     ; yes             ; User VHDL File               ; D:/intelFPGA_lite/test/FIR_3k4_lowpass/fir_3k4/auk_dspip_avalon_streaming_source_hpfir.vhd     ; fir_3k4 ;
; fir_3k4/auk_dspip_roundsat_hpfir.vhd                    ; yes             ; User VHDL File               ; D:/intelFPGA_lite/test/FIR_3k4_lowpass/fir_3k4/auk_dspip_roundsat_hpfir.vhd                    ; fir_3k4 ;
; fir_3k4/fir_3k4_0002_rtl_core.vhd                       ; yes             ; User VHDL File               ; D:/intelFPGA_lite/test/FIR_3k4_lowpass/fir_3k4/fir_3k4_0002_rtl_core.vhd                       ; fir_3k4 ;
; fir_3k4/fir_3k4_0002_ast.vhd                            ; yes             ; User VHDL File               ; D:/intelFPGA_lite/test/FIR_3k4_lowpass/fir_3k4/fir_3k4_0002_ast.vhd                            ; fir_3k4 ;
; fir_3k4/fir_3k4_0002.vhd                                ; yes             ; User VHDL File               ; D:/intelFPGA_lite/test/FIR_3k4_lowpass/fir_3k4/fir_3k4_0002.vhd                                ; fir_3k4 ;
; altpll.tdf                                              ; yes             ; Megafunction                 ; d:/intelfpga_lite/17.1/quartus/libraries/megafunctions/altpll.tdf                              ;         ;
; aglobal171.inc                                          ; yes             ; Megafunction                 ; d:/intelfpga_lite/17.1/quartus/libraries/megafunctions/aglobal171.inc                          ;         ;
; stratix_pll.inc                                         ; yes             ; Megafunction                 ; d:/intelfpga_lite/17.1/quartus/libraries/megafunctions/stratix_pll.inc                         ;         ;
; stratixii_pll.inc                                       ; yes             ; Megafunction                 ; d:/intelfpga_lite/17.1/quartus/libraries/megafunctions/stratixii_pll.inc                       ;         ;
; cycloneii_pll.inc                                       ; yes             ; Megafunction                 ; d:/intelfpga_lite/17.1/quartus/libraries/megafunctions/cycloneii_pll.inc                       ;         ;
; db/pll_32m_altpll.v                                     ; yes             ; Auto-Generated Megafunction  ; D:/intelFPGA_lite/test/FIR_3k4_lowpass/db/pll_32m_altpll.v                                     ;         ;
; altsyncram.tdf                                          ; yes             ; Megafunction                 ; d:/intelfpga_lite/17.1/quartus/libraries/megafunctions/altsyncram.tdf                          ;         ;
; stratix_ram_block.inc                                   ; yes             ; Megafunction                 ; d:/intelfpga_lite/17.1/quartus/libraries/megafunctions/stratix_ram_block.inc                   ;         ;
; lpm_mux.inc                                             ; yes             ; Megafunction                 ; d:/intelfpga_lite/17.1/quartus/libraries/megafunctions/lpm_mux.inc                             ;         ;
; lpm_decode.inc                                          ; yes             ; Megafunction                 ; d:/intelfpga_lite/17.1/quartus/libraries/megafunctions/lpm_decode.inc                          ;         ;
; a_rdenreg.inc                                           ; yes             ; Megafunction                 ; d:/intelfpga_lite/17.1/quartus/libraries/megafunctions/a_rdenreg.inc                           ;         ;
; altrom.inc                                              ; yes             ; Megafunction                 ; d:/intelfpga_lite/17.1/quartus/libraries/megafunctions/altrom.inc                              ;         ;
; altram.inc                                              ; yes             ; Megafunction                 ; d:/intelfpga_lite/17.1/quartus/libraries/megafunctions/altram.inc                              ;         ;
; altdpram.inc                                            ; yes             ; Megafunction                 ; d:/intelfpga_lite/17.1/quartus/libraries/megafunctions/altdpram.inc                            ;         ;
; db/altsyncram_3bs3.tdf                                  ; yes             ; Auto-Generated Megafunction  ; D:/intelFPGA_lite/test/FIR_3k4_lowpass/db/altsyncram_3bs3.tdf                                  ;         ;
; db/altsyncram_cmn3.tdf                                  ; yes             ; Auto-Generated Megafunction  ; D:/intelFPGA_lite/test/FIR_3k4_lowpass/db/altsyncram_cmn3.tdf                                  ;         ;
; db/altsyncram_gpn3.tdf                                  ; yes             ; Auto-Generated Megafunction  ; D:/intelFPGA_lite/test/FIR_3k4_lowpass/db/altsyncram_gpn3.tdf                                  ;         ;
; db/altsyncram_miq3.tdf                                  ; yes             ; Auto-Generated Megafunction  ; D:/intelFPGA_lite/test/FIR_3k4_lowpass/db/altsyncram_miq3.tdf                                  ;         ;
; lpm_mult.tdf                                            ; yes             ; Megafunction                 ; d:/intelfpga_lite/17.1/quartus/libraries/megafunctions/lpm_mult.tdf                            ;         ;
; lpm_add_sub.inc                                         ; yes             ; Megafunction                 ; d:/intelfpga_lite/17.1/quartus/libraries/megafunctions/lpm_add_sub.inc                         ;         ;
; multcore.inc                                            ; yes             ; Megafunction                 ; d:/intelfpga_lite/17.1/quartus/libraries/megafunctions/multcore.inc                            ;         ;
; bypassff.inc                                            ; yes             ; Megafunction                 ; d:/intelfpga_lite/17.1/quartus/libraries/megafunctions/bypassff.inc                            ;         ;
; altshift.inc                                            ; yes             ; Megafunction                 ; d:/intelfpga_lite/17.1/quartus/libraries/megafunctions/altshift.inc                            ;         ;
; db/mult_9bu.tdf                                         ; yes             ; Auto-Generated Megafunction  ; D:/intelFPGA_lite/test/FIR_3k4_lowpass/db/mult_9bu.tdf                                         ;         ;
; db/altsyncram_niq3.tdf                                  ; yes             ; Auto-Generated Megafunction  ; D:/intelFPGA_lite/test/FIR_3k4_lowpass/db/altsyncram_niq3.tdf                                  ;         ;
; db/altsyncram_oiq3.tdf                                  ; yes             ; Auto-Generated Megafunction  ; D:/intelFPGA_lite/test/FIR_3k4_lowpass/db/altsyncram_oiq3.tdf                                  ;         ;
; db/altsyncram_piq3.tdf                                  ; yes             ; Auto-Generated Megafunction  ; D:/intelFPGA_lite/test/FIR_3k4_lowpass/db/altsyncram_piq3.tdf                                  ;         ;
; db/altsyncram_1kq3.tdf                                  ; yes             ; Auto-Generated Megafunction  ; D:/intelFPGA_lite/test/FIR_3k4_lowpass/db/altsyncram_1kq3.tdf                                  ;         ;
; db/altsyncram_2kq3.tdf                                  ; yes             ; Auto-Generated Megafunction  ; D:/intelFPGA_lite/test/FIR_3k4_lowpass/db/altsyncram_2kq3.tdf                                  ;         ;
; db/altsyncram_3kq3.tdf                                  ; yes             ; Auto-Generated Megafunction  ; D:/intelFPGA_lite/test/FIR_3k4_lowpass/db/altsyncram_3kq3.tdf                                  ;         ;
; db/altsyncram_4kq3.tdf                                  ; yes             ; Auto-Generated Megafunction  ; D:/intelFPGA_lite/test/FIR_3k4_lowpass/db/altsyncram_4kq3.tdf                                  ;         ;
; db/altsyncram_5kq3.tdf                                  ; yes             ; Auto-Generated Megafunction  ; D:/intelFPGA_lite/test/FIR_3k4_lowpass/db/altsyncram_5kq3.tdf                                  ;         ;
; db/altsyncram_6pn3.tdf                                  ; yes             ; Auto-Generated Megafunction  ; D:/intelFPGA_lite/test/FIR_3k4_lowpass/db/altsyncram_6pn3.tdf                                  ;         ;
+---------------------------------------------------------+-----------------+------------------------------+------------------------------------------------------------------------------------------------+---------+


+-------------------------------------------------------------+
; Analysis & Synthesis Resource Usage Summary                 ;
+---------------------------------------------+---------------+
; Resource                                    ; Usage         ;
+---------------------------------------------+---------------+
; Estimated Total logic elements              ; 452           ;
;                                             ;               ;
; Total combinational functions               ; 323           ;
; Logic element usage by number of LUT inputs ;               ;
;     -- 4 input functions                    ; 18            ;
;     -- 3 input functions                    ; 196           ;
;     -- <=2 input functions                  ; 109           ;
;                                             ;               ;
; Logic elements by mode                      ;               ;
;     -- normal mode                          ; 78            ;
;     -- arithmetic mode                      ; 245           ;
;                                             ;               ;
; Total registers                             ; 407           ;
;     -- Dedicated logic registers            ; 407           ;
;     -- I/O registers                        ; 0             ;
;                                             ;               ;
; I/O pins                                    ; 20            ;
; Total memory bits                           ; 49840         ;
;                                             ;               ;
; Embedded Multiplier 9-bit elements          ; 9             ;
;                                             ;               ;
; Total PLLs                                  ; 1             ;
;     -- PLLs                                 ; 1             ;
;                                             ;               ;
; Maximum fan-out node                        ; clk_50M~input ;
; Maximum fan-out                             ; 627           ;
; Total fan-out                               ; 5540          ;
; Average fan-out                             ; 5.60          ;
+---------------------------------------------+---------------+


+-----------------------------------------------------------------------------------------------------------------------------------------------------------------------------------------------------------------------------------------------------------------------------------------------------------------------------------------------------------------------------------------------------------------------------------------------------------------------------------------------------------------------------------+
; Analysis & Synthesis Resource Utilization by Entity                                                                                                                                                                                                                                                                                                                                                                                                                                                                               ;
+-----------------------------------------------------------------------------+---------------------+---------------------------+-------------+--------------+---------+-----------+------+--------------+-----------------------------------------------------------------------------------------------------------------------------------------------------------------------------------------------------------------------------------------------------------------+-----------------------------------------+--------------+
; Compilation Hierarchy Node                                                  ; Combinational ALUTs ; Dedicated Logic Registers ; Memory Bits ; DSP Elements ; DSP 9x9 ; DSP 18x18 ; Pins ; Virtual Pins ; Full Hierarchy Name                                                                                                                                                                                                                                             ; Entity Name                             ; Library Name ;
+-----------------------------------------------------------------------------+---------------------+---------------------------+-------------+--------------+---------+-----------+------+--------------+-----------------------------------------------------------------------------------------------------------------------------------------------------------------------------------------------------------------------------------------------------------------+-----------------------------------------+--------------+
; |FIR_3k4_lowpass                                                            ; 323 (0)             ; 407 (0)                   ; 49840       ; 9            ; 9       ; 0         ; 20   ; 0            ; |FIR_3k4_lowpass                                                                                                                                                                                                                                                ; FIR_3k4_lowpass                         ; work         ;
;    |FIR:u_FIR_0|                                                            ; 323 (20)            ; 407 (19)                  ; 49840       ; 9            ; 9       ; 0         ; 0    ; 0            ; |FIR_3k4_lowpass|FIR:u_FIR_0                                                                                                                                                                                                                                    ; FIR                                     ; work         ;
;       |fir_3k4:u_fir_3k4_0|                                                 ; 303 (0)             ; 388 (0)                   ; 49840       ; 9            ; 9       ; 0         ; 0    ; 0            ; |FIR_3k4_lowpass|FIR:u_FIR_0|fir_3k4:u_fir_3k4_0                                                                                                                                                                                                                ; fir_3k4                                 ; fir_3k4      ;
;          |fir_3k4_0002:fir_3k4_inst|                                        ; 303 (0)             ; 388 (0)                   ; 49840       ; 9            ; 9       ; 0         ; 0    ; 0            ; |FIR_3k4_lowpass|FIR:u_FIR_0|fir_3k4:u_fir_3k4_0|fir_3k4_0002:fir_3k4_inst                                                                                                                                                                                      ; fir_3k4_0002                            ; fir_3k4      ;
;             |fir_3k4_0002_ast:fir_3k4_0002_ast_inst|                        ; 303 (0)             ; 388 (0)                   ; 49840       ; 9            ; 9       ; 0         ; 0    ; 0            ; |FIR_3k4_lowpass|FIR:u_FIR_0|fir_3k4:u_fir_3k4_0|fir_3k4_0002:fir_3k4_inst|fir_3k4_0002_ast:fir_3k4_0002_ast_inst                                                                                                                                               ; fir_3k4_0002_ast                        ; fir_3k4      ;
;                |auk_dspip_avalon_streaming_source_hpfir:source|             ; 0 (0)               ; 8 (8)                     ; 0           ; 0            ; 0       ; 0         ; 0    ; 0            ; |FIR_3k4_lowpass|FIR:u_FIR_0|fir_3k4:u_fir_3k4_0|fir_3k4_0002:fir_3k4_inst|fir_3k4_0002_ast:fir_3k4_0002_ast_inst|auk_dspip_avalon_streaming_source_hpfir:source                                                                                                ; auk_dspip_avalon_streaming_source_hpfir ; fir_3k4      ;
;                |fir_3k4_0002_rtl_core:\real_passthrough:hpfircore_core|     ; 303 (303)           ; 380 (267)                 ; 49840       ; 9            ; 9       ; 0         ; 0    ; 0            ; |FIR_3k4_lowpass|FIR:u_FIR_0|fir_3k4:u_fir_3k4_0|fir_3k4_0002:fir_3k4_inst|fir_3k4_0002_ast:fir_3k4_0002_ast_inst|fir_3k4_0002_rtl_core:\real_passthrough:hpfircore_core                                                                                        ; fir_3k4_0002_rtl_core                   ; fir_3k4      ;
;                   |altsyncram:u0_m0_wo0_cm10_lutmem_dmem|                   ; 0 (0)               ; 0 (0)                     ; 1912        ; 0            ; 0       ; 0         ; 0    ; 0            ; |FIR_3k4_lowpass|FIR:u_FIR_0|fir_3k4:u_fir_3k4_0|fir_3k4_0002:fir_3k4_inst|fir_3k4_0002_ast:fir_3k4_0002_ast_inst|fir_3k4_0002_rtl_core:\real_passthrough:hpfircore_core|altsyncram:u0_m0_wo0_cm10_lutmem_dmem                                                  ; altsyncram                              ; work         ;
;                      |altsyncram_1kq3:auto_generated|                       ; 0 (0)               ; 0 (0)                     ; 1912        ; 0            ; 0       ; 0         ; 0    ; 0            ; |FIR_3k4_lowpass|FIR:u_FIR_0|fir_3k4:u_fir_3k4_0|fir_3k4_0002:fir_3k4_inst|fir_3k4_0002_ast:fir_3k4_0002_ast_inst|fir_3k4_0002_rtl_core:\real_passthrough:hpfircore_core|altsyncram:u0_m0_wo0_cm10_lutmem_dmem|altsyncram_1kq3:auto_generated                   ; altsyncram_1kq3                         ; work         ;
;                   |altsyncram:u0_m0_wo0_cm11_lutmem_dmem|                   ; 0 (0)               ; 0 (0)                     ; 1912        ; 0            ; 0       ; 0         ; 0    ; 0            ; |FIR_3k4_lowpass|FIR:u_FIR_0|fir_3k4:u_fir_3k4_0|fir_3k4_0002:fir_3k4_inst|fir_3k4_0002_ast:fir_3k4_0002_ast_inst|fir_3k4_0002_rtl_core:\real_passthrough:hpfircore_core|altsyncram:u0_m0_wo0_cm11_lutmem_dmem                                                  ; altsyncram                              ; work         ;
;                      |altsyncram_2kq3:auto_generated|                       ; 0 (0)               ; 0 (0)                     ; 1912        ; 0            ; 0       ; 0         ; 0    ; 0            ; |FIR_3k4_lowpass|FIR:u_FIR_0|fir_3k4:u_fir_3k4_0|fir_3k4_0002:fir_3k4_inst|fir_3k4_0002_ast:fir_3k4_0002_ast_inst|fir_3k4_0002_rtl_core:\real_passthrough:hpfircore_core|altsyncram:u0_m0_wo0_cm11_lutmem_dmem|altsyncram_2kq3:auto_generated                   ; altsyncram_2kq3                         ; work         ;
;                   |altsyncram:u0_m0_wo0_cm12_lutmem_dmem|                   ; 0 (0)               ; 0 (0)                     ; 1912        ; 0            ; 0       ; 0         ; 0    ; 0            ; |FIR_3k4_lowpass|FIR:u_FIR_0|fir_3k4:u_fir_3k4_0|fir_3k4_0002:fir_3k4_inst|fir_3k4_0002_ast:fir_3k4_0002_ast_inst|fir_3k4_0002_rtl_core:\real_passthrough:hpfircore_core|altsyncram:u0_m0_wo0_cm12_lutmem_dmem                                                  ; altsyncram                              ; work         ;
;                      |altsyncram_3kq3:auto_generated|                       ; 0 (0)               ; 0 (0)                     ; 1912        ; 0            ; 0       ; 0         ; 0    ; 0            ; |FIR_3k4_lowpass|FIR:u_FIR_0|fir_3k4:u_fir_3k4_0|fir_3k4_0002:fir_3k4_inst|fir_3k4_0002_ast:fir_3k4_0002_ast_inst|fir_3k4_0002_rtl_core:\real_passthrough:hpfircore_core|altsyncram:u0_m0_wo0_cm12_lutmem_dmem|altsyncram_3kq3:auto_generated                   ; altsyncram_3kq3                         ; work         ;
;                   |altsyncram:u0_m0_wo0_cm13_lutmem_dmem|                   ; 0 (0)               ; 0 (0)                     ; 1912        ; 0            ; 0       ; 0         ; 0    ; 0            ; |FIR_3k4_lowpass|FIR:u_FIR_0|fir_3k4:u_fir_3k4_0|fir_3k4_0002:fir_3k4_inst|fir_3k4_0002_ast:fir_3k4_0002_ast_inst|fir_3k4_0002_rtl_core:\real_passthrough:hpfircore_core|altsyncram:u0_m0_wo0_cm13_lutmem_dmem                                                  ; altsyncram                              ; work         ;
;                      |altsyncram_4kq3:auto_generated|                       ; 0 (0)               ; 0 (0)                     ; 1912        ; 0            ; 0       ; 0         ; 0    ; 0            ; |FIR_3k4_lowpass|FIR:u_FIR_0|fir_3k4:u_fir_3k4_0|fir_3k4_0002:fir_3k4_inst|fir_3k4_0002_ast:fir_3k4_0002_ast_inst|fir_3k4_0002_rtl_core:\real_passthrough:hpfircore_core|altsyncram:u0_m0_wo0_cm13_lutmem_dmem|altsyncram_4kq3:auto_generated                   ; altsyncram_4kq3                         ; work         ;
;                   |altsyncram:u0_m0_wo0_cm14_lutmem_dmem|                   ; 0 (0)               ; 0 (0)                     ; 1912        ; 0            ; 0       ; 0         ; 0    ; 0            ; |FIR_3k4_lowpass|FIR:u_FIR_0|fir_3k4:u_fir_3k4_0|fir_3k4_0002:fir_3k4_inst|fir_3k4_0002_ast:fir_3k4_0002_ast_inst|fir_3k4_0002_rtl_core:\real_passthrough:hpfircore_core|altsyncram:u0_m0_wo0_cm14_lutmem_dmem                                                  ; altsyncram                              ; work         ;
;                      |altsyncram_5kq3:auto_generated|                       ; 0 (0)               ; 0 (0)                     ; 1912        ; 0            ; 0       ; 0         ; 0    ; 0            ; |FIR_3k4_lowpass|FIR:u_FIR_0|fir_3k4:u_fir_3k4_0|fir_3k4_0002:fir_3k4_inst|fir_3k4_0002_ast:fir_3k4_0002_ast_inst|fir_3k4_0002_rtl_core:\real_passthrough:hpfircore_core|altsyncram:u0_m0_wo0_cm14_lutmem_dmem|altsyncram_5kq3:auto_generated                   ; altsyncram_5kq3                         ; work         ;
;                   |altsyncram:u0_m0_wo0_cm6_lutmem_dmem|                    ; 0 (0)               ; 0 (0)                     ; 1912        ; 0            ; 0       ; 0         ; 0    ; 0            ; |FIR_3k4_lowpass|FIR:u_FIR_0|fir_3k4:u_fir_3k4_0|fir_3k4_0002:fir_3k4_inst|fir_3k4_0002_ast:fir_3k4_0002_ast_inst|fir_3k4_0002_rtl_core:\real_passthrough:hpfircore_core|altsyncram:u0_m0_wo0_cm6_lutmem_dmem                                                   ; altsyncram                              ; work         ;
;                      |altsyncram_miq3:auto_generated|                       ; 0 (0)               ; 0 (0)                     ; 1912        ; 0            ; 0       ; 0         ; 0    ; 0            ; |FIR_3k4_lowpass|FIR:u_FIR_0|fir_3k4:u_fir_3k4_0|fir_3k4_0002:fir_3k4_inst|fir_3k4_0002_ast:fir_3k4_0002_ast_inst|fir_3k4_0002_rtl_core:\real_passthrough:hpfircore_core|altsyncram:u0_m0_wo0_cm6_lutmem_dmem|altsyncram_miq3:auto_generated                    ; altsyncram_miq3                         ; work         ;
;                   |altsyncram:u0_m0_wo0_cm7_lutmem_dmem|                    ; 0 (0)               ; 0 (0)                     ; 1912        ; 0            ; 0       ; 0         ; 0    ; 0            ; |FIR_3k4_lowpass|FIR:u_FIR_0|fir_3k4:u_fir_3k4_0|fir_3k4_0002:fir_3k4_inst|fir_3k4_0002_ast:fir_3k4_0002_ast_inst|fir_3k4_0002_rtl_core:\real_passthrough:hpfircore_core|altsyncram:u0_m0_wo0_cm7_lutmem_dmem                                                   ; altsyncram                              ; work         ;
;                      |altsyncram_niq3:auto_generated|                       ; 0 (0)               ; 0 (0)                     ; 1912        ; 0            ; 0       ; 0         ; 0    ; 0            ; |FIR_3k4_lowpass|FIR:u_FIR_0|fir_3k4:u_fir_3k4_0|fir_3k4_0002:fir_3k4_inst|fir_3k4_0002_ast:fir_3k4_0002_ast_inst|fir_3k4_0002_rtl_core:\real_passthrough:hpfircore_core|altsyncram:u0_m0_wo0_cm7_lutmem_dmem|altsyncram_niq3:auto_generated                    ; altsyncram_niq3                         ; work         ;
;                   |altsyncram:u0_m0_wo0_cm8_lutmem_dmem|                    ; 0 (0)               ; 0 (0)                     ; 1912        ; 0            ; 0       ; 0         ; 0    ; 0            ; |FIR_3k4_lowpass|FIR:u_FIR_0|fir_3k4:u_fir_3k4_0|fir_3k4_0002:fir_3k4_inst|fir_3k4_0002_ast:fir_3k4_0002_ast_inst|fir_3k4_0002_rtl_core:\real_passthrough:hpfircore_core|altsyncram:u0_m0_wo0_cm8_lutmem_dmem                                                   ; altsyncram                              ; work         ;
;                      |altsyncram_oiq3:auto_generated|                       ; 0 (0)               ; 0 (0)                     ; 1912        ; 0            ; 0       ; 0         ; 0    ; 0            ; |FIR_3k4_lowpass|FIR:u_FIR_0|fir_3k4:u_fir_3k4_0|fir_3k4_0002:fir_3k4_inst|fir_3k4_0002_ast:fir_3k4_0002_ast_inst|fir_3k4_0002_rtl_core:\real_passthrough:hpfircore_core|altsyncram:u0_m0_wo0_cm8_lutmem_dmem|altsyncram_oiq3:auto_generated                    ; altsyncram_oiq3                         ; work         ;
;                   |altsyncram:u0_m0_wo0_cm9_lutmem_dmem|                    ; 0 (0)               ; 0 (0)                     ; 1912        ; 0            ; 0       ; 0         ; 0    ; 0            ; |FIR_3k4_lowpass|FIR:u_FIR_0|fir_3k4:u_fir_3k4_0|fir_3k4_0002:fir_3k4_inst|fir_3k4_0002_ast:fir_3k4_0002_ast_inst|fir_3k4_0002_rtl_core:\real_passthrough:hpfircore_core|altsyncram:u0_m0_wo0_cm9_lutmem_dmem                                                   ; altsyncram                              ; work         ;
;                      |altsyncram_piq3:auto_generated|                       ; 0 (0)               ; 0 (0)                     ; 1912        ; 0            ; 0       ; 0         ; 0    ; 0            ; |FIR_3k4_lowpass|FIR:u_FIR_0|fir_3k4:u_fir_3k4_0|fir_3k4_0002:fir_3k4_inst|fir_3k4_0002_ast:fir_3k4_0002_ast_inst|fir_3k4_0002_rtl_core:\real_passthrough:hpfircore_core|altsyncram:u0_m0_wo0_cm9_lutmem_dmem|altsyncram_piq3:auto_generated                    ; altsyncram_piq3                         ; work         ;
;                   |altsyncram:u0_m0_wo0_wi0_r0_memr0_dmem|                  ; 0 (0)               ; 0 (0)                     ; 2048        ; 0            ; 0       ; 0         ; 0    ; 0            ; |FIR_3k4_lowpass|FIR:u_FIR_0|fir_3k4:u_fir_3k4_0|fir_3k4_0002:fir_3k4_inst|fir_3k4_0002_ast:fir_3k4_0002_ast_inst|fir_3k4_0002_rtl_core:\real_passthrough:hpfircore_core|altsyncram:u0_m0_wo0_wi0_r0_memr0_dmem                                                 ; altsyncram                              ; work         ;
;                      |altsyncram_cmn3:auto_generated|                       ; 0 (0)               ; 0 (0)                     ; 2048        ; 0            ; 0       ; 0         ; 0    ; 0            ; |FIR_3k4_lowpass|FIR:u_FIR_0|fir_3k4:u_fir_3k4_0|fir_3k4_0002:fir_3k4_inst|fir_3k4_0002_ast:fir_3k4_0002_ast_inst|fir_3k4_0002_rtl_core:\real_passthrough:hpfircore_core|altsyncram:u0_m0_wo0_wi0_r0_memr0_dmem|altsyncram_cmn3:auto_generated                  ; altsyncram_cmn3                         ; work         ;
;                   |altsyncram:u0_m0_wo0_wi0_r0_memr1_dmem|                  ; 0 (0)               ; 0 (0)                     ; 16384       ; 0            ; 0       ; 0         ; 0    ; 0            ; |FIR_3k4_lowpass|FIR:u_FIR_0|fir_3k4:u_fir_3k4_0|fir_3k4_0002:fir_3k4_inst|fir_3k4_0002_ast:fir_3k4_0002_ast_inst|fir_3k4_0002_rtl_core:\real_passthrough:hpfircore_core|altsyncram:u0_m0_wo0_wi0_r0_memr1_dmem                                                 ; altsyncram                              ; work         ;
;                      |altsyncram_gpn3:auto_generated|                       ; 0 (0)               ; 0 (0)                     ; 16384       ; 0            ; 0       ; 0         ; 0    ; 0            ; |FIR_3k4_lowpass|FIR:u_FIR_0|fir_3k4:u_fir_3k4_0|fir_3k4_0002:fir_3k4_inst|fir_3k4_0002_ast:fir_3k4_0002_ast_inst|fir_3k4_0002_rtl_core:\real_passthrough:hpfircore_core|altsyncram:u0_m0_wo0_wi0_r0_memr1_dmem|altsyncram_gpn3:auto_generated                  ; altsyncram_gpn3                         ; work         ;
;                   |altsyncram:u0_m0_wo0_wi0_r0_memr9_dmem|                  ; 0 (0)               ; 0 (0)                     ; 12288       ; 0            ; 0       ; 0         ; 0    ; 0            ; |FIR_3k4_lowpass|FIR:u_FIR_0|fir_3k4:u_fir_3k4_0|fir_3k4_0002:fir_3k4_inst|fir_3k4_0002_ast:fir_3k4_0002_ast_inst|fir_3k4_0002_rtl_core:\real_passthrough:hpfircore_core|altsyncram:u0_m0_wo0_wi0_r0_memr9_dmem                                                 ; altsyncram                              ; work         ;
;                      |altsyncram_gpn3:auto_generated|                       ; 0 (0)               ; 0 (0)                     ; 12288       ; 0            ; 0       ; 0         ; 0    ; 0            ; |FIR_3k4_lowpass|FIR:u_FIR_0|fir_3k4:u_fir_3k4_0|fir_3k4_0002:fir_3k4_inst|fir_3k4_0002_ast:fir_3k4_0002_ast_inst|fir_3k4_0002_rtl_core:\real_passthrough:hpfircore_core|altsyncram:u0_m0_wo0_wi0_r0_memr9_dmem|altsyncram_gpn3:auto_generated                  ; altsyncram_gpn3                         ; work         ;
;                   |altsyncram:u0_m0_wo0_wi0_r0_ra20_count1_lut_lutmem_dmem| ; 0 (0)               ; 0 (0)                     ; 1912        ; 0            ; 0       ; 0         ; 0    ; 0            ; |FIR_3k4_lowpass|FIR:u_FIR_0|fir_3k4:u_fir_3k4_0|fir_3k4_0002:fir_3k4_inst|fir_3k4_0002_ast:fir_3k4_0002_ast_inst|fir_3k4_0002_rtl_core:\real_passthrough:hpfircore_core|altsyncram:u0_m0_wo0_wi0_r0_ra20_count1_lut_lutmem_dmem                                ; altsyncram                              ; work         ;
;                      |altsyncram_3bs3:auto_generated|                       ; 0 (0)               ; 0 (0)                     ; 1912        ; 0            ; 0       ; 0         ; 0    ; 0            ; |FIR_3k4_lowpass|FIR:u_FIR_0|fir_3k4:u_fir_3k4_0|fir_3k4_0002:fir_3k4_inst|fir_3k4_0002_ast:fir_3k4_0002_ast_inst|fir_3k4_0002_rtl_core:\real_passthrough:hpfircore_core|altsyncram:u0_m0_wo0_wi0_r0_ra20_count1_lut_lutmem_dmem|altsyncram_3bs3:auto_generated ; altsyncram_3bs3                         ; work         ;
;                   |dspba_delay:d_in0_m0_wi0_wo0_assign_id1_q_15|            ; 0 (0)               ; 5 (5)                     ; 0           ; 0            ; 0       ; 0         ; 0    ; 0            ; |FIR_3k4_lowpass|FIR:u_FIR_0|fir_3k4:u_fir_3k4_0|fir_3k4_0002:fir_3k4_inst|fir_3k4_0002_ast:fir_3k4_0002_ast_inst|fir_3k4_0002_rtl_core:\real_passthrough:hpfircore_core|dspba_delay:d_in0_m0_wi0_wo0_assign_id1_q_15                                           ; dspba_delay                             ; fir_3k4      ;
;                   |dspba_delay:d_u0_m0_wo0_ca20_q_14|                       ; 0 (0)               ; 8 (8)                     ; 0           ; 0            ; 0       ; 0         ; 0    ; 0            ; |FIR_3k4_lowpass|FIR:u_FIR_0|fir_3k4:u_fir_3k4_0|fir_3k4_0002:fir_3k4_inst|fir_3k4_0002_ast:fir_3k4_0002_ast_inst|fir_3k4_0002_rtl_core:\real_passthrough:hpfircore_core|dspba_delay:d_u0_m0_wo0_ca20_q_14                                                      ; dspba_delay                             ; fir_3k4      ;
;                   |dspba_delay:d_u0_m0_wo0_ca20_q_15|                       ; 0 (0)               ; 8 (8)                     ; 0           ; 0            ; 0       ; 0         ; 0    ; 0            ; |FIR_3k4_lowpass|FIR:u_FIR_0|fir_3k4:u_fir_3k4_0|fir_3k4_0002:fir_3k4_inst|fir_3k4_0002_ast:fir_3k4_0002_ast_inst|fir_3k4_0002_rtl_core:\real_passthrough:hpfircore_core|dspba_delay:d_u0_m0_wo0_ca20_q_15                                                      ; dspba_delay                             ; fir_3k4      ;
;                   |dspba_delay:d_u0_m0_wo0_compute_q_14|                    ; 0 (0)               ; 1 (1)                     ; 0           ; 0            ; 0       ; 0         ; 0    ; 0            ; |FIR_3k4_lowpass|FIR:u_FIR_0|fir_3k4:u_fir_3k4_0|fir_3k4_0002:fir_3k4_inst|fir_3k4_0002_ast:fir_3k4_0002_ast_inst|fir_3k4_0002_rtl_core:\real_passthrough:hpfircore_core|dspba_delay:d_u0_m0_wo0_compute_q_14                                                   ; dspba_delay                             ; fir_3k4      ;
;                   |dspba_delay:d_u0_m0_wo0_compute_q_20|                    ; 0 (0)               ; 6 (6)                     ; 0           ; 0            ; 0       ; 0         ; 0    ; 0            ; |FIR_3k4_lowpass|FIR:u_FIR_0|fir_3k4:u_fir_3k4_0|fir_3k4_0002:fir_3k4_inst|fir_3k4_0002_ast:fir_3k4_0002_ast_inst|fir_3k4_0002_rtl_core:\real_passthrough:hpfircore_core|dspba_delay:d_u0_m0_wo0_compute_q_20                                                   ; dspba_delay                             ; fir_3k4      ;
;                   |dspba_delay:d_u0_m0_wo0_compute_q_21|                    ; 0 (0)               ; 1 (1)                     ; 0           ; 0            ; 0       ; 0         ; 0    ; 0            ; |FIR_3k4_lowpass|FIR:u_FIR_0|fir_3k4:u_fir_3k4_0|fir_3k4_0002:fir_3k4_inst|fir_3k4_0002_ast:fir_3k4_0002_ast_inst|fir_3k4_0002_rtl_core:\real_passthrough:hpfircore_core|dspba_delay:d_u0_m0_wo0_compute_q_21                                                   ; dspba_delay                             ; fir_3k4      ;
;                   |dspba_delay:d_u0_m0_wo0_memread_q_13|                    ; 0 (0)               ; 1 (1)                     ; 0           ; 0            ; 0       ; 0         ; 0    ; 0            ; |FIR_3k4_lowpass|FIR:u_FIR_0|fir_3k4:u_fir_3k4_0|fir_3k4_0002:fir_3k4_inst|fir_3k4_0002_ast:fir_3k4_0002_ast_inst|fir_3k4_0002_rtl_core:\real_passthrough:hpfircore_core|dspba_delay:d_u0_m0_wo0_memread_q_13                                                   ; dspba_delay                             ; fir_3k4      ;
;                   |dspba_delay:d_u0_m0_wo0_memread_q_14|                    ; 0 (0)               ; 1 (1)                     ; 0           ; 0            ; 0       ; 0         ; 0    ; 0            ; |FIR_3k4_lowpass|FIR:u_FIR_0|fir_3k4:u_fir_3k4_0|fir_3k4_0002:fir_3k4_inst|fir_3k4_0002_ast:fir_3k4_0002_ast_inst|fir_3k4_0002_rtl_core:\real_passthrough:hpfircore_core|dspba_delay:d_u0_m0_wo0_memread_q_14                                                   ; dspba_delay                             ; fir_3k4      ;
;                   |dspba_delay:d_u0_m0_wo0_wi0_r0_split1_g_16|              ; 0 (0)               ; 8 (8)                     ; 0           ; 0            ; 0       ; 0         ; 0    ; 0            ; |FIR_3k4_lowpass|FIR:u_FIR_0|fir_3k4:u_fir_3k4_0|fir_3k4_0002:fir_3k4_inst|fir_3k4_0002_ast:fir_3k4_0002_ast_inst|fir_3k4_0002_rtl_core:\real_passthrough:hpfircore_core|dspba_delay:d_u0_m0_wo0_wi0_r0_split1_g_16                                             ; dspba_delay                             ; fir_3k4      ;
;                   |dspba_delay:d_u0_m0_wo0_wi0_r0_split9_f_17|              ; 0 (0)               ; 16 (16)                   ; 0           ; 0            ; 0       ; 0         ; 0    ; 0            ; |FIR_3k4_lowpass|FIR:u_FIR_0|fir_3k4:u_fir_3k4_0|fir_3k4_0002:fir_3k4_inst|fir_3k4_0002_ast:fir_3k4_0002_ast_inst|fir_3k4_0002_rtl_core:\real_passthrough:hpfircore_core|dspba_delay:d_u0_m0_wo0_wi0_r0_split9_f_17                                             ; dspba_delay                             ; fir_3k4      ;
;                   |dspba_delay:d_u0_m0_wo0_wi0_r0_split9_g_17|              ; 0 (0)               ; 16 (16)                   ; 0           ; 0            ; 0       ; 0         ; 0    ; 0            ; |FIR_3k4_lowpass|FIR:u_FIR_0|fir_3k4:u_fir_3k4_0|fir_3k4_0002:fir_3k4_inst|fir_3k4_0002_ast:fir_3k4_0002_ast_inst|fir_3k4_0002_rtl_core:\real_passthrough:hpfircore_core|dspba_delay:d_u0_m0_wo0_wi0_r0_split9_g_17                                             ; dspba_delay                             ; fir_3k4      ;
;                   |dspba_delay:d_xIn_0_15|                                  ; 0 (0)               ; 40 (40)                   ; 0           ; 0            ; 0       ; 0         ; 0    ; 0            ; |FIR_3k4_lowpass|FIR:u_FIR_0|fir_3k4:u_fir_3k4_0|fir_3k4_0002:fir_3k4_inst|fir_3k4_0002_ast:fir_3k4_0002_ast_inst|fir_3k4_0002_rtl_core:\real_passthrough:hpfircore_core|dspba_delay:d_xIn_0_15                                                                 ; dspba_delay                             ; fir_3k4      ;
;                   |dspba_delay:u0_m0_wo0_compute|                           ; 0 (0)               ; 1 (1)                     ; 0           ; 0            ; 0       ; 0         ; 0    ; 0            ; |FIR_3k4_lowpass|FIR:u_FIR_0|fir_3k4:u_fir_3k4_0|fir_3k4_0002:fir_3k4_inst|fir_3k4_0002_ast:fir_3k4_0002_ast_inst|fir_3k4_0002_rtl_core:\real_passthrough:hpfircore_core|dspba_delay:u0_m0_wo0_compute                                                          ; dspba_delay                             ; fir_3k4      ;
;                   |dspba_delay:u0_m0_wo0_memread|                           ; 0 (0)               ; 1 (1)                     ; 0           ; 0            ; 0       ; 0         ; 0    ; 0            ; |FIR_3k4_lowpass|FIR:u_FIR_0|fir_3k4:u_fir_3k4_0|fir_3k4_0002:fir_3k4_inst|fir_3k4_0002_ast:fir_3k4_0002_ast_inst|fir_3k4_0002_rtl_core:\real_passthrough:hpfircore_core|dspba_delay:u0_m0_wo0_memread                                                          ; dspba_delay                             ; fir_3k4      ;
;                   |lpm_mult:u0_m0_wo0_mtree_mult1_10_component|             ; 0 (0)               ; 0 (0)                     ; 0           ; 1            ; 1       ; 0         ; 0    ; 0            ; |FIR_3k4_lowpass|FIR:u_FIR_0|fir_3k4:u_fir_3k4_0|fir_3k4_0002:fir_3k4_inst|fir_3k4_0002_ast:fir_3k4_0002_ast_inst|fir_3k4_0002_rtl_core:\real_passthrough:hpfircore_core|lpm_mult:u0_m0_wo0_mtree_mult1_10_component                                            ; lpm_mult                                ; work         ;
;                      |mult_9bu:auto_generated|                              ; 0 (0)               ; 0 (0)                     ; 0           ; 1            ; 1       ; 0         ; 0    ; 0            ; |FIR_3k4_lowpass|FIR:u_FIR_0|fir_3k4:u_fir_3k4_0|fir_3k4_0002:fir_3k4_inst|fir_3k4_0002_ast:fir_3k4_0002_ast_inst|fir_3k4_0002_rtl_core:\real_passthrough:hpfircore_core|lpm_mult:u0_m0_wo0_mtree_mult1_10_component|mult_9bu:auto_generated                    ; mult_9bu                                ; work         ;
;                   |lpm_mult:u0_m0_wo0_mtree_mult1_11_component|             ; 0 (0)               ; 0 (0)                     ; 0           ; 1            ; 1       ; 0         ; 0    ; 0            ; |FIR_3k4_lowpass|FIR:u_FIR_0|fir_3k4:u_fir_3k4_0|fir_3k4_0002:fir_3k4_inst|fir_3k4_0002_ast:fir_3k4_0002_ast_inst|fir_3k4_0002_rtl_core:\real_passthrough:hpfircore_core|lpm_mult:u0_m0_wo0_mtree_mult1_11_component                                            ; lpm_mult                                ; work         ;
;                      |mult_9bu:auto_generated|                              ; 0 (0)               ; 0 (0)                     ; 0           ; 1            ; 1       ; 0         ; 0    ; 0            ; |FIR_3k4_lowpass|FIR:u_FIR_0|fir_3k4:u_fir_3k4_0|fir_3k4_0002:fir_3k4_inst|fir_3k4_0002_ast:fir_3k4_0002_ast_inst|fir_3k4_0002_rtl_core:\real_passthrough:hpfircore_core|lpm_mult:u0_m0_wo0_mtree_mult1_11_component|mult_9bu:auto_generated                    ; mult_9bu                                ; work         ;
;                   |lpm_mult:u0_m0_wo0_mtree_mult1_12_component|             ; 0 (0)               ; 0 (0)                     ; 0           ; 1            ; 1       ; 0         ; 0    ; 0            ; |FIR_3k4_lowpass|FIR:u_FIR_0|fir_3k4:u_fir_3k4_0|fir_3k4_0002:fir_3k4_inst|fir_3k4_0002_ast:fir_3k4_0002_ast_inst|fir_3k4_0002_rtl_core:\real_passthrough:hpfircore_core|lpm_mult:u0_m0_wo0_mtree_mult1_12_component                                            ; lpm_mult                                ; work         ;
;                      |mult_9bu:auto_generated|                              ; 0 (0)               ; 0 (0)                     ; 0           ; 1            ; 1       ; 0         ; 0    ; 0            ; |FIR_3k4_lowpass|FIR:u_FIR_0|fir_3k4:u_fir_3k4_0|fir_3k4_0002:fir_3k4_inst|fir_3k4_0002_ast:fir_3k4_0002_ast_inst|fir_3k4_0002_rtl_core:\real_passthrough:hpfircore_core|lpm_mult:u0_m0_wo0_mtree_mult1_12_component|mult_9bu:auto_generated                    ; mult_9bu                                ; work         ;
;                   |lpm_mult:u0_m0_wo0_mtree_mult1_13_component|             ; 0 (0)               ; 0 (0)                     ; 0           ; 1            ; 1       ; 0         ; 0    ; 0            ; |FIR_3k4_lowpass|FIR:u_FIR_0|fir_3k4:u_fir_3k4_0|fir_3k4_0002:fir_3k4_inst|fir_3k4_0002_ast:fir_3k4_0002_ast_inst|fir_3k4_0002_rtl_core:\real_passthrough:hpfircore_core|lpm_mult:u0_m0_wo0_mtree_mult1_13_component                                            ; lpm_mult                                ; work         ;
;                      |mult_9bu:auto_generated|                              ; 0 (0)               ; 0 (0)                     ; 0           ; 1            ; 1       ; 0         ; 0    ; 0            ; |FIR_3k4_lowpass|FIR:u_FIR_0|fir_3k4:u_fir_3k4_0|fir_3k4_0002:fir_3k4_inst|fir_3k4_0002_ast:fir_3k4_0002_ast_inst|fir_3k4_0002_rtl_core:\real_passthrough:hpfircore_core|lpm_mult:u0_m0_wo0_mtree_mult1_13_component|mult_9bu:auto_generated                    ; mult_9bu                                ; work         ;
;                   |lpm_mult:u0_m0_wo0_mtree_mult1_14_component|             ; 0 (0)               ; 0 (0)                     ; 0           ; 1            ; 1       ; 0         ; 0    ; 0            ; |FIR_3k4_lowpass|FIR:u_FIR_0|fir_3k4:u_fir_3k4_0|fir_3k4_0002:fir_3k4_inst|fir_3k4_0002_ast:fir_3k4_0002_ast_inst|fir_3k4_0002_rtl_core:\real_passthrough:hpfircore_core|lpm_mult:u0_m0_wo0_mtree_mult1_14_component                                            ; lpm_mult                                ; work         ;
;                      |mult_9bu:auto_generated|                              ; 0 (0)               ; 0 (0)                     ; 0           ; 1            ; 1       ; 0         ; 0    ; 0            ; |FIR_3k4_lowpass|FIR:u_FIR_0|fir_3k4:u_fir_3k4_0|fir_3k4_0002:fir_3k4_inst|fir_3k4_0002_ast:fir_3k4_0002_ast_inst|fir_3k4_0002_rtl_core:\real_passthrough:hpfircore_core|lpm_mult:u0_m0_wo0_mtree_mult1_14_component|mult_9bu:auto_generated                    ; mult_9bu                                ; work         ;
;                   |lpm_mult:u0_m0_wo0_mtree_mult1_6_component|              ; 0 (0)               ; 0 (0)                     ; 0           ; 1            ; 1       ; 0         ; 0    ; 0            ; |FIR_3k4_lowpass|FIR:u_FIR_0|fir_3k4:u_fir_3k4_0|fir_3k4_0002:fir_3k4_inst|fir_3k4_0002_ast:fir_3k4_0002_ast_inst|fir_3k4_0002_rtl_core:\real_passthrough:hpfircore_core|lpm_mult:u0_m0_wo0_mtree_mult1_6_component                                             ; lpm_mult                                ; work         ;
;                      |mult_9bu:auto_generated|                              ; 0 (0)               ; 0 (0)                     ; 0           ; 1            ; 1       ; 0         ; 0    ; 0            ; |FIR_3k4_lowpass|FIR:u_FIR_0|fir_3k4:u_fir_3k4_0|fir_3k4_0002:fir_3k4_inst|fir_3k4_0002_ast:fir_3k4_0002_ast_inst|fir_3k4_0002_rtl_core:\real_passthrough:hpfircore_core|lpm_mult:u0_m0_wo0_mtree_mult1_6_component|mult_9bu:auto_generated                     ; mult_9bu                                ; work         ;
;                   |lpm_mult:u0_m0_wo0_mtree_mult1_7_component|              ; 0 (0)               ; 0 (0)                     ; 0           ; 1            ; 1       ; 0         ; 0    ; 0            ; |FIR_3k4_lowpass|FIR:u_FIR_0|fir_3k4:u_fir_3k4_0|fir_3k4_0002:fir_3k4_inst|fir_3k4_0002_ast:fir_3k4_0002_ast_inst|fir_3k4_0002_rtl_core:\real_passthrough:hpfircore_core|lpm_mult:u0_m0_wo0_mtree_mult1_7_component                                             ; lpm_mult                                ; work         ;
;                      |mult_9bu:auto_generated|                              ; 0 (0)               ; 0 (0)                     ; 0           ; 1            ; 1       ; 0         ; 0    ; 0            ; |FIR_3k4_lowpass|FIR:u_FIR_0|fir_3k4:u_fir_3k4_0|fir_3k4_0002:fir_3k4_inst|fir_3k4_0002_ast:fir_3k4_0002_ast_inst|fir_3k4_0002_rtl_core:\real_passthrough:hpfircore_core|lpm_mult:u0_m0_wo0_mtree_mult1_7_component|mult_9bu:auto_generated                     ; mult_9bu                                ; work         ;
;                   |lpm_mult:u0_m0_wo0_mtree_mult1_8_component|              ; 0 (0)               ; 0 (0)                     ; 0           ; 1            ; 1       ; 0         ; 0    ; 0            ; |FIR_3k4_lowpass|FIR:u_FIR_0|fir_3k4:u_fir_3k4_0|fir_3k4_0002:fir_3k4_inst|fir_3k4_0002_ast:fir_3k4_0002_ast_inst|fir_3k4_0002_rtl_core:\real_passthrough:hpfircore_core|lpm_mult:u0_m0_wo0_mtree_mult1_8_component                                             ; lpm_mult                                ; work         ;
;                      |mult_9bu:auto_generated|                              ; 0 (0)               ; 0 (0)                     ; 0           ; 1            ; 1       ; 0         ; 0    ; 0            ; |FIR_3k4_lowpass|FIR:u_FIR_0|fir_3k4:u_fir_3k4_0|fir_3k4_0002:fir_3k4_inst|fir_3k4_0002_ast:fir_3k4_0002_ast_inst|fir_3k4_0002_rtl_core:\real_passthrough:hpfircore_core|lpm_mult:u0_m0_wo0_mtree_mult1_8_component|mult_9bu:auto_generated                     ; mult_9bu                                ; work         ;
;                   |lpm_mult:u0_m0_wo0_mtree_mult1_9_component|              ; 0 (0)               ; 0 (0)                     ; 0           ; 1            ; 1       ; 0         ; 0    ; 0            ; |FIR_3k4_lowpass|FIR:u_FIR_0|fir_3k4:u_fir_3k4_0|fir_3k4_0002:fir_3k4_inst|fir_3k4_0002_ast:fir_3k4_0002_ast_inst|fir_3k4_0002_rtl_core:\real_passthrough:hpfircore_core|lpm_mult:u0_m0_wo0_mtree_mult1_9_component                                             ; lpm_mult                                ; work         ;
;                      |mult_9bu:auto_generated|                              ; 0 (0)               ; 0 (0)                     ; 0           ; 1            ; 1       ; 0         ; 0    ; 0            ; |FIR_3k4_lowpass|FIR:u_FIR_0|fir_3k4:u_fir_3k4_0|fir_3k4_0002:fir_3k4_inst|fir_3k4_0002_ast:fir_3k4_0002_ast_inst|fir_3k4_0002_rtl_core:\real_passthrough:hpfircore_core|lpm_mult:u0_m0_wo0_mtree_mult1_9_component|mult_9bu:auto_generated                     ; mult_9bu                                ; work         ;
;    |PLL_32M:u_PLL_32M_0|                                                    ; 0 (0)               ; 0 (0)                     ; 0           ; 0            ; 0       ; 0         ; 0    ; 0            ; |FIR_3k4_lowpass|PLL_32M:u_PLL_32M_0                                                                                                                                                                                                                            ; PLL_32M                                 ; work         ;
;       |altpll:altpll_component|                                             ; 0 (0)               ; 0 (0)                     ; 0           ; 0            ; 0       ; 0         ; 0    ; 0            ; |FIR_3k4_lowpass|PLL_32M:u_PLL_32M_0|altpll:altpll_component                                                                                                                                                                                                    ; altpll                                  ; work         ;
;          |PLL_32M_altpll:auto_generated|                                    ; 0 (0)               ; 0 (0)                     ; 0           ; 0            ; 0       ; 0         ; 0    ; 0            ; |FIR_3k4_lowpass|PLL_32M:u_PLL_32M_0|altpll:altpll_component|PLL_32M_altpll:auto_generated                                                                                                                                                                      ; PLL_32M_altpll                          ; work         ;
+-----------------------------------------------------------------------------+---------------------+---------------------------+-------------+--------------+---------+-----------+------+--------------+-----------------------------------------------------------------------------------------------------------------------------------------------------------------------------------------------------------------------------------------------------------------+-----------------------------------------+--------------+
Note: For table entries with two numbers listed, the numbers in parentheses indicate the number of resources of the given type used by the specific entity alone. The numbers listed outside of parentheses indicate the total resources of the given type used by the specific entity and all of its sub-entities in the hierarchy.


+-----------------------------------------------------------------------------------------------------------------------------------------------------------------------------------------------------------------------------------------------------------------------------------------------------------------------------------------------------------------------------------------------------------------------------+
; Analysis & Synthesis RAM Summary                                                                                                                                                                                                                                                                                                                                                                                            ;
+-----------------------------------------------------------------------------------------------------------------------------------------------------------------------------------------------------------------------------------------------------------+------+------------------+--------------+--------------+--------------+--------------+-------+-------------------------------------------------------------------+
; Name                                                                                                                                                                                                                                                      ; Type ; Mode             ; Port A Depth ; Port A Width ; Port B Depth ; Port B Width ; Size  ; MIF                                                               ;
+-----------------------------------------------------------------------------------------------------------------------------------------------------------------------------------------------------------------------------------------------------------+------+------------------+--------------+--------------+--------------+--------------+-------+-------------------------------------------------------------------+
; FIR:u_FIR_0|fir_3k4:u_fir_3k4_0|fir_3k4_0002:fir_3k4_inst|fir_3k4_0002_ast:fir_3k4_0002_ast_inst|fir_3k4_0002_rtl_core:\real_passthrough:hpfircore_core|altsyncram:u0_m0_wo0_cm10_lutmem_dmem|altsyncram_1kq3:auto_generated|ALTSYNCRAM                   ; M9K  ; ROM              ; 239          ; 8            ; --           ; --           ; 1912  ; fir_3k4_0002_rtl_core_u0_m0_wo0_cm10_lutmem.hex                   ;
; FIR:u_FIR_0|fir_3k4:u_fir_3k4_0|fir_3k4_0002:fir_3k4_inst|fir_3k4_0002_ast:fir_3k4_0002_ast_inst|fir_3k4_0002_rtl_core:\real_passthrough:hpfircore_core|altsyncram:u0_m0_wo0_cm11_lutmem_dmem|altsyncram_2kq3:auto_generated|ALTSYNCRAM                   ; M9K  ; ROM              ; 239          ; 8            ; --           ; --           ; 1912  ; fir_3k4_0002_rtl_core_u0_m0_wo0_cm11_lutmem.hex                   ;
; FIR:u_FIR_0|fir_3k4:u_fir_3k4_0|fir_3k4_0002:fir_3k4_inst|fir_3k4_0002_ast:fir_3k4_0002_ast_inst|fir_3k4_0002_rtl_core:\real_passthrough:hpfircore_core|altsyncram:u0_m0_wo0_cm12_lutmem_dmem|altsyncram_3kq3:auto_generated|ALTSYNCRAM                   ; M9K  ; ROM              ; 239          ; 8            ; --           ; --           ; 1912  ; fir_3k4_0002_rtl_core_u0_m0_wo0_cm12_lutmem.hex                   ;
; FIR:u_FIR_0|fir_3k4:u_fir_3k4_0|fir_3k4_0002:fir_3k4_inst|fir_3k4_0002_ast:fir_3k4_0002_ast_inst|fir_3k4_0002_rtl_core:\real_passthrough:hpfircore_core|altsyncram:u0_m0_wo0_cm13_lutmem_dmem|altsyncram_4kq3:auto_generated|ALTSYNCRAM                   ; M9K  ; ROM              ; 239          ; 8            ; --           ; --           ; 1912  ; fir_3k4_0002_rtl_core_u0_m0_wo0_cm13_lutmem.hex                   ;
; FIR:u_FIR_0|fir_3k4:u_fir_3k4_0|fir_3k4_0002:fir_3k4_inst|fir_3k4_0002_ast:fir_3k4_0002_ast_inst|fir_3k4_0002_rtl_core:\real_passthrough:hpfircore_core|altsyncram:u0_m0_wo0_cm14_lutmem_dmem|altsyncram_5kq3:auto_generated|ALTSYNCRAM                   ; M9K  ; ROM              ; 239          ; 8            ; --           ; --           ; 1912  ; fir_3k4_0002_rtl_core_u0_m0_wo0_cm14_lutmem.hex                   ;
; FIR:u_FIR_0|fir_3k4:u_fir_3k4_0|fir_3k4_0002:fir_3k4_inst|fir_3k4_0002_ast:fir_3k4_0002_ast_inst|fir_3k4_0002_rtl_core:\real_passthrough:hpfircore_core|altsyncram:u0_m0_wo0_cm6_lutmem_dmem|altsyncram_miq3:auto_generated|ALTSYNCRAM                    ; M9K  ; ROM              ; 239          ; 8            ; --           ; --           ; 1912  ; fir_3k4_0002_rtl_core_u0_m0_wo0_cm6_lutmem.hex                    ;
; FIR:u_FIR_0|fir_3k4:u_fir_3k4_0|fir_3k4_0002:fir_3k4_inst|fir_3k4_0002_ast:fir_3k4_0002_ast_inst|fir_3k4_0002_rtl_core:\real_passthrough:hpfircore_core|altsyncram:u0_m0_wo0_cm7_lutmem_dmem|altsyncram_niq3:auto_generated|ALTSYNCRAM                    ; M9K  ; ROM              ; 239          ; 8            ; --           ; --           ; 1912  ; fir_3k4_0002_rtl_core_u0_m0_wo0_cm7_lutmem.hex                    ;
; FIR:u_FIR_0|fir_3k4:u_fir_3k4_0|fir_3k4_0002:fir_3k4_inst|fir_3k4_0002_ast:fir_3k4_0002_ast_inst|fir_3k4_0002_rtl_core:\real_passthrough:hpfircore_core|altsyncram:u0_m0_wo0_cm8_lutmem_dmem|altsyncram_oiq3:auto_generated|ALTSYNCRAM                    ; M9K  ; ROM              ; 239          ; 8            ; --           ; --           ; 1912  ; fir_3k4_0002_rtl_core_u0_m0_wo0_cm8_lutmem.hex                    ;
; FIR:u_FIR_0|fir_3k4:u_fir_3k4_0|fir_3k4_0002:fir_3k4_inst|fir_3k4_0002_ast:fir_3k4_0002_ast_inst|fir_3k4_0002_rtl_core:\real_passthrough:hpfircore_core|altsyncram:u0_m0_wo0_cm9_lutmem_dmem|altsyncram_piq3:auto_generated|ALTSYNCRAM                    ; M9K  ; ROM              ; 239          ; 8            ; --           ; --           ; 1912  ; fir_3k4_0002_rtl_core_u0_m0_wo0_cm9_lutmem.hex                    ;
; FIR:u_FIR_0|fir_3k4:u_fir_3k4_0|fir_3k4_0002:fir_3k4_inst|fir_3k4_0002_ast:fir_3k4_0002_ast_inst|fir_3k4_0002_rtl_core:\real_passthrough:hpfircore_core|altsyncram:u0_m0_wo0_wi0_r0_memr0_dmem|altsyncram_cmn3:auto_generated|ALTSYNCRAM                  ; M9K  ; Simple Dual Port ; 256          ; 8            ; 256          ; 8            ; 2048  ; None                                                              ;
; FIR:u_FIR_0|fir_3k4:u_fir_3k4_0|fir_3k4_0002:fir_3k4_inst|fir_3k4_0002_ast:fir_3k4_0002_ast_inst|fir_3k4_0002_rtl_core:\real_passthrough:hpfircore_core|altsyncram:u0_m0_wo0_wi0_r0_memr1_dmem|altsyncram_gpn3:auto_generated|ALTSYNCRAM                  ; M9K  ; Simple Dual Port ; 256          ; 64           ; 256          ; 64           ; 16384 ; None                                                              ;
; FIR:u_FIR_0|fir_3k4:u_fir_3k4_0|fir_3k4_0002:fir_3k4_inst|fir_3k4_0002_ast:fir_3k4_0002_ast_inst|fir_3k4_0002_rtl_core:\real_passthrough:hpfircore_core|altsyncram:u0_m0_wo0_wi0_r0_memr9_dmem|altsyncram_gpn3:auto_generated|ALTSYNCRAM                  ; M9K  ; Simple Dual Port ; 256          ; 64           ; 256          ; 64           ; 16384 ; None                                                              ;
; FIR:u_FIR_0|fir_3k4:u_fir_3k4_0|fir_3k4_0002:fir_3k4_inst|fir_3k4_0002_ast:fir_3k4_0002_ast_inst|fir_3k4_0002_rtl_core:\real_passthrough:hpfircore_core|altsyncram:u0_m0_wo0_wi0_r0_ra20_count1_lut_lutmem_dmem|altsyncram_3bs3:auto_generated|ALTSYNCRAM ; M9K  ; ROM              ; 239          ; 9            ; --           ; --           ; 2151  ; fir_3k4_0002_rtl_core_u0_m0_wo0_wi0_r0_ra20_count1_lut_lutmem.hex ;
+-----------------------------------------------------------------------------------------------------------------------------------------------------------------------------------------------------------------------------------------------------------+------+------------------+--------------+--------------+--------------+--------------+-------+-------------------------------------------------------------------+


+-----------------------------------------------------+
; Analysis & Synthesis DSP Block Usage Summary        ;
+---------------------------------------+-------------+
; Statistic                             ; Number Used ;
+---------------------------------------+-------------+
; Simple Multipliers (9-bit)            ; 9           ;
; Simple Multipliers (18-bit)           ; 0           ;
; Embedded Multiplier Blocks            ; --          ;
; Embedded Multiplier 9-bit elements    ; 9           ;
; Signed Embedded Multipliers           ; 9           ;
; Unsigned Embedded Multipliers         ; 0           ;
; Mixed Sign Embedded Multipliers       ; 0           ;
; Variable Sign Embedded Multipliers    ; 0           ;
; Dedicated Input Shift Register Chains ; 0           ;
+---------------------------------------+-------------+
Note: number of Embedded Multiplier Blocks used is only available after a successful fit.


+----------------------------------------------------------------------------------------------------------------------------------------------+
; Analysis & Synthesis IP Cores Summary                                                                                                        ;
+--------+------------------------+---------+--------------+--------------+--------------------------------------------------+-----------------+
; Vendor ; IP Core Name           ; Version ; Release Date ; License Type ; Entity Instance                                  ; IP Include File ;
+--------+------------------------+---------+--------------+--------------+--------------------------------------------------+-----------------+
; Altera ; altera_fir_compiler_ii ; 17.1    ; N/A          ; N/A          ; |FIR_3k4_lowpass|FIR:u_FIR_0|fir_3k4:u_fir_3k4_0 ; fir_3k4.v       ;
; Altera ; ALTPLL                 ; 17.1    ; N/A          ; N/A          ; |FIR_3k4_lowpass|PLL_32M:u_PLL_32M_0             ; PLL_32M.v       ;
+--------+------------------------+---------+--------------+--------------+--------------------------------------------------+-----------------+


Encoding Type:  One-Hot
+-----------------------------------------------------------------------------------------------------------------------------------------------------------------------------------------+
; State Machine - |FIR_3k4_lowpass|FIR:u_FIR_0|fir_3k4:u_fir_3k4_0|fir_3k4_0002:fir_3k4_inst|fir_3k4_0002_ast:fir_3k4_0002_ast_inst|auk_dspip_avalon_streaming_sink_hpfir:sink|sink_state ;
+-------------------+-----------------+-------------------+-----------------+------------------+------------------------------------------------------------------------------------------+
; Name              ; sink_state.end1 ; sink_state.st_err ; sink_state.run1 ; sink_state.stall ; sink_state.start                                                                         ;
+-------------------+-----------------+-------------------+-----------------+------------------+------------------------------------------------------------------------------------------+
; sink_state.start  ; 0               ; 0                 ; 0               ; 0                ; 0                                                                                        ;
; sink_state.stall  ; 0               ; 0                 ; 0               ; 1                ; 1                                                                                        ;
; sink_state.run1   ; 0               ; 0                 ; 1               ; 0                ; 1                                                                                        ;
; sink_state.st_err ; 0               ; 1                 ; 0               ; 0                ; 1                                                                                        ;
; sink_state.end1   ; 1               ; 0                 ; 0               ; 0                ; 1                                                                                        ;
+-------------------+-----------------+-------------------+-----------------+------------------+------------------------------------------------------------------------------------------+


+-----------------------------------------------------------------------------------------------------------------------------------------------------------------------------------------------------------------------------------------------------------------------------------------------------------------+
; Registers Protected by Synthesis                                                                                                                                                                                                                                                                                ;
+-------------------------------------------------------------------------------------------------------------------------------------------------------------------------------------------------+------------------------------------------------------------------+--------------------------------------------+
; Register Name                                                                                                                                                                                   ; Protected by Synthesis Attribute or Preserve Register Assignment ; Not to be Touched by Netlist Optimizations ;
+-------------------------------------------------------------------------------------------------------------------------------------------------------------------------------------------------+------------------------------------------------------------------+--------------------------------------------+
; FIR:u_FIR_0|fir_3k4:u_fir_3k4_0|fir_3k4_0002:fir_3k4_inst|fir_3k4_0002_ast:fir_3k4_0002_ast_inst|fir_3k4_0002_rtl_core:\real_passthrough:hpfircore_core|u0_m0_wo0_ca20_i[0]                     ; yes                                                              ; yes                                        ;
; FIR:u_FIR_0|fir_3k4:u_fir_3k4_0|fir_3k4_0002:fir_3k4_inst|fir_3k4_0002_ast:fir_3k4_0002_ast_inst|fir_3k4_0002_rtl_core:\real_passthrough:hpfircore_core|u0_m0_wo0_ca20_i[1]                     ; yes                                                              ; yes                                        ;
; FIR:u_FIR_0|fir_3k4:u_fir_3k4_0|fir_3k4_0002:fir_3k4_inst|fir_3k4_0002_ast:fir_3k4_0002_ast_inst|fir_3k4_0002_rtl_core:\real_passthrough:hpfircore_core|u0_m0_wo0_ca20_i[2]                     ; yes                                                              ; yes                                        ;
; FIR:u_FIR_0|fir_3k4:u_fir_3k4_0|fir_3k4_0002:fir_3k4_inst|fir_3k4_0002_ast:fir_3k4_0002_ast_inst|fir_3k4_0002_rtl_core:\real_passthrough:hpfircore_core|u0_m0_wo0_ca20_i[3]                     ; yes                                                              ; yes                                        ;
; FIR:u_FIR_0|fir_3k4:u_fir_3k4_0|fir_3k4_0002:fir_3k4_inst|fir_3k4_0002_ast:fir_3k4_0002_ast_inst|fir_3k4_0002_rtl_core:\real_passthrough:hpfircore_core|u0_m0_wo0_ca20_i[4]                     ; yes                                                              ; yes                                        ;
; FIR:u_FIR_0|fir_3k4:u_fir_3k4_0|fir_3k4_0002:fir_3k4_inst|fir_3k4_0002_ast:fir_3k4_0002_ast_inst|fir_3k4_0002_rtl_core:\real_passthrough:hpfircore_core|u0_m0_wo0_ca20_i[5]                     ; yes                                                              ; yes                                        ;
; FIR:u_FIR_0|fir_3k4:u_fir_3k4_0|fir_3k4_0002:fir_3k4_inst|fir_3k4_0002_ast:fir_3k4_0002_ast_inst|fir_3k4_0002_rtl_core:\real_passthrough:hpfircore_core|u0_m0_wo0_ca20_i[6]                     ; yes                                                              ; yes                                        ;
; FIR:u_FIR_0|fir_3k4:u_fir_3k4_0|fir_3k4_0002:fir_3k4_inst|fir_3k4_0002_ast:fir_3k4_0002_ast_inst|fir_3k4_0002_rtl_core:\real_passthrough:hpfircore_core|u0_m0_wo0_ca20_i[7]                     ; yes                                                              ; yes                                        ;
; FIR:u_FIR_0|fir_3k4:u_fir_3k4_0|fir_3k4_0002:fir_3k4_inst|fir_3k4_0002_ast:fir_3k4_0002_ast_inst|fir_3k4_0002_rtl_core:\real_passthrough:hpfircore_core|u0_m0_wo0_wi0_r0_wa20_i[0]              ; yes                                                              ; yes                                        ;
; FIR:u_FIR_0|fir_3k4:u_fir_3k4_0|fir_3k4_0002:fir_3k4_inst|fir_3k4_0002_ast:fir_3k4_0002_ast_inst|fir_3k4_0002_rtl_core:\real_passthrough:hpfircore_core|u0_m0_wo0_wi0_r0_wa20_i[1]              ; yes                                                              ; yes                                        ;
; FIR:u_FIR_0|fir_3k4:u_fir_3k4_0|fir_3k4_0002:fir_3k4_inst|fir_3k4_0002_ast:fir_3k4_0002_ast_inst|fir_3k4_0002_rtl_core:\real_passthrough:hpfircore_core|u0_m0_wo0_wi0_r0_wa20_i[2]              ; yes                                                              ; yes                                        ;
; FIR:u_FIR_0|fir_3k4:u_fir_3k4_0|fir_3k4_0002:fir_3k4_inst|fir_3k4_0002_ast:fir_3k4_0002_ast_inst|fir_3k4_0002_rtl_core:\real_passthrough:hpfircore_core|u0_m0_wo0_wi0_r0_wa20_i[3]              ; yes                                                              ; yes                                        ;
; FIR:u_FIR_0|fir_3k4:u_fir_3k4_0|fir_3k4_0002:fir_3k4_inst|fir_3k4_0002_ast:fir_3k4_0002_ast_inst|fir_3k4_0002_rtl_core:\real_passthrough:hpfircore_core|u0_m0_wo0_wi0_r0_wa20_i[4]              ; yes                                                              ; yes                                        ;
; FIR:u_FIR_0|fir_3k4:u_fir_3k4_0|fir_3k4_0002:fir_3k4_inst|fir_3k4_0002_ast:fir_3k4_0002_ast_inst|fir_3k4_0002_rtl_core:\real_passthrough:hpfircore_core|u0_m0_wo0_wi0_r0_wa20_i[5]              ; yes                                                              ; yes                                        ;
; FIR:u_FIR_0|fir_3k4:u_fir_3k4_0|fir_3k4_0002:fir_3k4_inst|fir_3k4_0002_ast:fir_3k4_0002_ast_inst|fir_3k4_0002_rtl_core:\real_passthrough:hpfircore_core|u0_m0_wo0_wi0_r0_wa20_i[6]              ; yes                                                              ; yes                                        ;
; FIR:u_FIR_0|fir_3k4:u_fir_3k4_0|fir_3k4_0002:fir_3k4_inst|fir_3k4_0002_ast:fir_3k4_0002_ast_inst|fir_3k4_0002_rtl_core:\real_passthrough:hpfircore_core|u0_m0_wo0_wi0_r0_wa20_i[7]              ; yes                                                              ; yes                                        ;
; FIR:u_FIR_0|fir_3k4:u_fir_3k4_0|fir_3k4_0002:fir_3k4_inst|fir_3k4_0002_ast:fir_3k4_0002_ast_inst|fir_3k4_0002_rtl_core:\real_passthrough:hpfircore_core|u0_m0_wo0_ca20_eq                       ; yes                                                              ; yes                                        ;
; FIR:u_FIR_0|fir_3k4:u_fir_3k4_0|fir_3k4_0002:fir_3k4_inst|fir_3k4_0002_ast:fir_3k4_0002_ast_inst|fir_3k4_0002_rtl_core:\real_passthrough:hpfircore_core|u0_m0_wo0_wi0_r0_ra20_count0_i[0]       ; yes                                                              ; yes                                        ;
; FIR:u_FIR_0|fir_3k4:u_fir_3k4_0|fir_3k4_0002:fir_3k4_inst|fir_3k4_0002_ast:fir_3k4_0002_ast_inst|fir_3k4_0002_rtl_core:\real_passthrough:hpfircore_core|u0_m0_wo0_wi0_r0_ra20_count0_i[1]       ; yes                                                              ; yes                                        ;
; FIR:u_FIR_0|fir_3k4:u_fir_3k4_0|fir_3k4_0002:fir_3k4_inst|fir_3k4_0002_ast:fir_3k4_0002_ast_inst|fir_3k4_0002_rtl_core:\real_passthrough:hpfircore_core|u0_m0_wo0_wi0_r0_ra20_count0_i[2]       ; yes                                                              ; yes                                        ;
; FIR:u_FIR_0|fir_3k4:u_fir_3k4_0|fir_3k4_0002:fir_3k4_inst|fir_3k4_0002_ast:fir_3k4_0002_ast_inst|fir_3k4_0002_rtl_core:\real_passthrough:hpfircore_core|u0_m0_wo0_wi0_r0_ra20_count0_i[3]       ; yes                                                              ; yes                                        ;
; FIR:u_FIR_0|fir_3k4:u_fir_3k4_0|fir_3k4_0002:fir_3k4_inst|fir_3k4_0002_ast:fir_3k4_0002_ast_inst|fir_3k4_0002_rtl_core:\real_passthrough:hpfircore_core|u0_m0_wo0_wi0_r0_ra20_count0_i[4]       ; yes                                                              ; yes                                        ;
; FIR:u_FIR_0|fir_3k4:u_fir_3k4_0|fir_3k4_0002:fir_3k4_inst|fir_3k4_0002_ast:fir_3k4_0002_ast_inst|fir_3k4_0002_rtl_core:\real_passthrough:hpfircore_core|u0_m0_wo0_wi0_r0_ra20_count0_i[5]       ; yes                                                              ; yes                                        ;
; FIR:u_FIR_0|fir_3k4:u_fir_3k4_0|fir_3k4_0002:fir_3k4_inst|fir_3k4_0002_ast:fir_3k4_0002_ast_inst|fir_3k4_0002_rtl_core:\real_passthrough:hpfircore_core|u0_m0_wo0_wi0_r0_ra20_count0_i[6]       ; yes                                                              ; yes                                        ;
; FIR:u_FIR_0|fir_3k4:u_fir_3k4_0|fir_3k4_0002:fir_3k4_inst|fir_3k4_0002_ast:fir_3k4_0002_ast_inst|fir_3k4_0002_rtl_core:\real_passthrough:hpfircore_core|u0_m0_wo0_wi0_r0_ra20_count0_i[7]       ; yes                                                              ; yes                                        ;
; FIR:u_FIR_0|fir_3k4:u_fir_3k4_0|fir_3k4_0002:fir_3k4_inst|fir_3k4_0002_ast:fir_3k4_0002_ast_inst|fir_3k4_0002_rtl_core:\real_passthrough:hpfircore_core|u0_m0_wo0_wi0_r0_ra20_count1_i[0]       ; yes                                                              ; yes                                        ;
; FIR:u_FIR_0|fir_3k4:u_fir_3k4_0|fir_3k4_0002:fir_3k4_inst|fir_3k4_0002_ast:fir_3k4_0002_ast_inst|fir_3k4_0002_rtl_core:\real_passthrough:hpfircore_core|u0_m0_wo0_wi0_r0_ra20_count1_i[1]       ; yes                                                              ; yes                                        ;
; FIR:u_FIR_0|fir_3k4:u_fir_3k4_0|fir_3k4_0002:fir_3k4_inst|fir_3k4_0002_ast:fir_3k4_0002_ast_inst|fir_3k4_0002_rtl_core:\real_passthrough:hpfircore_core|u0_m0_wo0_wi0_r0_ra20_count1_i[2]       ; yes                                                              ; yes                                        ;
; FIR:u_FIR_0|fir_3k4:u_fir_3k4_0|fir_3k4_0002:fir_3k4_inst|fir_3k4_0002_ast:fir_3k4_0002_ast_inst|fir_3k4_0002_rtl_core:\real_passthrough:hpfircore_core|u0_m0_wo0_wi0_r0_ra20_count1_i[3]       ; yes                                                              ; yes                                        ;
; FIR:u_FIR_0|fir_3k4:u_fir_3k4_0|fir_3k4_0002:fir_3k4_inst|fir_3k4_0002_ast:fir_3k4_0002_ast_inst|fir_3k4_0002_rtl_core:\real_passthrough:hpfircore_core|u0_m0_wo0_wi0_r0_ra20_count1_i[4]       ; yes                                                              ; yes                                        ;
; FIR:u_FIR_0|fir_3k4:u_fir_3k4_0|fir_3k4_0002:fir_3k4_inst|fir_3k4_0002_ast:fir_3k4_0002_ast_inst|fir_3k4_0002_rtl_core:\real_passthrough:hpfircore_core|u0_m0_wo0_wi0_r0_ra20_count1_i[5]       ; yes                                                              ; yes                                        ;
; FIR:u_FIR_0|fir_3k4:u_fir_3k4_0|fir_3k4_0002:fir_3k4_inst|fir_3k4_0002_ast:fir_3k4_0002_ast_inst|fir_3k4_0002_rtl_core:\real_passthrough:hpfircore_core|u0_m0_wo0_wi0_r0_ra20_count1_i[6]       ; yes                                                              ; yes                                        ;
; FIR:u_FIR_0|fir_3k4:u_fir_3k4_0|fir_3k4_0002:fir_3k4_inst|fir_3k4_0002_ast:fir_3k4_0002_ast_inst|fir_3k4_0002_rtl_core:\real_passthrough:hpfircore_core|u0_m0_wo0_wi0_r0_ra20_count1_i[7]       ; yes                                                              ; yes                                        ;
; FIR:u_FIR_0|fir_3k4:u_fir_3k4_0|fir_3k4_0002:fir_3k4_inst|fir_3k4_0002_ast:fir_3k4_0002_ast_inst|fir_3k4_0002_rtl_core:\real_passthrough:hpfircore_core|u0_m0_wo0_wi0_r0_ra20_count0_inner_i[8] ; yes                                                              ; yes                                        ;
; FIR:u_FIR_0|fir_3k4:u_fir_3k4_0|fir_3k4_0002:fir_3k4_inst|fir_3k4_0002_ast:fir_3k4_0002_ast_inst|fir_3k4_0002_rtl_core:\real_passthrough:hpfircore_core|u0_m0_wo0_wi0_r0_ra20_count1_eq         ; yes                                                              ; yes                                        ;
; FIR:u_FIR_0|fir_3k4:u_fir_3k4_0|fir_3k4_0002:fir_3k4_inst|fir_3k4_0002_ast:fir_3k4_0002_ast_inst|fir_3k4_0002_rtl_core:\real_passthrough:hpfircore_core|u0_m0_wo0_wi0_r0_ra20_count0_inner_i[7] ; yes                                                              ; yes                                        ;
; FIR:u_FIR_0|fir_3k4:u_fir_3k4_0|fir_3k4_0002:fir_3k4_inst|fir_3k4_0002_ast:fir_3k4_0002_ast_inst|fir_3k4_0002_rtl_core:\real_passthrough:hpfircore_core|u0_m0_wo0_wi0_r0_ra20_count0_inner_i[6] ; yes                                                              ; yes                                        ;
; FIR:u_FIR_0|fir_3k4:u_fir_3k4_0|fir_3k4_0002:fir_3k4_inst|fir_3k4_0002_ast:fir_3k4_0002_ast_inst|fir_3k4_0002_rtl_core:\real_passthrough:hpfircore_core|u0_m0_wo0_wi0_r0_ra20_count0_inner_i[5] ; yes                                                              ; yes                                        ;
; FIR:u_FIR_0|fir_3k4:u_fir_3k4_0|fir_3k4_0002:fir_3k4_inst|fir_3k4_0002_ast:fir_3k4_0002_ast_inst|fir_3k4_0002_rtl_core:\real_passthrough:hpfircore_core|u0_m0_wo0_wi0_r0_ra20_count0_inner_i[4] ; yes                                                              ; yes                                        ;
; FIR:u_FIR_0|fir_3k4:u_fir_3k4_0|fir_3k4_0002:fir_3k4_inst|fir_3k4_0002_ast:fir_3k4_0002_ast_inst|fir_3k4_0002_rtl_core:\real_passthrough:hpfircore_core|u0_m0_wo0_wi0_r0_ra20_count0_inner_i[3] ; yes                                                              ; yes                                        ;
; FIR:u_FIR_0|fir_3k4:u_fir_3k4_0|fir_3k4_0002:fir_3k4_inst|fir_3k4_0002_ast:fir_3k4_0002_ast_inst|fir_3k4_0002_rtl_core:\real_passthrough:hpfircore_core|u0_m0_wo0_wi0_r0_ra20_count0_inner_i[2] ; yes                                                              ; yes                                        ;
; FIR:u_FIR_0|fir_3k4:u_fir_3k4_0|fir_3k4_0002:fir_3k4_inst|fir_3k4_0002_ast:fir_3k4_0002_ast_inst|fir_3k4_0002_rtl_core:\real_passthrough:hpfircore_core|u0_m0_wo0_wi0_r0_ra20_count0_inner_i[1] ; yes                                                              ; yes                                        ;
; FIR:u_FIR_0|fir_3k4:u_fir_3k4_0|fir_3k4_0002:fir_3k4_inst|fir_3k4_0002_ast:fir_3k4_0002_ast_inst|fir_3k4_0002_rtl_core:\real_passthrough:hpfircore_core|u0_m0_wo0_wi0_r0_ra20_count0_inner_i[0] ; yes                                                              ; yes                                        ;
; FIR:u_FIR_0|fir_3k4:u_fir_3k4_0|fir_3k4_0002:fir_3k4_inst|fir_3k4_0002_ast:fir_3k4_0002_ast_inst|fir_3k4_0002_rtl_core:\real_passthrough:hpfircore_core|u0_m0_wo0_wi0_r0_wa0_i[0]               ; yes                                                              ; yes                                        ;
; FIR:u_FIR_0|fir_3k4:u_fir_3k4_0|fir_3k4_0002:fir_3k4_inst|fir_3k4_0002_ast:fir_3k4_0002_ast_inst|fir_3k4_0002_rtl_core:\real_passthrough:hpfircore_core|u0_m0_wo0_wi0_r0_wa0_i[1]               ; yes                                                              ; yes                                        ;
; FIR:u_FIR_0|fir_3k4:u_fir_3k4_0|fir_3k4_0002:fir_3k4_inst|fir_3k4_0002_ast:fir_3k4_0002_ast_inst|fir_3k4_0002_rtl_core:\real_passthrough:hpfircore_core|u0_m0_wo0_wi0_r0_wa0_i[2]               ; yes                                                              ; yes                                        ;
; FIR:u_FIR_0|fir_3k4:u_fir_3k4_0|fir_3k4_0002:fir_3k4_inst|fir_3k4_0002_ast:fir_3k4_0002_ast_inst|fir_3k4_0002_rtl_core:\real_passthrough:hpfircore_core|u0_m0_wo0_wi0_r0_wa0_i[3]               ; yes                                                              ; yes                                        ;
; FIR:u_FIR_0|fir_3k4:u_fir_3k4_0|fir_3k4_0002:fir_3k4_inst|fir_3k4_0002_ast:fir_3k4_0002_ast_inst|fir_3k4_0002_rtl_core:\real_passthrough:hpfircore_core|u0_m0_wo0_wi0_r0_wa0_i[4]               ; yes                                                              ; yes                                        ;
; FIR:u_FIR_0|fir_3k4:u_fir_3k4_0|fir_3k4_0002:fir_3k4_inst|fir_3k4_0002_ast:fir_3k4_0002_ast_inst|fir_3k4_0002_rtl_core:\real_passthrough:hpfircore_core|u0_m0_wo0_wi0_r0_wa0_i[5]               ; yes                                                              ; yes                                        ;
; FIR:u_FIR_0|fir_3k4:u_fir_3k4_0|fir_3k4_0002:fir_3k4_inst|fir_3k4_0002_ast:fir_3k4_0002_ast_inst|fir_3k4_0002_rtl_core:\real_passthrough:hpfircore_core|u0_m0_wo0_wi0_r0_wa0_i[6]               ; yes                                                              ; yes                                        ;
; FIR:u_FIR_0|fir_3k4:u_fir_3k4_0|fir_3k4_0002:fir_3k4_inst|fir_3k4_0002_ast:fir_3k4_0002_ast_inst|fir_3k4_0002_rtl_core:\real_passthrough:hpfircore_core|u0_m0_wo0_wi0_r0_wa0_i[7]               ; yes                                                              ; yes                                        ;
; Total number of protected registers is 51                                                                                                                                                       ;                                                                  ;                                            ;
+-------------------------------------------------------------------------------------------------------------------------------------------------------------------------------------------------+------------------------------------------------------------------+--------------------------------------------+


+------------------------------------------------------------------------------------------------------------------------------------------------------------------------------------------------------------------------------------------------------------------------------------------------------------------------------------------------------------------------------------------------------------------------------------------+
; Registers Removed During Synthesis                                                                                                                                                                                                                                                                                                                                                                                                       ;
+-----------------------------------------------------------------------------------------------------------------------------------------------------------------------------------------------------------+------------------------------------------------------------------------------------------------------------------------------------------------------------------------------------------------------------------------------+
; Register name                                                                                                                                                                                             ; Reason for Removal                                                                                                                                                                                                           ;
+-----------------------------------------------------------------------------------------------------------------------------------------------------------------------------------------------------------+------------------------------------------------------------------------------------------------------------------------------------------------------------------------------------------------------------------------------+
; FIR:u_FIR_0|fir_3k4:u_fir_3k4_0|fir_3k4_0002:fir_3k4_inst|fir_3k4_0002_ast:fir_3k4_0002_ast_inst|fir_3k4_0002_rtl_core:\real_passthrough:hpfircore_core|u0_m0_wo0_aseq_q[0]                               ; Merged with FIR:u_FIR_0|fir_3k4:u_fir_3k4_0|fir_3k4_0002:fir_3k4_inst|fir_3k4_0002_ast:fir_3k4_0002_ast_inst|fir_3k4_0002_rtl_core:\real_passthrough:hpfircore_core|\u0_m0_wo0_aseq_clkproc:u0_m0_wo0_aseq_c[9]              ;
; FIR:u_FIR_0|fir_3k4:u_fir_3k4_0|fir_3k4_0002:fir_3k4_inst|fir_3k4_0002_ast:fir_3k4_0002_ast_inst|fir_3k4_0002_rtl_core:\real_passthrough:hpfircore_core|dspba_delay:u0_m0_wo0_compute|delay_signals[1][0] ; Merged with FIR:u_FIR_0|fir_3k4:u_fir_3k4_0|fir_3k4_0002:fir_3k4_inst|fir_3k4_0002_ast:fir_3k4_0002_ast_inst|fir_3k4_0002_rtl_core:\real_passthrough:hpfircore_core|dspba_delay:d_u0_m0_wo0_memread_q_14|delay_signals[0][0] ;
; FIR:u_FIR_0|fir_3k4:u_fir_3k4_0|fir_3k4_0002:fir_3k4_inst|fir_3k4_0002_ast:fir_3k4_0002_ast_inst|auk_dspip_avalon_streaming_sink_hpfir:sink|sink_state.start                                              ; Lost fanout                                                                                                                                                                                                                  ;
; FIR:u_FIR_0|fir_3k4:u_fir_3k4_0|fir_3k4_0002:fir_3k4_inst|fir_3k4_0002_ast:fir_3k4_0002_ast_inst|auk_dspip_avalon_streaming_sink_hpfir:sink|sink_state.stall                                              ; Lost fanout                                                                                                                                                                                                                  ;
; FIR:u_FIR_0|fir_3k4:u_fir_3k4_0|fir_3k4_0002:fir_3k4_inst|fir_3k4_0002_ast:fir_3k4_0002_ast_inst|auk_dspip_avalon_streaming_sink_hpfir:sink|sink_state.run1                                               ; Lost fanout                                                                                                                                                                                                                  ;
; FIR:u_FIR_0|fir_3k4:u_fir_3k4_0|fir_3k4_0002:fir_3k4_inst|fir_3k4_0002_ast:fir_3k4_0002_ast_inst|auk_dspip_avalon_streaming_sink_hpfir:sink|sink_state.st_err                                             ; Lost fanout                                                                                                                                                                                                                  ;
; FIR:u_FIR_0|fir_3k4:u_fir_3k4_0|fir_3k4_0002:fir_3k4_inst|fir_3k4_0002_ast:fir_3k4_0002_ast_inst|auk_dspip_avalon_streaming_sink_hpfir:sink|sink_state.end1                                               ; Lost fanout                                                                                                                                                                                                                  ;
; Total Number of Removed Registers = 7                                                                                                                                                                     ;                                                                                                                                                                                                                              ;
+-----------------------------------------------------------------------------------------------------------------------------------------------------------------------------------------------------------+------------------------------------------------------------------------------------------------------------------------------------------------------------------------------------------------------------------------------+


+-------------------------------------------------------------------------------------------------------------------------------------------------------------------------------------------------------------------------------------------------------------------------------------------------------------------------------------------------+
; Removed Registers Triggering Further Register Optimizations                                                                                                                                                                                                                                                                                     ;
+--------------------------------------------------------------------------------------------------------------------------------------------------------------+--------------------+-------------------------------------------------------------------------------------------------------------------------------------------------------------+
; Register name                                                                                                                                                ; Reason for Removal ; Registers Removed due to This Register                                                                                                                      ;
+--------------------------------------------------------------------------------------------------------------------------------------------------------------+--------------------+-------------------------------------------------------------------------------------------------------------------------------------------------------------+
; FIR:u_FIR_0|fir_3k4:u_fir_3k4_0|fir_3k4_0002:fir_3k4_inst|fir_3k4_0002_ast:fir_3k4_0002_ast_inst|auk_dspip_avalon_streaming_sink_hpfir:sink|sink_state.stall ; Lost Fanouts       ; FIR:u_FIR_0|fir_3k4:u_fir_3k4_0|fir_3k4_0002:fir_3k4_inst|fir_3k4_0002_ast:fir_3k4_0002_ast_inst|auk_dspip_avalon_streaming_sink_hpfir:sink|sink_state.end1 ;
+--------------------------------------------------------------------------------------------------------------------------------------------------------------+--------------------+-------------------------------------------------------------------------------------------------------------------------------------------------------------+


+------------------------------------------------------+
; General Register Statistics                          ;
+----------------------------------------------+-------+
; Statistic                                    ; Value ;
+----------------------------------------------+-------+
; Total registers                              ; 407   ;
; Number of registers using Synchronous Clear  ; 0     ;
; Number of registers using Synchronous Load   ; 29    ;
; Number of registers using Asynchronous Clear ; 407   ;
; Number of registers using Asynchronous Load  ; 0     ;
; Number of registers using Clock Enable       ; 107   ;
; Number of registers using Preset             ; 0     ;
+----------------------------------------------+-------+


+--------------------------------------------------------------------------------------------------------------------------------------------------------------------------------------------------------------------+
; Inverted Register Statistics                                                                                                                                                                                       ;
+----------------------------------------------------------------------------------------------------------------------------------------------------------------------------------------------------------+---------+
; Inverted Register                                                                                                                                                                                        ; Fan out ;
+----------------------------------------------------------------------------------------------------------------------------------------------------------------------------------------------------------+---------+
; FIR:u_FIR_0|fir_3k4:u_fir_3k4_0|fir_3k4_0002:fir_3k4_inst|fir_3k4_0002_ast:fir_3k4_0002_ast_inst|fir_3k4_0002_rtl_core:\real_passthrough:hpfircore_core|u0_m0_wo0_wi0_r0_wa20_i[5]                       ; 2       ;
; FIR:u_FIR_0|fir_3k4:u_fir_3k4_0|fir_3k4_0002:fir_3k4_inst|fir_3k4_0002_ast:fir_3k4_0002_ast_inst|fir_3k4_0002_rtl_core:\real_passthrough:hpfircore_core|u0_m0_wo0_wi0_r0_wa20_i[6]                       ; 2       ;
; FIR:u_FIR_0|fir_3k4:u_fir_3k4_0|fir_3k4_0002:fir_3k4_inst|fir_3k4_0002_ast:fir_3k4_0002_ast_inst|fir_3k4_0002_rtl_core:\real_passthrough:hpfircore_core|u0_m0_wo0_wi0_r0_wa20_i[7]                       ; 2       ;
; FIR:u_FIR_0|fir_3k4:u_fir_3k4_0|fir_3k4_0002:fir_3k4_inst|fir_3k4_0002_ast:fir_3k4_0002_ast_inst|fir_3k4_0002_rtl_core:\real_passthrough:hpfircore_core|u0_m0_wo0_wi0_r0_ra20_count0_inner_i[7]          ; 1       ;
; FIR:u_FIR_0|fir_3k4:u_fir_3k4_0|fir_3k4_0002:fir_3k4_inst|fir_3k4_0002_ast:fir_3k4_0002_ast_inst|fir_3k4_0002_rtl_core:\real_passthrough:hpfircore_core|u0_m0_wo0_wi0_r0_ra20_count0_inner_i[6]          ; 1       ;
; FIR:u_FIR_0|fir_3k4:u_fir_3k4_0|fir_3k4_0002:fir_3k4_inst|fir_3k4_0002_ast:fir_3k4_0002_ast_inst|fir_3k4_0002_rtl_core:\real_passthrough:hpfircore_core|u0_m0_wo0_wi0_r0_ra20_count0_inner_i[5]          ; 1       ;
; FIR:u_FIR_0|fir_3k4:u_fir_3k4_0|fir_3k4_0002:fir_3k4_inst|fir_3k4_0002_ast:fir_3k4_0002_ast_inst|fir_3k4_0002_rtl_core:\real_passthrough:hpfircore_core|u0_m0_wo0_wi0_r0_ra20_count0_inner_i[3]          ; 1       ;
; FIR:u_FIR_0|fir_3k4:u_fir_3k4_0|fir_3k4_0002:fir_3k4_inst|fir_3k4_0002_ast:fir_3k4_0002_ast_inst|fir_3k4_0002_rtl_core:\real_passthrough:hpfircore_core|u0_m0_wo0_wi0_r0_ra20_count0_inner_i[2]          ; 1       ;
; FIR:u_FIR_0|fir_3k4:u_fir_3k4_0|fir_3k4_0002:fir_3k4_inst|fir_3k4_0002_ast:fir_3k4_0002_ast_inst|fir_3k4_0002_rtl_core:\real_passthrough:hpfircore_core|u0_m0_wo0_wi0_r0_wa0_i[1]                        ; 2       ;
; FIR:u_FIR_0|fir_3k4:u_fir_3k4_0|fir_3k4_0002:fir_3k4_inst|fir_3k4_0002_ast:fir_3k4_0002_ast_inst|fir_3k4_0002_rtl_core:\real_passthrough:hpfircore_core|u0_m0_wo0_wi0_r0_wa0_i[2]                        ; 2       ;
; FIR:u_FIR_0|fir_3k4:u_fir_3k4_0|fir_3k4_0002:fir_3k4_inst|fir_3k4_0002_ast:fir_3k4_0002_ast_inst|fir_3k4_0002_rtl_core:\real_passthrough:hpfircore_core|u0_m0_wo0_wi0_r0_wa0_i[3]                        ; 2       ;
; FIR:u_FIR_0|fir_3k4:u_fir_3k4_0|fir_3k4_0002:fir_3k4_inst|fir_3k4_0002_ast:fir_3k4_0002_ast_inst|fir_3k4_0002_rtl_core:\real_passthrough:hpfircore_core|u0_m0_wo0_wi0_r0_wa0_i[4]                        ; 2       ;
; FIR:u_FIR_0|fir_3k4:u_fir_3k4_0|fir_3k4_0002:fir_3k4_inst|fir_3k4_0002_ast:fir_3k4_0002_ast_inst|fir_3k4_0002_rtl_core:\real_passthrough:hpfircore_core|u0_m0_wo0_wi0_r0_wa0_i[6]                        ; 2       ;
; FIR:u_FIR_0|fir_3k4:u_fir_3k4_0|fir_3k4_0002:fir_3k4_inst|fir_3k4_0002_ast:fir_3k4_0002_ast_inst|fir_3k4_0002_rtl_core:\real_passthrough:hpfircore_core|u0_m0_wo0_wi0_r0_wa0_i[7]                        ; 2       ;
; FIR:u_FIR_0|fir_3k4:u_fir_3k4_0|fir_3k4_0002:fir_3k4_inst|fir_3k4_0002_ast:fir_3k4_0002_ast_inst|fir_3k4_0002_rtl_core:\real_passthrough:hpfircore_core|u0_m0_wo0_wi0_r0_ra20_count0_inner_i[0]          ; 2       ;
; FIR:u_FIR_0|fir_3k4:u_fir_3k4_0|fir_3k4_0002:fir_3k4_inst|fir_3k4_0002_ast:fir_3k4_0002_ast_inst|fir_3k4_0002_rtl_core:\real_passthrough:hpfircore_core|u0_m0_wo0_wi0_r0_wa0_i[0]                        ; 3       ;
; FIR:u_FIR_0|fir_3k4:u_fir_3k4_0|fir_3k4_0002:fir_3k4_inst|fir_3k4_0002_ast:fir_3k4_0002_ast_inst|fir_3k4_0002_rtl_core:\real_passthrough:hpfircore_core|\u0_m0_wo0_run_clkproc:u0_m0_wo0_run_enable_c[7] ; 1       ;
; FIR:u_FIR_0|fir_3k4:u_fir_3k4_0|fir_3k4_0002:fir_3k4_inst|fir_3k4_0002_ast:fir_3k4_0002_ast_inst|fir_3k4_0002_rtl_core:\real_passthrough:hpfircore_core|\u0_m0_wo0_run_clkproc:u0_m0_wo0_run_enable_c[6] ; 1       ;
; FIR:u_FIR_0|fir_3k4:u_fir_3k4_0|fir_3k4_0002:fir_3k4_inst|fir_3k4_0002_ast:fir_3k4_0002_ast_inst|fir_3k4_0002_rtl_core:\real_passthrough:hpfircore_core|\u0_m0_wo0_run_clkproc:u0_m0_wo0_run_enable_c[5] ; 1       ;
; FIR:u_FIR_0|fir_3k4:u_fir_3k4_0|fir_3k4_0002:fir_3k4_inst|fir_3k4_0002_ast:fir_3k4_0002_ast_inst|fir_3k4_0002_rtl_core:\real_passthrough:hpfircore_core|\u0_m0_wo0_run_clkproc:u0_m0_wo0_run_enable_c[3] ; 1       ;
; FIR:u_FIR_0|fir_3k4:u_fir_3k4_0|fir_3k4_0002:fir_3k4_inst|fir_3k4_0002_ast:fir_3k4_0002_ast_inst|fir_3k4_0002_rtl_core:\real_passthrough:hpfircore_core|\u0_m0_wo0_run_clkproc:u0_m0_wo0_run_enable_c[2] ; 1       ;
; FIR:u_FIR_0|fir_3k4:u_fir_3k4_0|fir_3k4_0002:fir_3k4_inst|fir_3k4_0002_ast:fir_3k4_0002_ast_inst|fir_3k4_0002_rtl_core:\real_passthrough:hpfircore_core|\u0_m0_wo0_run_clkproc:u0_m0_wo0_run_enable_c[0] ; 2       ;
; Total number of inverted registers = 22                                                                                                                                                                  ;         ;
+----------------------------------------------------------------------------------------------------------------------------------------------------------------------------------------------------------+---------+


+-------------------------------------------------------------------------------------------------------------------------+
; Source assignments for FIR:u_FIR_0|fir_3k4:u_fir_3k4_0|fir_3k4_0002:fir_3k4_inst|fir_3k4_0002_ast:fir_3k4_0002_ast_inst ;
+-----------------+-------+------+----------------------------------------------------------------------------------------+
; Assignment      ; Value ; From ; To                                                                                     ;
+-----------------+-------+------+----------------------------------------------------------------------------------------+
; MESSAGE_DISABLE ; 15400 ; -    ; -                                                                                      ;
; MESSAGE_DISABLE ; 14130 ; -    ; -                                                                                      ;
; MESSAGE_DISABLE ; 12020 ; -    ; -                                                                                      ;
; MESSAGE_DISABLE ; 12030 ; -    ; -                                                                                      ;
; MESSAGE_DISABLE ; 12010 ; -    ; -                                                                                      ;
; MESSAGE_DISABLE ; 12110 ; -    ; -                                                                                      ;
; MESSAGE_DISABLE ; 14320 ; -    ; -                                                                                      ;
; MESSAGE_DISABLE ; 13410 ; -    ; -                                                                                      ;
; MESSAGE_DISABLE ; 10036 ; -    ; -                                                                                      ;
+-----------------+-------+------+----------------------------------------------------------------------------------------+


+--------------------------------------------------------------------------------------------------------------------------------------------------------------------------------+
; Source assignments for FIR:u_FIR_0|fir_3k4:u_fir_3k4_0|fir_3k4_0002:fir_3k4_inst|fir_3k4_0002_ast:fir_3k4_0002_ast_inst|fir_3k4_0002_rtl_core:\real_passthrough:hpfircore_core ;
+-----------------------------------------+--------+------+----------------------------------------------------------------------------------------------------------------------+
; Assignment                              ; Value  ; From ; To                                                                                                                   ;
+-----------------------------------------+--------+------+----------------------------------------------------------------------------------------------------------------------+
; AUTO_SHIFT_REGISTER_RECOGNITION         ; OFF    ; -    ; -                                                                                                                    ;
; PHYSICAL_SYNTHESIS_REGISTER_DUPLICATION ; ON     ; -    ; -                                                                                                                    ;
; MESSAGE_DISABLE                         ; 10036  ; -    ; -                                                                                                                    ;
; MESSAGE_DISABLE                         ; 10037  ; -    ; -                                                                                                                    ;
; MESSAGE_DISABLE                         ; 14130  ; -    ; -                                                                                                                    ;
; MESSAGE_DISABLE                         ; 14320  ; -    ; -                                                                                                                    ;
; MESSAGE_DISABLE                         ; 15400  ; -    ; -                                                                                                                    ;
; MESSAGE_DISABLE                         ; 14130  ; -    ; -                                                                                                                    ;
; MESSAGE_DISABLE                         ; 10036  ; -    ; -                                                                                                                    ;
; MESSAGE_DISABLE                         ; 12020  ; -    ; -                                                                                                                    ;
; MESSAGE_DISABLE                         ; 12030  ; -    ; -                                                                                                                    ;
; MESSAGE_DISABLE                         ; 12010  ; -    ; -                                                                                                                    ;
; MESSAGE_DISABLE                         ; 12110  ; -    ; -                                                                                                                    ;
; MESSAGE_DISABLE                         ; 14320  ; -    ; -                                                                                                                    ;
; MESSAGE_DISABLE                         ; 13410  ; -    ; -                                                                                                                    ;
; MESSAGE_DISABLE                         ; 113007 ; -    ; -                                                                                                                    ;
; PRESERVE_REGISTER                       ; on     ; -    ; u0_m0_wo0_wi0_r0_ra20_count1_i[7]                                                                                    ;
; PRESERVE_REGISTER                       ; on     ; -    ; u0_m0_wo0_wi0_r0_ra20_count1_i[6]                                                                                    ;
; PRESERVE_REGISTER                       ; on     ; -    ; u0_m0_wo0_wi0_r0_ra20_count1_i[5]                                                                                    ;
; PRESERVE_REGISTER                       ; on     ; -    ; u0_m0_wo0_wi0_r0_ra20_count1_i[4]                                                                                    ;
; PRESERVE_REGISTER                       ; on     ; -    ; u0_m0_wo0_wi0_r0_ra20_count1_i[3]                                                                                    ;
; PRESERVE_REGISTER                       ; on     ; -    ; u0_m0_wo0_wi0_r0_ra20_count1_i[2]                                                                                    ;
; PRESERVE_REGISTER                       ; on     ; -    ; u0_m0_wo0_wi0_r0_ra20_count1_i[1]                                                                                    ;
; PRESERVE_REGISTER                       ; on     ; -    ; u0_m0_wo0_wi0_r0_ra20_count1_i[0]                                                                                    ;
; PRESERVE_REGISTER                       ; on     ; -    ; u0_m0_wo0_wi0_r0_ra20_count1_eq                                                                                      ;
; PRESERVE_REGISTER                       ; on     ; -    ; u0_m0_wo0_wi0_r0_ra20_count0_inner_i[8]                                                                              ;
; PRESERVE_REGISTER                       ; on     ; -    ; u0_m0_wo0_wi0_r0_ra20_count0_inner_i[7]                                                                              ;
; PRESERVE_REGISTER                       ; on     ; -    ; u0_m0_wo0_wi0_r0_ra20_count0_inner_i[6]                                                                              ;
; PRESERVE_REGISTER                       ; on     ; -    ; u0_m0_wo0_wi0_r0_ra20_count0_inner_i[5]                                                                              ;
; PRESERVE_REGISTER                       ; on     ; -    ; u0_m0_wo0_wi0_r0_ra20_count0_inner_i[4]                                                                              ;
; PRESERVE_REGISTER                       ; on     ; -    ; u0_m0_wo0_wi0_r0_ra20_count0_inner_i[3]                                                                              ;
; PRESERVE_REGISTER                       ; on     ; -    ; u0_m0_wo0_wi0_r0_ra20_count0_inner_i[2]                                                                              ;
; PRESERVE_REGISTER                       ; on     ; -    ; u0_m0_wo0_wi0_r0_ra20_count0_inner_i[1]                                                                              ;
; PRESERVE_REGISTER                       ; on     ; -    ; u0_m0_wo0_wi0_r0_ra20_count0_inner_i[0]                                                                              ;
; PRESERVE_REGISTER                       ; on     ; -    ; u0_m0_wo0_wi0_r0_ra20_count0_i[7]                                                                                    ;
; PRESERVE_REGISTER                       ; on     ; -    ; u0_m0_wo0_wi0_r0_ra20_count0_i[6]                                                                                    ;
; PRESERVE_REGISTER                       ; on     ; -    ; u0_m0_wo0_wi0_r0_ra20_count0_i[5]                                                                                    ;
; PRESERVE_REGISTER                       ; on     ; -    ; u0_m0_wo0_wi0_r0_ra20_count0_i[4]                                                                                    ;
; PRESERVE_REGISTER                       ; on     ; -    ; u0_m0_wo0_wi0_r0_ra20_count0_i[3]                                                                                    ;
; PRESERVE_REGISTER                       ; on     ; -    ; u0_m0_wo0_wi0_r0_ra20_count0_i[2]                                                                                    ;
; PRESERVE_REGISTER                       ; on     ; -    ; u0_m0_wo0_wi0_r0_ra20_count0_i[1]                                                                                    ;
; PRESERVE_REGISTER                       ; on     ; -    ; u0_m0_wo0_wi0_r0_ra20_count0_i[0]                                                                                    ;
; PRESERVE_REGISTER                       ; on     ; -    ; u0_m0_wo0_wi0_r0_wa0_i[7]                                                                                            ;
; PRESERVE_REGISTER                       ; on     ; -    ; u0_m0_wo0_wi0_r0_wa0_i[6]                                                                                            ;
; PRESERVE_REGISTER                       ; on     ; -    ; u0_m0_wo0_wi0_r0_wa0_i[5]                                                                                            ;
; PRESERVE_REGISTER                       ; on     ; -    ; u0_m0_wo0_wi0_r0_wa0_i[4]                                                                                            ;
; PRESERVE_REGISTER                       ; on     ; -    ; u0_m0_wo0_wi0_r0_wa0_i[3]                                                                                            ;
; PRESERVE_REGISTER                       ; on     ; -    ; u0_m0_wo0_wi0_r0_wa0_i[2]                                                                                            ;
; PRESERVE_REGISTER                       ; on     ; -    ; u0_m0_wo0_wi0_r0_wa0_i[1]                                                                                            ;
; PRESERVE_REGISTER                       ; on     ; -    ; u0_m0_wo0_wi0_r0_wa0_i[0]                                                                                            ;
; PRESERVE_REGISTER                       ; on     ; -    ; u0_m0_wo0_wi0_r0_wa20_i[7]                                                                                           ;
; PRESERVE_REGISTER                       ; on     ; -    ; u0_m0_wo0_wi0_r0_wa20_i[6]                                                                                           ;
; PRESERVE_REGISTER                       ; on     ; -    ; u0_m0_wo0_wi0_r0_wa20_i[5]                                                                                           ;
; PRESERVE_REGISTER                       ; on     ; -    ; u0_m0_wo0_wi0_r0_wa20_i[4]                                                                                           ;
; PRESERVE_REGISTER                       ; on     ; -    ; u0_m0_wo0_wi0_r0_wa20_i[3]                                                                                           ;
; PRESERVE_REGISTER                       ; on     ; -    ; u0_m0_wo0_wi0_r0_wa20_i[2]                                                                                           ;
; PRESERVE_REGISTER                       ; on     ; -    ; u0_m0_wo0_wi0_r0_wa20_i[1]                                                                                           ;
; PRESERVE_REGISTER                       ; on     ; -    ; u0_m0_wo0_wi0_r0_wa20_i[0]                                                                                           ;
; PRESERVE_REGISTER                       ; on     ; -    ; u0_m0_wo0_ca20_i[7]                                                                                                  ;
; PRESERVE_REGISTER                       ; on     ; -    ; u0_m0_wo0_ca20_i[6]                                                                                                  ;
; PRESERVE_REGISTER                       ; on     ; -    ; u0_m0_wo0_ca20_i[5]                                                                                                  ;
; PRESERVE_REGISTER                       ; on     ; -    ; u0_m0_wo0_ca20_i[4]                                                                                                  ;
; PRESERVE_REGISTER                       ; on     ; -    ; u0_m0_wo0_ca20_i[3]                                                                                                  ;
; PRESERVE_REGISTER                       ; on     ; -    ; u0_m0_wo0_ca20_i[2]                                                                                                  ;
; PRESERVE_REGISTER                       ; on     ; -    ; u0_m0_wo0_ca20_i[1]                                                                                                  ;
; PRESERVE_REGISTER                       ; on     ; -    ; u0_m0_wo0_ca20_i[0]                                                                                                  ;
; PRESERVE_REGISTER                       ; on     ; -    ; u0_m0_wo0_ca20_eq                                                                                                    ;
+-----------------------------------------+--------+------+----------------------------------------------------------------------------------------------------------------------+


+-----------------------------------------------------------------------------------------------------------------------------------------------------------------------------------------------------------------------------------------------------------------------+
; Source assignments for FIR:u_FIR_0|fir_3k4:u_fir_3k4_0|fir_3k4_0002:fir_3k4_inst|fir_3k4_0002_ast:fir_3k4_0002_ast_inst|fir_3k4_0002_rtl_core:\real_passthrough:hpfircore_core|altsyncram:u0_m0_wo0_wi0_r0_ra20_count1_lut_lutmem_dmem|altsyncram_3bs3:auto_generated ;
+---------------------------------+--------------------+------+---------------------------------------------------------------------------------------------------------------------------------------------------------------------------------------------------------+
; Assignment                      ; Value              ; From ; To                                                                                                                                                                                                      ;
+---------------------------------+--------------------+------+---------------------------------------------------------------------------------------------------------------------------------------------------------------------------------------------------------+
; OPTIMIZE_POWER_DURING_SYNTHESIS ; NORMAL_COMPILATION ; -    ; -                                                                                                                                                                                                       ;
+---------------------------------+--------------------+------+---------------------------------------------------------------------------------------------------------------------------------------------------------------------------------------------------------+


+------------------------------------------------------------------------------------------------------------------------------------------------------------------------------------------------------------------------------------------------------+
; Source assignments for FIR:u_FIR_0|fir_3k4:u_fir_3k4_0|fir_3k4_0002:fir_3k4_inst|fir_3k4_0002_ast:fir_3k4_0002_ast_inst|fir_3k4_0002_rtl_core:\real_passthrough:hpfircore_core|altsyncram:u0_m0_wo0_wi0_r0_memr0_dmem|altsyncram_cmn3:auto_generated ;
+---------------------------------+--------------------+------+----------------------------------------------------------------------------------------------------------------------------------------------------------------------------------------+
; Assignment                      ; Value              ; From ; To                                                                                                                                                                                     ;
+---------------------------------+--------------------+------+----------------------------------------------------------------------------------------------------------------------------------------------------------------------------------------+
; OPTIMIZE_POWER_DURING_SYNTHESIS ; NORMAL_COMPILATION ; -    ; -                                                                                                                                                                                      ;
+---------------------------------+--------------------+------+----------------------------------------------------------------------------------------------------------------------------------------------------------------------------------------+


+------------------------------------------------------------------------------------------------------------------------------------------------------------------------------------------------------------------------------------------------------+
; Source assignments for FIR:u_FIR_0|fir_3k4:u_fir_3k4_0|fir_3k4_0002:fir_3k4_inst|fir_3k4_0002_ast:fir_3k4_0002_ast_inst|fir_3k4_0002_rtl_core:\real_passthrough:hpfircore_core|altsyncram:u0_m0_wo0_wi0_r0_memr1_dmem|altsyncram_gpn3:auto_generated ;
+---------------------------------+--------------------+------+----------------------------------------------------------------------------------------------------------------------------------------------------------------------------------------+
; Assignment                      ; Value              ; From ; To                                                                                                                                                                                     ;
+---------------------------------+--------------------+------+----------------------------------------------------------------------------------------------------------------------------------------------------------------------------------------+
; OPTIMIZE_POWER_DURING_SYNTHESIS ; NORMAL_COMPILATION ; -    ; -                                                                                                                                                                                      ;
+---------------------------------+--------------------+------+----------------------------------------------------------------------------------------------------------------------------------------------------------------------------------------+


+----------------------------------------------------------------------------------------------------------------------------------------------------------------------------------------------------------------------------------------------------+
; Source assignments for FIR:u_FIR_0|fir_3k4:u_fir_3k4_0|fir_3k4_0002:fir_3k4_inst|fir_3k4_0002_ast:fir_3k4_0002_ast_inst|fir_3k4_0002_rtl_core:\real_passthrough:hpfircore_core|altsyncram:u0_m0_wo0_cm6_lutmem_dmem|altsyncram_miq3:auto_generated ;
+---------------------------------+--------------------+------+--------------------------------------------------------------------------------------------------------------------------------------------------------------------------------------+
; Assignment                      ; Value              ; From ; To                                                                                                                                                                                   ;
+---------------------------------+--------------------+------+--------------------------------------------------------------------------------------------------------------------------------------------------------------------------------------+
; OPTIMIZE_POWER_DURING_SYNTHESIS ; NORMAL_COMPILATION ; -    ; -                                                                                                                                                                                    ;
+---------------------------------+--------------------+------+--------------------------------------------------------------------------------------------------------------------------------------------------------------------------------------+


+----------------------------------------------------------------------------------------------------------------------------------------------------------------------------------------------------------------------------------------------------+
; Source assignments for FIR:u_FIR_0|fir_3k4:u_fir_3k4_0|fir_3k4_0002:fir_3k4_inst|fir_3k4_0002_ast:fir_3k4_0002_ast_inst|fir_3k4_0002_rtl_core:\real_passthrough:hpfircore_core|altsyncram:u0_m0_wo0_cm7_lutmem_dmem|altsyncram_niq3:auto_generated ;
+---------------------------------+--------------------+------+--------------------------------------------------------------------------------------------------------------------------------------------------------------------------------------+
; Assignment                      ; Value              ; From ; To                                                                                                                                                                                   ;
+---------------------------------+--------------------+------+--------------------------------------------------------------------------------------------------------------------------------------------------------------------------------------+
; OPTIMIZE_POWER_DURING_SYNTHESIS ; NORMAL_COMPILATION ; -    ; -                                                                                                                                                                                    ;
+---------------------------------+--------------------+------+--------------------------------------------------------------------------------------------------------------------------------------------------------------------------------------+


+----------------------------------------------------------------------------------------------------------------------------------------------------------------------------------------------------------------------------------------------------+
; Source assignments for FIR:u_FIR_0|fir_3k4:u_fir_3k4_0|fir_3k4_0002:fir_3k4_inst|fir_3k4_0002_ast:fir_3k4_0002_ast_inst|fir_3k4_0002_rtl_core:\real_passthrough:hpfircore_core|altsyncram:u0_m0_wo0_cm8_lutmem_dmem|altsyncram_oiq3:auto_generated ;
+---------------------------------+--------------------+------+--------------------------------------------------------------------------------------------------------------------------------------------------------------------------------------+
; Assignment                      ; Value              ; From ; To                                                                                                                                                                                   ;
+---------------------------------+--------------------+------+--------------------------------------------------------------------------------------------------------------------------------------------------------------------------------------+
; OPTIMIZE_POWER_DURING_SYNTHESIS ; NORMAL_COMPILATION ; -    ; -                                                                                                                                                                                    ;
+---------------------------------+--------------------+------+--------------------------------------------------------------------------------------------------------------------------------------------------------------------------------------+


+------------------------------------------------------------------------------------------------------------------------------------------------------------------------------------------------------------------------------------------------------+
; Source assignments for FIR:u_FIR_0|fir_3k4:u_fir_3k4_0|fir_3k4_0002:fir_3k4_inst|fir_3k4_0002_ast:fir_3k4_0002_ast_inst|fir_3k4_0002_rtl_core:\real_passthrough:hpfircore_core|altsyncram:u0_m0_wo0_wi0_r0_memr9_dmem|altsyncram_gpn3:auto_generated ;
+---------------------------------+--------------------+------+----------------------------------------------------------------------------------------------------------------------------------------------------------------------------------------+
; Assignment                      ; Value              ; From ; To                                                                                                                                                                                     ;
+---------------------------------+--------------------+------+----------------------------------------------------------------------------------------------------------------------------------------------------------------------------------------+
; OPTIMIZE_POWER_DURING_SYNTHESIS ; NORMAL_COMPILATION ; -    ; -                                                                                                                                                                                      ;
+---------------------------------+--------------------+------+----------------------------------------------------------------------------------------------------------------------------------------------------------------------------------------+


+----------------------------------------------------------------------------------------------------------------------------------------------------------------------------------------------------------------------------------------------------+
; Source assignments for FIR:u_FIR_0|fir_3k4:u_fir_3k4_0|fir_3k4_0002:fir_3k4_inst|fir_3k4_0002_ast:fir_3k4_0002_ast_inst|fir_3k4_0002_rtl_core:\real_passthrough:hpfircore_core|altsyncram:u0_m0_wo0_cm9_lutmem_dmem|altsyncram_piq3:auto_generated ;
+---------------------------------+--------------------+------+--------------------------------------------------------------------------------------------------------------------------------------------------------------------------------------+
; Assignment                      ; Value              ; From ; To                                                                                                                                                                                   ;
+---------------------------------+--------------------+------+--------------------------------------------------------------------------------------------------------------------------------------------------------------------------------------+
; OPTIMIZE_POWER_DURING_SYNTHESIS ; NORMAL_COMPILATION ; -    ; -                                                                                                                                                                                    ;
+---------------------------------+--------------------+------+--------------------------------------------------------------------------------------------------------------------------------------------------------------------------------------+


+-----------------------------------------------------------------------------------------------------------------------------------------------------------------------------------------------------------------------------------------------------+
; Source assignments for FIR:u_FIR_0|fir_3k4:u_fir_3k4_0|fir_3k4_0002:fir_3k4_inst|fir_3k4_0002_ast:fir_3k4_0002_ast_inst|fir_3k4_0002_rtl_core:\real_passthrough:hpfircore_core|altsyncram:u0_m0_wo0_cm10_lutmem_dmem|altsyncram_1kq3:auto_generated ;
+---------------------------------+--------------------+------+---------------------------------------------------------------------------------------------------------------------------------------------------------------------------------------+
; Assignment                      ; Value              ; From ; To                                                                                                                                                                                    ;
+---------------------------------+--------------------+------+---------------------------------------------------------------------------------------------------------------------------------------------------------------------------------------+
; OPTIMIZE_POWER_DURING_SYNTHESIS ; NORMAL_COMPILATION ; -    ; -                                                                                                                                                                                     ;
+---------------------------------+--------------------+------+---------------------------------------------------------------------------------------------------------------------------------------------------------------------------------------+


+-----------------------------------------------------------------------------------------------------------------------------------------------------------------------------------------------------------------------------------------------------+
; Source assignments for FIR:u_FIR_0|fir_3k4:u_fir_3k4_0|fir_3k4_0002:fir_3k4_inst|fir_3k4_0002_ast:fir_3k4_0002_ast_inst|fir_3k4_0002_rtl_core:\real_passthrough:hpfircore_core|altsyncram:u0_m0_wo0_cm11_lutmem_dmem|altsyncram_2kq3:auto_generated ;
+---------------------------------+--------------------+------+---------------------------------------------------------------------------------------------------------------------------------------------------------------------------------------+
; Assignment                      ; Value              ; From ; To                                                                                                                                                                                    ;
+---------------------------------+--------------------+------+---------------------------------------------------------------------------------------------------------------------------------------------------------------------------------------+
; OPTIMIZE_POWER_DURING_SYNTHESIS ; NORMAL_COMPILATION ; -    ; -                                                                                                                                                                                     ;
+---------------------------------+--------------------+------+---------------------------------------------------------------------------------------------------------------------------------------------------------------------------------------+


+-----------------------------------------------------------------------------------------------------------------------------------------------------------------------------------------------------------------------------------------------------+
; Source assignments for FIR:u_FIR_0|fir_3k4:u_fir_3k4_0|fir_3k4_0002:fir_3k4_inst|fir_3k4_0002_ast:fir_3k4_0002_ast_inst|fir_3k4_0002_rtl_core:\real_passthrough:hpfircore_core|altsyncram:u0_m0_wo0_cm12_lutmem_dmem|altsyncram_3kq3:auto_generated ;
+---------------------------------+--------------------+------+---------------------------------------------------------------------------------------------------------------------------------------------------------------------------------------+
; Assignment                      ; Value              ; From ; To                                                                                                                                                                                    ;
+---------------------------------+--------------------+------+---------------------------------------------------------------------------------------------------------------------------------------------------------------------------------------+
; OPTIMIZE_POWER_DURING_SYNTHESIS ; NORMAL_COMPILATION ; -    ; -                                                                                                                                                                                     ;
+---------------------------------+--------------------+------+---------------------------------------------------------------------------------------------------------------------------------------------------------------------------------------+


+-----------------------------------------------------------------------------------------------------------------------------------------------------------------------------------------------------------------------------------------------------+
; Source assignments for FIR:u_FIR_0|fir_3k4:u_fir_3k4_0|fir_3k4_0002:fir_3k4_inst|fir_3k4_0002_ast:fir_3k4_0002_ast_inst|fir_3k4_0002_rtl_core:\real_passthrough:hpfircore_core|altsyncram:u0_m0_wo0_cm13_lutmem_dmem|altsyncram_4kq3:auto_generated ;
+---------------------------------+--------------------+------+---------------------------------------------------------------------------------------------------------------------------------------------------------------------------------------+
; Assignment                      ; Value              ; From ; To                                                                                                                                                                                    ;
+---------------------------------+--------------------+------+---------------------------------------------------------------------------------------------------------------------------------------------------------------------------------------+
; OPTIMIZE_POWER_DURING_SYNTHESIS ; NORMAL_COMPILATION ; -    ; -                                                                                                                                                                                     ;
+---------------------------------+--------------------+------+---------------------------------------------------------------------------------------------------------------------------------------------------------------------------------------+


+-----------------------------------------------------------------------------------------------------------------------------------------------------------------------------------------------------------------------------------------------------+
; Source assignments for FIR:u_FIR_0|fir_3k4:u_fir_3k4_0|fir_3k4_0002:fir_3k4_inst|fir_3k4_0002_ast:fir_3k4_0002_ast_inst|fir_3k4_0002_rtl_core:\real_passthrough:hpfircore_core|altsyncram:u0_m0_wo0_cm14_lutmem_dmem|altsyncram_5kq3:auto_generated ;
+---------------------------------+--------------------+------+---------------------------------------------------------------------------------------------------------------------------------------------------------------------------------------+
; Assignment                      ; Value              ; From ; To                                                                                                                                                                                    ;
+---------------------------------+--------------------+------+---------------------------------------------------------------------------------------------------------------------------------------------------------------------------------------+
; OPTIMIZE_POWER_DURING_SYNTHESIS ; NORMAL_COMPILATION ; -    ; -                                                                                                                                                                                     ;
+---------------------------------+--------------------+------+---------------------------------------------------------------------------------------------------------------------------------------------------------------------------------------+


+-------------------------------------------------------------------------------------------------------------------------------------------------------------------------------------------------------------------------------------------------------+
; Source assignments for FIR:u_FIR_0|fir_3k4:u_fir_3k4_0|fir_3k4_0002:fir_3k4_inst|fir_3k4_0002_ast:fir_3k4_0002_ast_inst|fir_3k4_0002_rtl_core:\real_passthrough:hpfircore_core|altsyncram:u0_m0_wo0_wi0_r0_memr17_dmem|altsyncram_6pn3:auto_generated ;
+---------------------------------+--------------------+------+-----------------------------------------------------------------------------------------------------------------------------------------------------------------------------------------+
; Assignment                      ; Value              ; From ; To                                                                                                                                                                                      ;
+---------------------------------+--------------------+------+-----------------------------------------------------------------------------------------------------------------------------------------------------------------------------------------+
; OPTIMIZE_POWER_DURING_SYNTHESIS ; NORMAL_COMPILATION ; -    ; -                                                                                                                                                                                       ;
+---------------------------------+--------------------+------+-----------------------------------------------------------------------------------------------------------------------------------------------------------------------------------------+


+------------------------------------------------------------------------------------------+
; Parameter Settings for User Entity Instance: PLL_32M:u_PLL_32M_0|altpll:altpll_component ;
+-------------------------------+---------------------------+------------------------------+
; Parameter Name                ; Value                     ; Type                         ;
+-------------------------------+---------------------------+------------------------------+
; OPERATION_MODE                ; NORMAL                    ; Untyped                      ;
; PLL_TYPE                      ; AUTO                      ; Untyped                      ;
; LPM_HINT                      ; CBX_MODULE_PREFIX=PLL_32M ; Untyped                      ;
; QUALIFY_CONF_DONE             ; OFF                       ; Untyped                      ;
; COMPENSATE_CLOCK              ; CLK0                      ; Untyped                      ;
; SCAN_CHAIN                    ; LONG                      ; Untyped                      ;
; PRIMARY_CLOCK                 ; INCLK0                    ; Untyped                      ;
; INCLK0_INPUT_FREQUENCY        ; 20000                     ; Signed Integer               ;
; INCLK1_INPUT_FREQUENCY        ; 0                         ; Untyped                      ;
; GATE_LOCK_SIGNAL              ; NO                        ; Untyped                      ;
; GATE_LOCK_COUNTER             ; 0                         ; Untyped                      ;
; LOCK_HIGH                     ; 1                         ; Untyped                      ;
; LOCK_LOW                      ; 1                         ; Untyped                      ;
; VALID_LOCK_MULTIPLIER         ; 1                         ; Untyped                      ;
; INVALID_LOCK_MULTIPLIER       ; 5                         ; Untyped                      ;
; SWITCH_OVER_ON_LOSSCLK        ; OFF                       ; Untyped                      ;
; SWITCH_OVER_ON_GATED_LOCK     ; OFF                       ; Untyped                      ;
; ENABLE_SWITCH_OVER_COUNTER    ; OFF                       ; Untyped                      ;
; SKIP_VCO                      ; OFF                       ; Untyped                      ;
; SWITCH_OVER_COUNTER           ; 0                         ; Untyped                      ;
; SWITCH_OVER_TYPE              ; AUTO                      ; Untyped                      ;
; FEEDBACK_SOURCE               ; EXTCLK0                   ; Untyped                      ;
; BANDWIDTH                     ; 0                         ; Untyped                      ;
; BANDWIDTH_TYPE                ; AUTO                      ; Untyped                      ;
; SPREAD_FREQUENCY              ; 0                         ; Untyped                      ;
; DOWN_SPREAD                   ; 0                         ; Untyped                      ;
; SELF_RESET_ON_GATED_LOSS_LOCK ; OFF                       ; Untyped                      ;
; SELF_RESET_ON_LOSS_LOCK       ; OFF                       ; Untyped                      ;
; CLK9_MULTIPLY_BY              ; 0                         ; Untyped                      ;
; CLK8_MULTIPLY_BY              ; 0                         ; Untyped                      ;
; CLK7_MULTIPLY_BY              ; 0                         ; Untyped                      ;
; CLK6_MULTIPLY_BY              ; 0                         ; Untyped                      ;
; CLK5_MULTIPLY_BY              ; 1                         ; Untyped                      ;
; CLK4_MULTIPLY_BY              ; 1                         ; Untyped                      ;
; CLK3_MULTIPLY_BY              ; 1                         ; Untyped                      ;
; CLK2_MULTIPLY_BY              ; 1                         ; Untyped                      ;
; CLK1_MULTIPLY_BY              ; 1                         ; Untyped                      ;
; CLK0_MULTIPLY_BY              ; 16                        ; Signed Integer               ;
; CLK9_DIVIDE_BY                ; 0                         ; Untyped                      ;
; CLK8_DIVIDE_BY                ; 0                         ; Untyped                      ;
; CLK7_DIVIDE_BY                ; 0                         ; Untyped                      ;
; CLK6_DIVIDE_BY                ; 0                         ; Untyped                      ;
; CLK5_DIVIDE_BY                ; 1                         ; Untyped                      ;
; CLK4_DIVIDE_BY                ; 1                         ; Untyped                      ;
; CLK3_DIVIDE_BY                ; 1                         ; Untyped                      ;
; CLK2_DIVIDE_BY                ; 1                         ; Untyped                      ;
; CLK1_DIVIDE_BY                ; 1                         ; Untyped                      ;
; CLK0_DIVIDE_BY                ; 25                        ; Signed Integer               ;
; CLK9_PHASE_SHIFT              ; 0                         ; Untyped                      ;
; CLK8_PHASE_SHIFT              ; 0                         ; Untyped                      ;
; CLK7_PHASE_SHIFT              ; 0                         ; Untyped                      ;
; CLK6_PHASE_SHIFT              ; 0                         ; Untyped                      ;
; CLK5_PHASE_SHIFT              ; 0                         ; Untyped                      ;
; CLK4_PHASE_SHIFT              ; 0                         ; Untyped                      ;
; CLK3_PHASE_SHIFT              ; 0                         ; Untyped                      ;
; CLK2_PHASE_SHIFT              ; 0                         ; Untyped                      ;
; CLK1_PHASE_SHIFT              ; 0                         ; Untyped                      ;
; CLK0_PHASE_SHIFT              ; 0                         ; Untyped                      ;
; CLK5_TIME_DELAY               ; 0                         ; Untyped                      ;
; CLK4_TIME_DELAY               ; 0                         ; Untyped                      ;
; CLK3_TIME_DELAY               ; 0                         ; Untyped                      ;
; CLK2_TIME_DELAY               ; 0                         ; Untyped                      ;
; CLK1_TIME_DELAY               ; 0                         ; Untyped                      ;
; CLK0_TIME_DELAY               ; 0                         ; Untyped                      ;
; CLK9_DUTY_CYCLE               ; 50                        ; Untyped                      ;
; CLK8_DUTY_CYCLE               ; 50                        ; Untyped                      ;
; CLK7_DUTY_CYCLE               ; 50                        ; Untyped                      ;
; CLK6_DUTY_CYCLE               ; 50                        ; Untyped                      ;
; CLK5_DUTY_CYCLE               ; 50                        ; Untyped                      ;
; CLK4_DUTY_CYCLE               ; 50                        ; Untyped                      ;
; CLK3_DUTY_CYCLE               ; 50                        ; Untyped                      ;
; CLK2_DUTY_CYCLE               ; 50                        ; Untyped                      ;
; CLK1_DUTY_CYCLE               ; 50                        ; Untyped                      ;
; CLK0_DUTY_CYCLE               ; 50                        ; Signed Integer               ;
; CLK9_USE_EVEN_COUNTER_MODE    ; OFF                       ; Untyped                      ;
; CLK8_USE_EVEN_COUNTER_MODE    ; OFF                       ; Untyped                      ;
; CLK7_USE_EVEN_COUNTER_MODE    ; OFF                       ; Untyped                      ;
; CLK6_USE_EVEN_COUNTER_MODE    ; OFF                       ; Untyped                      ;
; CLK5_USE_EVEN_COUNTER_MODE    ; OFF                       ; Untyped                      ;
; CLK4_USE_EVEN_COUNTER_MODE    ; OFF                       ; Untyped                      ;
; CLK3_USE_EVEN_COUNTER_MODE    ; OFF                       ; Untyped                      ;
; CLK2_USE_EVEN_COUNTER_MODE    ; OFF                       ; Untyped                      ;
; CLK1_USE_EVEN_COUNTER_MODE    ; OFF                       ; Untyped                      ;
; CLK0_USE_EVEN_COUNTER_MODE    ; OFF                       ; Untyped                      ;
; CLK9_USE_EVEN_COUNTER_VALUE   ; OFF                       ; Untyped                      ;
; CLK8_USE_EVEN_COUNTER_VALUE   ; OFF                       ; Untyped                      ;
; CLK7_USE_EVEN_COUNTER_VALUE   ; OFF                       ; Untyped                      ;
; CLK6_USE_EVEN_COUNTER_VALUE   ; OFF                       ; Untyped                      ;
; CLK5_USE_EVEN_COUNTER_VALUE   ; OFF                       ; Untyped                      ;
; CLK4_USE_EVEN_COUNTER_VALUE   ; OFF                       ; Untyped                      ;
; CLK3_USE_EVEN_COUNTER_VALUE   ; OFF                       ; Untyped                      ;
; CLK2_USE_EVEN_COUNTER_VALUE   ; OFF                       ; Untyped                      ;
; CLK1_USE_EVEN_COUNTER_VALUE   ; OFF                       ; Untyped                      ;
; CLK0_USE_EVEN_COUNTER_VALUE   ; OFF                       ; Untyped                      ;
; LOCK_WINDOW_UI                ;  0.05                     ; Untyped                      ;
; LOCK_WINDOW_UI_BITS           ; UNUSED                    ; Untyped                      ;
; VCO_RANGE_DETECTOR_LOW_BITS   ; UNUSED                    ; Untyped                      ;
; VCO_RANGE_DETECTOR_HIGH_BITS  ; UNUSED                    ; Untyped                      ;
; DPA_MULTIPLY_BY               ; 0                         ; Untyped                      ;
; DPA_DIVIDE_BY                 ; 1                         ; Untyped                      ;
; DPA_DIVIDER                   ; 0                         ; Untyped                      ;
; EXTCLK3_MULTIPLY_BY           ; 1                         ; Untyped                      ;
; EXTCLK2_MULTIPLY_BY           ; 1                         ; Untyped                      ;
; EXTCLK1_MULTIPLY_BY           ; 1                         ; Untyped                      ;
; EXTCLK0_MULTIPLY_BY           ; 1                         ; Untyped                      ;
; EXTCLK3_DIVIDE_BY             ; 1                         ; Untyped                      ;
; EXTCLK2_DIVIDE_BY             ; 1                         ; Untyped                      ;
; EXTCLK1_DIVIDE_BY             ; 1                         ; Untyped                      ;
; EXTCLK0_DIVIDE_BY             ; 1                         ; Untyped                      ;
; EXTCLK3_PHASE_SHIFT           ; 0                         ; Untyped                      ;
; EXTCLK2_PHASE_SHIFT           ; 0                         ; Untyped                      ;
; EXTCLK1_PHASE_SHIFT           ; 0                         ; Untyped                      ;
; EXTCLK0_PHASE_SHIFT           ; 0                         ; Untyped                      ;
; EXTCLK3_TIME_DELAY            ; 0                         ; Untyped                      ;
; EXTCLK2_TIME_DELAY            ; 0                         ; Untyped                      ;
; EXTCLK1_TIME_DELAY            ; 0                         ; Untyped                      ;
; EXTCLK0_TIME_DELAY            ; 0                         ; Untyped                      ;
; EXTCLK3_DUTY_CYCLE            ; 50                        ; Untyped                      ;
; EXTCLK2_DUTY_CYCLE            ; 50                        ; Untyped                      ;
; EXTCLK1_DUTY_CYCLE            ; 50                        ; Untyped                      ;
; EXTCLK0_DUTY_CYCLE            ; 50                        ; Untyped                      ;
; VCO_MULTIPLY_BY               ; 0                         ; Untyped                      ;
; VCO_DIVIDE_BY                 ; 0                         ; Untyped                      ;
; SCLKOUT0_PHASE_SHIFT          ; 0                         ; Untyped                      ;
; SCLKOUT1_PHASE_SHIFT          ; 0                         ; Untyped                      ;
; VCO_MIN                       ; 0                         ; Untyped                      ;
; VCO_MAX                       ; 0                         ; Untyped                      ;
; VCO_CENTER                    ; 0                         ; Untyped                      ;
; PFD_MIN                       ; 0                         ; Untyped                      ;
; PFD_MAX                       ; 0                         ; Untyped                      ;
; M_INITIAL                     ; 0                         ; Untyped                      ;
; M                             ; 0                         ; Untyped                      ;
; N                             ; 1                         ; Untyped                      ;
; M2                            ; 1                         ; Untyped                      ;
; N2                            ; 1                         ; Untyped                      ;
; SS                            ; 1                         ; Untyped                      ;
; C0_HIGH                       ; 0                         ; Untyped                      ;
; C1_HIGH                       ; 0                         ; Untyped                      ;
; C2_HIGH                       ; 0                         ; Untyped                      ;
; C3_HIGH                       ; 0                         ; Untyped                      ;
; C4_HIGH                       ; 0                         ; Untyped                      ;
; C5_HIGH                       ; 0                         ; Untyped                      ;
; C6_HIGH                       ; 0                         ; Untyped                      ;
; C7_HIGH                       ; 0                         ; Untyped                      ;
; C8_HIGH                       ; 0                         ; Untyped                      ;
; C9_HIGH                       ; 0                         ; Untyped                      ;
; C0_LOW                        ; 0                         ; Untyped                      ;
; C1_LOW                        ; 0                         ; Untyped                      ;
; C2_LOW                        ; 0                         ; Untyped                      ;
; C3_LOW                        ; 0                         ; Untyped                      ;
; C4_LOW                        ; 0                         ; Untyped                      ;
; C5_LOW                        ; 0                         ; Untyped                      ;
; C6_LOW                        ; 0                         ; Untyped                      ;
; C7_LOW                        ; 0                         ; Untyped                      ;
; C8_LOW                        ; 0                         ; Untyped                      ;
; C9_LOW                        ; 0                         ; Untyped                      ;
; C0_INITIAL                    ; 0                         ; Untyped                      ;
; C1_INITIAL                    ; 0                         ; Untyped                      ;
; C2_INITIAL                    ; 0                         ; Untyped                      ;
; C3_INITIAL                    ; 0                         ; Untyped                      ;
; C4_INITIAL                    ; 0                         ; Untyped                      ;
; C5_INITIAL                    ; 0                         ; Untyped                      ;
; C6_INITIAL                    ; 0                         ; Untyped                      ;
; C7_INITIAL                    ; 0                         ; Untyped                      ;
; C8_INITIAL                    ; 0                         ; Untyped                      ;
; C9_INITIAL                    ; 0                         ; Untyped                      ;
; C0_MODE                       ; BYPASS                    ; Untyped                      ;
; C1_MODE                       ; BYPASS                    ; Untyped                      ;
; C2_MODE                       ; BYPASS                    ; Untyped                      ;
; C3_MODE                       ; BYPASS                    ; Untyped                      ;
; C4_MODE                       ; BYPASS                    ; Untyped                      ;
; C5_MODE                       ; BYPASS                    ; Untyped                      ;
; C6_MODE                       ; BYPASS                    ; Untyped                      ;
; C7_MODE                       ; BYPASS                    ; Untyped                      ;
; C8_MODE                       ; BYPASS                    ; Untyped                      ;
; C9_MODE                       ; BYPASS                    ; Untyped                      ;
; C0_PH                         ; 0                         ; Untyped                      ;
; C1_PH                         ; 0                         ; Untyped                      ;
; C2_PH                         ; 0                         ; Untyped                      ;
; C3_PH                         ; 0                         ; Untyped                      ;
; C4_PH                         ; 0                         ; Untyped                      ;
; C5_PH                         ; 0                         ; Untyped                      ;
; C6_PH                         ; 0                         ; Untyped                      ;
; C7_PH                         ; 0                         ; Untyped                      ;
; C8_PH                         ; 0                         ; Untyped                      ;
; C9_PH                         ; 0                         ; Untyped                      ;
; L0_HIGH                       ; 1                         ; Untyped                      ;
; L1_HIGH                       ; 1                         ; Untyped                      ;
; G0_HIGH                       ; 1                         ; Untyped                      ;
; G1_HIGH                       ; 1                         ; Untyped                      ;
; G2_HIGH                       ; 1                         ; Untyped                      ;
; G3_HIGH                       ; 1                         ; Untyped                      ;
; E0_HIGH                       ; 1                         ; Untyped                      ;
; E1_HIGH                       ; 1                         ; Untyped                      ;
; E2_HIGH                       ; 1                         ; Untyped                      ;
; E3_HIGH                       ; 1                         ; Untyped                      ;
; L0_LOW                        ; 1                         ; Untyped                      ;
; L1_LOW                        ; 1                         ; Untyped                      ;
; G0_LOW                        ; 1                         ; Untyped                      ;
; G1_LOW                        ; 1                         ; Untyped                      ;
; G2_LOW                        ; 1                         ; Untyped                      ;
; G3_LOW                        ; 1                         ; Untyped                      ;
; E0_LOW                        ; 1                         ; Untyped                      ;
; E1_LOW                        ; 1                         ; Untyped                      ;
; E2_LOW                        ; 1                         ; Untyped                      ;
; E3_LOW                        ; 1                         ; Untyped                      ;
; L0_INITIAL                    ; 1                         ; Untyped                      ;
; L1_INITIAL                    ; 1                         ; Untyped                      ;
; G0_INITIAL                    ; 1                         ; Untyped                      ;
; G1_INITIAL                    ; 1                         ; Untyped                      ;
; G2_INITIAL                    ; 1                         ; Untyped                      ;
; G3_INITIAL                    ; 1                         ; Untyped                      ;
; E0_INITIAL                    ; 1                         ; Untyped                      ;
; E1_INITIAL                    ; 1                         ; Untyped                      ;
; E2_INITIAL                    ; 1                         ; Untyped                      ;
; E3_INITIAL                    ; 1                         ; Untyped                      ;
; L0_MODE                       ; BYPASS                    ; Untyped                      ;
; L1_MODE                       ; BYPASS                    ; Untyped                      ;
; G0_MODE                       ; BYPASS                    ; Untyped                      ;
; G1_MODE                       ; BYPASS                    ; Untyped                      ;
; G2_MODE                       ; BYPASS                    ; Untyped                      ;
; G3_MODE                       ; BYPASS                    ; Untyped                      ;
; E0_MODE                       ; BYPASS                    ; Untyped                      ;
; E1_MODE                       ; BYPASS                    ; Untyped                      ;
; E2_MODE                       ; BYPASS                    ; Untyped                      ;
; E3_MODE                       ; BYPASS                    ; Untyped                      ;
; L0_PH                         ; 0                         ; Untyped                      ;
; L1_PH                         ; 0                         ; Untyped                      ;
; G0_PH                         ; 0                         ; Untyped                      ;
; G1_PH                         ; 0                         ; Untyped                      ;
; G2_PH                         ; 0                         ; Untyped                      ;
; G3_PH                         ; 0                         ; Untyped                      ;
; E0_PH                         ; 0                         ; Untyped                      ;
; E1_PH                         ; 0                         ; Untyped                      ;
; E2_PH                         ; 0                         ; Untyped                      ;
; E3_PH                         ; 0                         ; Untyped                      ;
; M_PH                          ; 0                         ; Untyped                      ;
; C1_USE_CASC_IN                ; OFF                       ; Untyped                      ;
; C2_USE_CASC_IN                ; OFF                       ; Untyped                      ;
; C3_USE_CASC_IN                ; OFF                       ; Untyped                      ;
; C4_USE_CASC_IN                ; OFF                       ; Untyped                      ;
; C5_USE_CASC_IN                ; OFF                       ; Untyped                      ;
; C6_USE_CASC_IN                ; OFF                       ; Untyped                      ;
; C7_USE_CASC_IN                ; OFF                       ; Untyped                      ;
; C8_USE_CASC_IN                ; OFF                       ; Untyped                      ;
; C9_USE_CASC_IN                ; OFF                       ; Untyped                      ;
; CLK0_COUNTER                  ; G0                        ; Untyped                      ;
; CLK1_COUNTER                  ; G0                        ; Untyped                      ;
; CLK2_COUNTER                  ; G0                        ; Untyped                      ;
; CLK3_COUNTER                  ; G0                        ; Untyped                      ;
; CLK4_COUNTER                  ; G0                        ; Untyped                      ;
; CLK5_COUNTER                  ; G0                        ; Untyped                      ;
; CLK6_COUNTER                  ; E0                        ; Untyped                      ;
; CLK7_COUNTER                  ; E1                        ; Untyped                      ;
; CLK8_COUNTER                  ; E2                        ; Untyped                      ;
; CLK9_COUNTER                  ; E3                        ; Untyped                      ;
; L0_TIME_DELAY                 ; 0                         ; Untyped                      ;
; L1_TIME_DELAY                 ; 0                         ; Untyped                      ;
; G0_TIME_DELAY                 ; 0                         ; Untyped                      ;
; G1_TIME_DELAY                 ; 0                         ; Untyped                      ;
; G2_TIME_DELAY                 ; 0                         ; Untyped                      ;
; G3_TIME_DELAY                 ; 0                         ; Untyped                      ;
; E0_TIME_DELAY                 ; 0                         ; Untyped                      ;
; E1_TIME_DELAY                 ; 0                         ; Untyped                      ;
; E2_TIME_DELAY                 ; 0                         ; Untyped                      ;
; E3_TIME_DELAY                 ; 0                         ; Untyped                      ;
; M_TIME_DELAY                  ; 0                         ; Untyped                      ;
; N_TIME_DELAY                  ; 0                         ; Untyped                      ;
; EXTCLK3_COUNTER               ; E3                        ; Untyped                      ;
; EXTCLK2_COUNTER               ; E2                        ; Untyped                      ;
; EXTCLK1_COUNTER               ; E1                        ; Untyped                      ;
; EXTCLK0_COUNTER               ; E0                        ; Untyped                      ;
; ENABLE0_COUNTER               ; L0                        ; Untyped                      ;
; ENABLE1_COUNTER               ; L0                        ; Untyped                      ;
; CHARGE_PUMP_CURRENT           ; 2                         ; Untyped                      ;
; LOOP_FILTER_R                 ;  1.000000                 ; Untyped                      ;
; LOOP_FILTER_C                 ; 5                         ; Untyped                      ;
; CHARGE_PUMP_CURRENT_BITS      ; 9999                      ; Untyped                      ;
; LOOP_FILTER_R_BITS            ; 9999                      ; Untyped                      ;
; LOOP_FILTER_C_BITS            ; 9999                      ; Untyped                      ;
; VCO_POST_SCALE                ; 0                         ; Untyped                      ;
; CLK2_OUTPUT_FREQUENCY         ; 0                         ; Untyped                      ;
; CLK1_OUTPUT_FREQUENCY         ; 0                         ; Untyped                      ;
; CLK0_OUTPUT_FREQUENCY         ; 0                         ; Untyped                      ;
; INTENDED_DEVICE_FAMILY        ; Cyclone IV E              ; Untyped                      ;
; PORT_CLKENA0                  ; PORT_UNUSED               ; Untyped                      ;
; PORT_CLKENA1                  ; PORT_UNUSED               ; Untyped                      ;
; PORT_CLKENA2                  ; PORT_UNUSED               ; Untyped                      ;
; PORT_CLKENA3                  ; PORT_UNUSED               ; Untyped                      ;
; PORT_CLKENA4                  ; PORT_UNUSED               ; Untyped                      ;
; PORT_CLKENA5                  ; PORT_UNUSED               ; Untyped                      ;
; PORT_EXTCLKENA0               ; PORT_CONNECTIVITY         ; Untyped                      ;
; PORT_EXTCLKENA1               ; PORT_CONNECTIVITY         ; Untyped                      ;
; PORT_EXTCLKENA2               ; PORT_CONNECTIVITY         ; Untyped                      ;
; PORT_EXTCLKENA3               ; PORT_CONNECTIVITY         ; Untyped                      ;
; PORT_EXTCLK0                  ; PORT_UNUSED               ; Untyped                      ;
; PORT_EXTCLK1                  ; PORT_UNUSED               ; Untyped                      ;
; PORT_EXTCLK2                  ; PORT_UNUSED               ; Untyped                      ;
; PORT_EXTCLK3                  ; PORT_UNUSED               ; Untyped                      ;
; PORT_CLKBAD0                  ; PORT_UNUSED               ; Untyped                      ;
; PORT_CLKBAD1                  ; PORT_UNUSED               ; Untyped                      ;
; PORT_CLK0                     ; PORT_USED                 ; Untyped                      ;
; PORT_CLK1                     ; PORT_UNUSED               ; Untyped                      ;
; PORT_CLK2                     ; PORT_UNUSED               ; Untyped                      ;
; PORT_CLK3                     ; PORT_UNUSED               ; Untyped                      ;
; PORT_CLK4                     ; PORT_UNUSED               ; Untyped                      ;
; PORT_CLK5                     ; PORT_UNUSED               ; Untyped                      ;
; PORT_CLK6                     ; PORT_UNUSED               ; Untyped                      ;
; PORT_CLK7                     ; PORT_UNUSED               ; Untyped                      ;
; PORT_CLK8                     ; PORT_UNUSED               ; Untyped                      ;
; PORT_CLK9                     ; PORT_UNUSED               ; Untyped                      ;
; PORT_SCANDATA                 ; PORT_UNUSED               ; Untyped                      ;
; PORT_SCANDATAOUT              ; PORT_UNUSED               ; Untyped                      ;
; PORT_SCANDONE                 ; PORT_UNUSED               ; Untyped                      ;
; PORT_SCLKOUT1                 ; PORT_CONNECTIVITY         ; Untyped                      ;
; PORT_SCLKOUT0                 ; PORT_CONNECTIVITY         ; Untyped                      ;
; PORT_ACTIVECLOCK              ; PORT_UNUSED               ; Untyped                      ;
; PORT_CLKLOSS                  ; PORT_UNUSED               ; Untyped                      ;
; PORT_INCLK1                   ; PORT_UNUSED               ; Untyped                      ;
; PORT_INCLK0                   ; PORT_USED                 ; Untyped                      ;
; PORT_FBIN                     ; PORT_UNUSED               ; Untyped                      ;
; PORT_PLLENA                   ; PORT_UNUSED               ; Untyped                      ;
; PORT_CLKSWITCH                ; PORT_UNUSED               ; Untyped                      ;
; PORT_ARESET                   ; PORT_USED                 ; Untyped                      ;
; PORT_PFDENA                   ; PORT_UNUSED               ; Untyped                      ;
; PORT_SCANCLK                  ; PORT_UNUSED               ; Untyped                      ;
; PORT_SCANACLR                 ; PORT_UNUSED               ; Untyped                      ;
; PORT_SCANREAD                 ; PORT_UNUSED               ; Untyped                      ;
; PORT_SCANWRITE                ; PORT_UNUSED               ; Untyped                      ;
; PORT_ENABLE0                  ; PORT_CONNECTIVITY         ; Untyped                      ;
; PORT_ENABLE1                  ; PORT_CONNECTIVITY         ; Untyped                      ;
; PORT_LOCKED                   ; PORT_USED                 ; Untyped                      ;
; PORT_CONFIGUPDATE             ; PORT_UNUSED               ; Untyped                      ;
; PORT_FBOUT                    ; PORT_CONNECTIVITY         ; Untyped                      ;
; PORT_PHASEDONE                ; PORT_UNUSED               ; Untyped                      ;
; PORT_PHASESTEP                ; PORT_UNUSED               ; Untyped                      ;
; PORT_PHASEUPDOWN              ; PORT_UNUSED               ; Untyped                      ;
; PORT_SCANCLKENA               ; PORT_UNUSED               ; Untyped                      ;
; PORT_PHASECOUNTERSELECT       ; PORT_UNUSED               ; Untyped                      ;
; PORT_VCOOVERRANGE             ; PORT_CONNECTIVITY         ; Untyped                      ;
; PORT_VCOUNDERRANGE            ; PORT_CONNECTIVITY         ; Untyped                      ;
; M_TEST_SOURCE                 ; 5                         ; Untyped                      ;
; C0_TEST_SOURCE                ; 5                         ; Untyped                      ;
; C1_TEST_SOURCE                ; 5                         ; Untyped                      ;
; C2_TEST_SOURCE                ; 5                         ; Untyped                      ;
; C3_TEST_SOURCE                ; 5                         ; Untyped                      ;
; C4_TEST_SOURCE                ; 5                         ; Untyped                      ;
; C5_TEST_SOURCE                ; 5                         ; Untyped                      ;
; C6_TEST_SOURCE                ; 5                         ; Untyped                      ;
; C7_TEST_SOURCE                ; 5                         ; Untyped                      ;
; C8_TEST_SOURCE                ; 5                         ; Untyped                      ;
; C9_TEST_SOURCE                ; 5                         ; Untyped                      ;
; CBXI_PARAMETER                ; PLL_32M_altpll            ; Untyped                      ;
; VCO_FREQUENCY_CONTROL         ; AUTO                      ; Untyped                      ;
; VCO_PHASE_SHIFT_STEP          ; 0                         ; Untyped                      ;
; WIDTH_CLOCK                   ; 5                         ; Signed Integer               ;
; WIDTH_PHASECOUNTERSELECT      ; 4                         ; Untyped                      ;
; USING_FBMIMICBIDIR_PORT       ; OFF                       ; Untyped                      ;
; DEVICE_FAMILY                 ; Cyclone IV E              ; Untyped                      ;
; SCAN_CHAIN_MIF_FILE           ; UNUSED                    ; Untyped                      ;
; SIM_GATE_LOCK_DEVICE_BEHAVIOR ; OFF                       ; Untyped                      ;
; AUTO_CARRY_CHAINS             ; ON                        ; AUTO_CARRY                   ;
; IGNORE_CARRY_BUFFERS          ; OFF                       ; IGNORE_CARRY                 ;
; AUTO_CASCADE_CHAINS           ; ON                        ; AUTO_CASCADE                 ;
; IGNORE_CASCADE_BUFFERS        ; OFF                       ; IGNORE_CASCADE               ;
+-------------------------------+---------------------------+------------------------------+
Note: In order to hide this table in the UI and the text report file, please set the "Show Parameter Settings in Synthesis Report" option in "Analysis and Synthesis Settings -> More Settings" to "Off".


+-----------------------------------------------------------------------------------------------------------------------------------------------+
; Parameter Settings for User Entity Instance: FIR:u_FIR_0|fir_3k4:u_fir_3k4_0|fir_3k4_0002:fir_3k4_inst|fir_3k4_0002_ast:fir_3k4_0002_ast_inst ;
+---------------------+--------------+----------------------------------------------------------------------------------------------------------+
; Parameter Name      ; Value        ; Type                                                                                                     ;
+---------------------+--------------+----------------------------------------------------------------------------------------------------------+
; INWIDTH             ; 8            ; Signed Integer                                                                                           ;
; OUT_WIDTH_UNTRIMMED ; 29           ; Signed Integer                                                                                           ;
; BANKINWIDTH         ; 0            ; Signed Integer                                                                                           ;
; REM_LSB_BIT_g       ; 0            ; Signed Integer                                                                                           ;
; REM_LSB_TYPE_g      ; trunc        ; String                                                                                                   ;
; REM_MSB_BIT_g       ; 0            ; Signed Integer                                                                                           ;
; REM_MSB_TYPE_g      ; trunc        ; String                                                                                                   ;
; PHYSCHANIN          ; 1            ; Signed Integer                                                                                           ;
; PHYSCHANOUT         ; 1            ; Signed Integer                                                                                           ;
; CHANSPERPHYIN       ; 1            ; Signed Integer                                                                                           ;
; CHANSPERPHYOUT      ; 1            ; Signed Integer                                                                                           ;
; OUTPUTFIFODEPTH     ; 8            ; Signed Integer                                                                                           ;
; USE_PACKETS         ; 0            ; Signed Integer                                                                                           ;
; MODE_WIDTH          ; 0            ; Signed Integer                                                                                           ;
; ENABLE_BACKPRESSURE ; false        ; Enumerated                                                                                               ;
; LOG2_CHANSPERPHYOUT ; 1            ; Signed Integer                                                                                           ;
; NUMCHANS            ; 1            ; Signed Integer                                                                                           ;
; DEVICE_FAMILY       ; Cyclone IV E ; String                                                                                                   ;
; COMPLEX_CONST       ; 1            ; Signed Integer                                                                                           ;
+---------------------+--------------+----------------------------------------------------------------------------------------------------------+
Note: In order to hide this table in the UI and the text report file, please set the "Show Parameter Settings in Synthesis Report" option in "Analysis and Synthesis Settings -> More Settings" to "Off".


+------------------------------------------------------------------------------------------------------------------------------------------------------------------------------------------+
; Parameter Settings for User Entity Instance: FIR:u_FIR_0|fir_3k4:u_fir_3k4_0|fir_3k4_0002:fir_3k4_inst|fir_3k4_0002_ast:fir_3k4_0002_ast_inst|auk_dspip_avalon_streaming_sink_hpfir:sink ;
+-----------------+-------+----------------------------------------------------------------------------------------------------------------------------------------------------------------+
; Parameter Name  ; Value ; Type                                                                                                                                                           ;
+-----------------+-------+----------------------------------------------------------------------------------------------------------------------------------------------------------------+
; width_g         ; 8     ; Signed Integer                                                                                                                                                 ;
; data_width      ; 8     ; Signed Integer                                                                                                                                                 ;
; data_port_count ; 1     ; Signed Integer                                                                                                                                                 ;
; packet_size_g   ; 1     ; Signed Integer                                                                                                                                                 ;
+-----------------+-------+----------------------------------------------------------------------------------------------------------------------------------------------------------------+
Note: In order to hide this table in the UI and the text report file, please set the "Show Parameter Settings in Synthesis Report" option in "Analysis and Synthesis Settings -> More Settings" to "Off".


+----------------------------------------------------------------------------------------------------------------------------------------------------------------------------------------------+
; Parameter Settings for User Entity Instance: FIR:u_FIR_0|fir_3k4:u_fir_3k4_0|fir_3k4_0002:fir_3k4_inst|fir_3k4_0002_ast:fir_3k4_0002_ast_inst|auk_dspip_avalon_streaming_source_hpfir:source ;
+-----------------------+-------+--------------------------------------------------------------------------------------------------------------------------------------------------------------+
; Parameter Name        ; Value ; Type                                                                                                                                                         ;
+-----------------------+-------+--------------------------------------------------------------------------------------------------------------------------------------------------------------+
; width_g               ; 29    ; Signed Integer                                                                                                                                               ;
; data_width            ; 29    ; Signed Integer                                                                                                                                               ;
; data_port_count       ; 1     ; Signed Integer                                                                                                                                               ;
; packet_size_g         ; 1     ; Signed Integer                                                                                                                                               ;
; fifo_depth_g          ; 8     ; Signed Integer                                                                                                                                               ;
; have_counter_g        ; false ; Enumerated                                                                                                                                                   ;
; counter_limit_g       ; 1     ; Signed Integer                                                                                                                                               ;
; use_packets           ; 0     ; Signed Integer                                                                                                                                               ;
; enable_backpressure_g ; false ; Enumerated                                                                                                                                                   ;
+-----------------------+-------+--------------------------------------------------------------------------------------------------------------------------------------------------------------+
Note: In order to hide this table in the UI and the text report file, please set the "Show Parameter Settings in Synthesis Report" option in "Analysis and Synthesis Settings -> More Settings" to "Off".


+------------------------------------------------------------------------------------------------------------------------------------------------------------------------------------------------------------------------------------+
; Parameter Settings for User Entity Instance: FIR:u_FIR_0|fir_3k4:u_fir_3k4_0|fir_3k4_0002:fir_3k4_inst|fir_3k4_0002_ast:fir_3k4_0002_ast_inst|fir_3k4_0002_rtl_core:\real_passthrough:hpfircore_core|dspba_delay:u0_m0_wo0_memread ;
+----------------+-------+-----------------------------------------------------------------------------------------------------------------------------------------------------------------------------------------------------------+
; Parameter Name ; Value ; Type                                                                                                                                                                                                      ;
+----------------+-------+-----------------------------------------------------------------------------------------------------------------------------------------------------------------------------------------------------------+
; width          ; 1     ; Signed Integer                                                                                                                                                                                            ;
; depth          ; 1     ; Signed Integer                                                                                                                                                                                            ;
; reset_high     ; '1'   ; Enumerated                                                                                                                                                                                                ;
; reset_kind     ; ASYNC ; String                                                                                                                                                                                                    ;
+----------------+-------+-----------------------------------------------------------------------------------------------------------------------------------------------------------------------------------------------------------+
Note: In order to hide this table in the UI and the text report file, please set the "Show Parameter Settings in Synthesis Report" option in "Analysis and Synthesis Settings -> More Settings" to "Off".


+-------------------------------------------------------------------------------------------------------------------------------------------------------------------------------------------------------------------------------------------+
; Parameter Settings for User Entity Instance: FIR:u_FIR_0|fir_3k4:u_fir_3k4_0|fir_3k4_0002:fir_3k4_inst|fir_3k4_0002_ast:fir_3k4_0002_ast_inst|fir_3k4_0002_rtl_core:\real_passthrough:hpfircore_core|dspba_delay:d_u0_m0_wo0_memread_q_13 ;
+----------------+-------+------------------------------------------------------------------------------------------------------------------------------------------------------------------------------------------------------------------+
; Parameter Name ; Value ; Type                                                                                                                                                                                                             ;
+----------------+-------+------------------------------------------------------------------------------------------------------------------------------------------------------------------------------------------------------------------+
; width          ; 1     ; Signed Integer                                                                                                                                                                                                   ;
; depth          ; 1     ; Signed Integer                                                                                                                                                                                                   ;
; reset_high     ; '1'   ; Enumerated                                                                                                                                                                                                       ;
; reset_kind     ; ASYNC ; String                                                                                                                                                                                                           ;
+----------------+-------+------------------------------------------------------------------------------------------------------------------------------------------------------------------------------------------------------------------+
Note: In order to hide this table in the UI and the text report file, please set the "Show Parameter Settings in Synthesis Report" option in "Analysis and Synthesis Settings -> More Settings" to "Off".


+------------------------------------------------------------------------------------------------------------------------------------------------------------------------------------------------------------------------------------+
; Parameter Settings for User Entity Instance: FIR:u_FIR_0|fir_3k4:u_fir_3k4_0|fir_3k4_0002:fir_3k4_inst|fir_3k4_0002_ast:fir_3k4_0002_ast_inst|fir_3k4_0002_rtl_core:\real_passthrough:hpfircore_core|dspba_delay:u0_m0_wo0_compute ;
+----------------+-------+-----------------------------------------------------------------------------------------------------------------------------------------------------------------------------------------------------------+
; Parameter Name ; Value ; Type                                                                                                                                                                                                      ;
+----------------+-------+-----------------------------------------------------------------------------------------------------------------------------------------------------------------------------------------------------------+
; width          ; 1     ; Signed Integer                                                                                                                                                                                            ;
; depth          ; 2     ; Signed Integer                                                                                                                                                                                            ;
; reset_high     ; '1'   ; Enumerated                                                                                                                                                                                                ;
; reset_kind     ; ASYNC ; String                                                                                                                                                                                                    ;
+----------------+-------+-----------------------------------------------------------------------------------------------------------------------------------------------------------------------------------------------------------+
Note: In order to hide this table in the UI and the text report file, please set the "Show Parameter Settings in Synthesis Report" option in "Analysis and Synthesis Settings -> More Settings" to "Off".


+-------------------------------------------------------------------------------------------------------------------------------------------------------------------------------------------------------------------------------------------+
; Parameter Settings for User Entity Instance: FIR:u_FIR_0|fir_3k4:u_fir_3k4_0|fir_3k4_0002:fir_3k4_inst|fir_3k4_0002_ast:fir_3k4_0002_ast_inst|fir_3k4_0002_rtl_core:\real_passthrough:hpfircore_core|dspba_delay:d_u0_m0_wo0_compute_q_14 ;
+----------------+-------+------------------------------------------------------------------------------------------------------------------------------------------------------------------------------------------------------------------+
; Parameter Name ; Value ; Type                                                                                                                                                                                                             ;
+----------------+-------+------------------------------------------------------------------------------------------------------------------------------------------------------------------------------------------------------------------+
; width          ; 1     ; Signed Integer                                                                                                                                                                                                   ;
; depth          ; 1     ; Signed Integer                                                                                                                                                                                                   ;
; reset_high     ; '1'   ; Enumerated                                                                                                                                                                                                       ;
; reset_kind     ; ASYNC ; String                                                                                                                                                                                                           ;
+----------------+-------+------------------------------------------------------------------------------------------------------------------------------------------------------------------------------------------------------------------+
Note: In order to hide this table in the UI and the text report file, please set the "Show Parameter Settings in Synthesis Report" option in "Analysis and Synthesis Settings -> More Settings" to "Off".


+-------------------------------------------------------------------------------------------------------------------------------------------------------------------------------------------------------------------------------------------+
; Parameter Settings for User Entity Instance: FIR:u_FIR_0|fir_3k4:u_fir_3k4_0|fir_3k4_0002:fir_3k4_inst|fir_3k4_0002_ast:fir_3k4_0002_ast_inst|fir_3k4_0002_rtl_core:\real_passthrough:hpfircore_core|dspba_delay:d_u0_m0_wo0_compute_q_20 ;
+----------------+-------+------------------------------------------------------------------------------------------------------------------------------------------------------------------------------------------------------------------+
; Parameter Name ; Value ; Type                                                                                                                                                                                                             ;
+----------------+-------+------------------------------------------------------------------------------------------------------------------------------------------------------------------------------------------------------------------+
; width          ; 1     ; Signed Integer                                                                                                                                                                                                   ;
; depth          ; 6     ; Signed Integer                                                                                                                                                                                                   ;
; reset_high     ; '1'   ; Enumerated                                                                                                                                                                                                       ;
; reset_kind     ; ASYNC ; String                                                                                                                                                                                                           ;
+----------------+-------+------------------------------------------------------------------------------------------------------------------------------------------------------------------------------------------------------------------+
Note: In order to hide this table in the UI and the text report file, please set the "Show Parameter Settings in Synthesis Report" option in "Analysis and Synthesis Settings -> More Settings" to "Off".


+-------------------------------------------------------------------------------------------------------------------------------------------------------------------------------------------------------------------------------------------+
; Parameter Settings for User Entity Instance: FIR:u_FIR_0|fir_3k4:u_fir_3k4_0|fir_3k4_0002:fir_3k4_inst|fir_3k4_0002_ast:fir_3k4_0002_ast_inst|fir_3k4_0002_rtl_core:\real_passthrough:hpfircore_core|dspba_delay:d_u0_m0_wo0_compute_q_21 ;
+----------------+-------+------------------------------------------------------------------------------------------------------------------------------------------------------------------------------------------------------------------+
; Parameter Name ; Value ; Type                                                                                                                                                                                                             ;
+----------------+-------+------------------------------------------------------------------------------------------------------------------------------------------------------------------------------------------------------------------+
; width          ; 1     ; Signed Integer                                                                                                                                                                                                   ;
; depth          ; 1     ; Signed Integer                                                                                                                                                                                                   ;
; reset_high     ; '1'   ; Enumerated                                                                                                                                                                                                       ;
; reset_kind     ; ASYNC ; String                                                                                                                                                                                                           ;
+----------------+-------+------------------------------------------------------------------------------------------------------------------------------------------------------------------------------------------------------------------+
Note: In order to hide this table in the UI and the text report file, please set the "Show Parameter Settings in Synthesis Report" option in "Analysis and Synthesis Settings -> More Settings" to "Off".


+--------------------------------------------------------------------------------------------------------------------------------------------------------------------------------------------------------------------------------------------------------------+
; Parameter Settings for User Entity Instance: FIR:u_FIR_0|fir_3k4:u_fir_3k4_0|fir_3k4_0002:fir_3k4_inst|fir_3k4_0002_ast:fir_3k4_0002_ast_inst|fir_3k4_0002_rtl_core:\real_passthrough:hpfircore_core|altsyncram:u0_m0_wo0_wi0_r0_ra20_count1_lut_lutmem_dmem ;
+------------------------------------+-------------------------------------------------------------------+-----------------------------------------------------------------------------------------------------------------------------------------------------+
; Parameter Name                     ; Value                                                             ; Type                                                                                                                                                ;
+------------------------------------+-------------------------------------------------------------------+-----------------------------------------------------------------------------------------------------------------------------------------------------+
; BYTE_SIZE_BLOCK                    ; 8                                                                 ; Untyped                                                                                                                                             ;
; AUTO_CARRY_CHAINS                  ; ON                                                                ; AUTO_CARRY                                                                                                                                          ;
; IGNORE_CARRY_BUFFERS               ; OFF                                                               ; IGNORE_CARRY                                                                                                                                        ;
; AUTO_CASCADE_CHAINS                ; ON                                                                ; AUTO_CASCADE                                                                                                                                        ;
; IGNORE_CASCADE_BUFFERS             ; OFF                                                               ; IGNORE_CASCADE                                                                                                                                      ;
; WIDTH_BYTEENA                      ; 1                                                                 ; Untyped                                                                                                                                             ;
; OPERATION_MODE                     ; ROM                                                               ; Untyped                                                                                                                                             ;
; WIDTH_A                            ; 9                                                                 ; Signed Integer                                                                                                                                      ;
; WIDTHAD_A                          ; 8                                                                 ; Signed Integer                                                                                                                                      ;
; NUMWORDS_A                         ; 239                                                               ; Signed Integer                                                                                                                                      ;
; OUTDATA_REG_A                      ; CLOCK0                                                            ; Untyped                                                                                                                                             ;
; ADDRESS_ACLR_A                     ; NONE                                                              ; Untyped                                                                                                                                             ;
; OUTDATA_ACLR_A                     ; CLEAR0                                                            ; Untyped                                                                                                                                             ;
; WRCONTROL_ACLR_A                   ; NONE                                                              ; Untyped                                                                                                                                             ;
; INDATA_ACLR_A                      ; NONE                                                              ; Untyped                                                                                                                                             ;
; BYTEENA_ACLR_A                     ; NONE                                                              ; Untyped                                                                                                                                             ;
; WIDTH_B                            ; 1                                                                 ; Signed Integer                                                                                                                                      ;
; WIDTHAD_B                          ; 1                                                                 ; Signed Integer                                                                                                                                      ;
; NUMWORDS_B                         ; 0                                                                 ; Signed Integer                                                                                                                                      ;
; INDATA_REG_B                       ; CLOCK1                                                            ; Untyped                                                                                                                                             ;
; WRCONTROL_WRADDRESS_REG_B          ; CLOCK1                                                            ; Untyped                                                                                                                                             ;
; RDCONTROL_REG_B                    ; CLOCK1                                                            ; Untyped                                                                                                                                             ;
; ADDRESS_REG_B                      ; CLOCK1                                                            ; Untyped                                                                                                                                             ;
; OUTDATA_REG_B                      ; UNREGISTERED                                                      ; Untyped                                                                                                                                             ;
; BYTEENA_REG_B                      ; CLOCK1                                                            ; Untyped                                                                                                                                             ;
; INDATA_ACLR_B                      ; NONE                                                              ; Untyped                                                                                                                                             ;
; WRCONTROL_ACLR_B                   ; NONE                                                              ; Untyped                                                                                                                                             ;
; ADDRESS_ACLR_B                     ; NONE                                                              ; Untyped                                                                                                                                             ;
; OUTDATA_ACLR_B                     ; NONE                                                              ; Untyped                                                                                                                                             ;
; RDCONTROL_ACLR_B                   ; NONE                                                              ; Untyped                                                                                                                                             ;
; BYTEENA_ACLR_B                     ; NONE                                                              ; Untyped                                                                                                                                             ;
; WIDTH_BYTEENA_A                    ; 1                                                                 ; Signed Integer                                                                                                                                      ;
; WIDTH_BYTEENA_B                    ; 1                                                                 ; Signed Integer                                                                                                                                      ;
; RAM_BLOCK_TYPE                     ; M9K                                                               ; Untyped                                                                                                                                             ;
; BYTE_SIZE                          ; 8                                                                 ; Signed Integer                                                                                                                                      ;
; READ_DURING_WRITE_MODE_MIXED_PORTS ; DONT_CARE                                                         ; Untyped                                                                                                                                             ;
; READ_DURING_WRITE_MODE_PORT_A      ; NEW_DATA_NO_NBE_READ                                              ; Untyped                                                                                                                                             ;
; READ_DURING_WRITE_MODE_PORT_B      ; NEW_DATA_NO_NBE_READ                                              ; Untyped                                                                                                                                             ;
; INIT_FILE                          ; fir_3k4_0002_rtl_core_u0_m0_wo0_wi0_r0_ra20_count1_lut_lutmem.hex ; Untyped                                                                                                                                             ;
; INIT_FILE_LAYOUT                   ; PORT_A                                                            ; Untyped                                                                                                                                             ;
; MAXIMUM_DEPTH                      ; 0                                                                 ; Signed Integer                                                                                                                                      ;
; CLOCK_ENABLE_INPUT_A               ; NORMAL                                                            ; Untyped                                                                                                                                             ;
; CLOCK_ENABLE_INPUT_B               ; NORMAL                                                            ; Untyped                                                                                                                                             ;
; CLOCK_ENABLE_OUTPUT_A              ; NORMAL                                                            ; Untyped                                                                                                                                             ;
; CLOCK_ENABLE_OUTPUT_B              ; NORMAL                                                            ; Untyped                                                                                                                                             ;
; CLOCK_ENABLE_CORE_A                ; USE_INPUT_CLKEN                                                   ; Untyped                                                                                                                                             ;
; CLOCK_ENABLE_CORE_B                ; USE_INPUT_CLKEN                                                   ; Untyped                                                                                                                                             ;
; ENABLE_ECC                         ; FALSE                                                             ; Untyped                                                                                                                                             ;
; ECC_PIPELINE_STAGE_ENABLED         ; FALSE                                                             ; Untyped                                                                                                                                             ;
; WIDTH_ECCSTATUS                    ; 3                                                                 ; Signed Integer                                                                                                                                      ;
; DEVICE_FAMILY                      ; Cyclone IV E                                                      ; Untyped                                                                                                                                             ;
; CBXI_PARAMETER                     ; altsyncram_3bs3                                                   ; Untyped                                                                                                                                             ;
+------------------------------------+-------------------------------------------------------------------+-----------------------------------------------------------------------------------------------------------------------------------------------------+
Note: In order to hide this table in the UI and the text report file, please set the "Show Parameter Settings in Synthesis Report" option in "Analysis and Synthesis Settings -> More Settings" to "Off".


+-------------------------------------------------------------------------------------------------------------------------------------------------------------------------------------------------------------------------------------------+
; Parameter Settings for User Entity Instance: FIR:u_FIR_0|fir_3k4:u_fir_3k4_0|fir_3k4_0002:fir_3k4_inst|fir_3k4_0002_ast:fir_3k4_0002_ast_inst|fir_3k4_0002_rtl_core:\real_passthrough:hpfircore_core|dspba_delay:d_u0_m0_wo0_memread_q_14 ;
+----------------+-------+------------------------------------------------------------------------------------------------------------------------------------------------------------------------------------------------------------------+
; Parameter Name ; Value ; Type                                                                                                                                                                                                             ;
+----------------+-------+------------------------------------------------------------------------------------------------------------------------------------------------------------------------------------------------------------------+
; width          ; 1     ; Signed Integer                                                                                                                                                                                                   ;
; depth          ; 1     ; Signed Integer                                                                                                                                                                                                   ;
; reset_high     ; '1'   ; Enumerated                                                                                                                                                                                                       ;
; reset_kind     ; ASYNC ; String                                                                                                                                                                                                           ;
+----------------+-------+------------------------------------------------------------------------------------------------------------------------------------------------------------------------------------------------------------------+
Note: In order to hide this table in the UI and the text report file, please set the "Show Parameter Settings in Synthesis Report" option in "Analysis and Synthesis Settings -> More Settings" to "Off".


+-----------------------------------------------------------------------------------------------------------------------------------------------------------------------------------------------------------------------------+
; Parameter Settings for User Entity Instance: FIR:u_FIR_0|fir_3k4:u_fir_3k4_0|fir_3k4_0002:fir_3k4_inst|fir_3k4_0002_ast:fir_3k4_0002_ast_inst|fir_3k4_0002_rtl_core:\real_passthrough:hpfircore_core|dspba_delay:d_xIn_0_15 ;
+----------------+-------+----------------------------------------------------------------------------------------------------------------------------------------------------------------------------------------------------+
; Parameter Name ; Value ; Type                                                                                                                                                                                               ;
+----------------+-------+----------------------------------------------------------------------------------------------------------------------------------------------------------------------------------------------------+
; width          ; 8     ; Signed Integer                                                                                                                                                                                     ;
; depth          ; 5     ; Signed Integer                                                                                                                                                                                     ;
; reset_high     ; '1'   ; Enumerated                                                                                                                                                                                         ;
; reset_kind     ; ASYNC ; String                                                                                                                                                                                             ;
+----------------+-------+----------------------------------------------------------------------------------------------------------------------------------------------------------------------------------------------------+
Note: In order to hide this table in the UI and the text report file, please set the "Show Parameter Settings in Synthesis Report" option in "Analysis and Synthesis Settings -> More Settings" to "Off".


+---------------------------------------------------------------------------------------------------------------------------------------------------------------------------------------------------------------------------------------------------+
; Parameter Settings for User Entity Instance: FIR:u_FIR_0|fir_3k4:u_fir_3k4_0|fir_3k4_0002:fir_3k4_inst|fir_3k4_0002_ast:fir_3k4_0002_ast_inst|fir_3k4_0002_rtl_core:\real_passthrough:hpfircore_core|dspba_delay:d_in0_m0_wi0_wo0_assign_id1_q_15 ;
+----------------+-------+--------------------------------------------------------------------------------------------------------------------------------------------------------------------------------------------------------------------------+
; Parameter Name ; Value ; Type                                                                                                                                                                                                                     ;
+----------------+-------+--------------------------------------------------------------------------------------------------------------------------------------------------------------------------------------------------------------------------+
; width          ; 1     ; Signed Integer                                                                                                                                                                                                           ;
; depth          ; 5     ; Signed Integer                                                                                                                                                                                                           ;
; reset_high     ; '1'   ; Enumerated                                                                                                                                                                                                               ;
; reset_kind     ; ASYNC ; String                                                                                                                                                                                                                   ;
+----------------+-------+--------------------------------------------------------------------------------------------------------------------------------------------------------------------------------------------------------------------------+
Note: In order to hide this table in the UI and the text report file, please set the "Show Parameter Settings in Synthesis Report" option in "Analysis and Synthesis Settings -> More Settings" to "Off".


+---------------------------------------------------------------------------------------------------------------------------------------------------------------------------------------------------------------------------------------------+
; Parameter Settings for User Entity Instance: FIR:u_FIR_0|fir_3k4:u_fir_3k4_0|fir_3k4_0002:fir_3k4_inst|fir_3k4_0002_ast:fir_3k4_0002_ast_inst|fir_3k4_0002_rtl_core:\real_passthrough:hpfircore_core|altsyncram:u0_m0_wo0_wi0_r0_memr0_dmem ;
+------------------------------------+----------------------+---------------------------------------------------------------------------------------------------------------------------------------------------------------------------------+
; Parameter Name                     ; Value                ; Type                                                                                                                                                                            ;
+------------------------------------+----------------------+---------------------------------------------------------------------------------------------------------------------------------------------------------------------------------+
; BYTE_SIZE_BLOCK                    ; 8                    ; Untyped                                                                                                                                                                         ;
; AUTO_CARRY_CHAINS                  ; ON                   ; AUTO_CARRY                                                                                                                                                                      ;
; IGNORE_CARRY_BUFFERS               ; OFF                  ; IGNORE_CARRY                                                                                                                                                                    ;
; AUTO_CASCADE_CHAINS                ; ON                   ; AUTO_CASCADE                                                                                                                                                                    ;
; IGNORE_CASCADE_BUFFERS             ; OFF                  ; IGNORE_CASCADE                                                                                                                                                                  ;
; WIDTH_BYTEENA                      ; 1                    ; Untyped                                                                                                                                                                         ;
; OPERATION_MODE                     ; DUAL_PORT            ; Untyped                                                                                                                                                                         ;
; WIDTH_A                            ; 8                    ; Signed Integer                                                                                                                                                                  ;
; WIDTHAD_A                          ; 8                    ; Signed Integer                                                                                                                                                                  ;
; NUMWORDS_A                         ; 256                  ; Signed Integer                                                                                                                                                                  ;
; OUTDATA_REG_A                      ; UNREGISTERED         ; Untyped                                                                                                                                                                         ;
; ADDRESS_ACLR_A                     ; NONE                 ; Untyped                                                                                                                                                                         ;
; OUTDATA_ACLR_A                     ; NONE                 ; Untyped                                                                                                                                                                         ;
; WRCONTROL_ACLR_A                   ; NONE                 ; Untyped                                                                                                                                                                         ;
; INDATA_ACLR_A                      ; NONE                 ; Untyped                                                                                                                                                                         ;
; BYTEENA_ACLR_A                     ; NONE                 ; Untyped                                                                                                                                                                         ;
; WIDTH_B                            ; 8                    ; Signed Integer                                                                                                                                                                  ;
; WIDTHAD_B                          ; 8                    ; Signed Integer                                                                                                                                                                  ;
; NUMWORDS_B                         ; 256                  ; Signed Integer                                                                                                                                                                  ;
; INDATA_REG_B                       ; CLOCK0               ; Untyped                                                                                                                                                                         ;
; WRCONTROL_WRADDRESS_REG_B          ; CLOCK0               ; Untyped                                                                                                                                                                         ;
; RDCONTROL_REG_B                    ; CLOCK0               ; Untyped                                                                                                                                                                         ;
; ADDRESS_REG_B                      ; CLOCK0               ; Untyped                                                                                                                                                                         ;
; OUTDATA_REG_B                      ; CLOCK0               ; Untyped                                                                                                                                                                         ;
; BYTEENA_REG_B                      ; CLOCK0               ; Untyped                                                                                                                                                                         ;
; INDATA_ACLR_B                      ; NONE                 ; Untyped                                                                                                                                                                         ;
; WRCONTROL_ACLR_B                   ; NONE                 ; Untyped                                                                                                                                                                         ;
; ADDRESS_ACLR_B                     ; NONE                 ; Untyped                                                                                                                                                                         ;
; OUTDATA_ACLR_B                     ; NONE                 ; Untyped                                                                                                                                                                         ;
; RDCONTROL_ACLR_B                   ; NONE                 ; Untyped                                                                                                                                                                         ;
; BYTEENA_ACLR_B                     ; NONE                 ; Untyped                                                                                                                                                                         ;
; WIDTH_BYTEENA_A                    ; 1                    ; Signed Integer                                                                                                                                                                  ;
; WIDTH_BYTEENA_B                    ; 1                    ; Signed Integer                                                                                                                                                                  ;
; RAM_BLOCK_TYPE                     ; M9K                  ; Untyped                                                                                                                                                                         ;
; BYTE_SIZE                          ; 8                    ; Signed Integer                                                                                                                                                                  ;
; READ_DURING_WRITE_MODE_MIXED_PORTS ; DONT_CARE            ; Untyped                                                                                                                                                                         ;
; READ_DURING_WRITE_MODE_PORT_A      ; NEW_DATA_NO_NBE_READ ; Untyped                                                                                                                                                                         ;
; READ_DURING_WRITE_MODE_PORT_B      ; NEW_DATA_NO_NBE_READ ; Untyped                                                                                                                                                                         ;
; INIT_FILE                          ; UNUSED               ; Untyped                                                                                                                                                                         ;
; INIT_FILE_LAYOUT                   ; PORT_A               ; Untyped                                                                                                                                                                         ;
; MAXIMUM_DEPTH                      ; 0                    ; Signed Integer                                                                                                                                                                  ;
; CLOCK_ENABLE_INPUT_A               ; NORMAL               ; Untyped                                                                                                                                                                         ;
; CLOCK_ENABLE_INPUT_B               ; NORMAL               ; Untyped                                                                                                                                                                         ;
; CLOCK_ENABLE_OUTPUT_A              ; NORMAL               ; Untyped                                                                                                                                                                         ;
; CLOCK_ENABLE_OUTPUT_B              ; NORMAL               ; Untyped                                                                                                                                                                         ;
; CLOCK_ENABLE_CORE_A                ; USE_INPUT_CLKEN      ; Untyped                                                                                                                                                                         ;
; CLOCK_ENABLE_CORE_B                ; USE_INPUT_CLKEN      ; Untyped                                                                                                                                                                         ;
; ENABLE_ECC                         ; FALSE                ; Untyped                                                                                                                                                                         ;
; ECC_PIPELINE_STAGE_ENABLED         ; FALSE                ; Untyped                                                                                                                                                                         ;
; WIDTH_ECCSTATUS                    ; 3                    ; Signed Integer                                                                                                                                                                  ;
; DEVICE_FAMILY                      ; Cyclone IV E         ; Untyped                                                                                                                                                                         ;
; CBXI_PARAMETER                     ; altsyncram_cmn3      ; Untyped                                                                                                                                                                         ;
+------------------------------------+----------------------+---------------------------------------------------------------------------------------------------------------------------------------------------------------------------------+
Note: In order to hide this table in the UI and the text report file, please set the "Show Parameter Settings in Synthesis Report" option in "Analysis and Synthesis Settings -> More Settings" to "Off".


+---------------------------------------------------------------------------------------------------------------------------------------------------------------------------------------------------------------------------------------------+
; Parameter Settings for User Entity Instance: FIR:u_FIR_0|fir_3k4:u_fir_3k4_0|fir_3k4_0002:fir_3k4_inst|fir_3k4_0002_ast:fir_3k4_0002_ast_inst|fir_3k4_0002_rtl_core:\real_passthrough:hpfircore_core|altsyncram:u0_m0_wo0_wi0_r0_memr1_dmem ;
+------------------------------------+----------------------+---------------------------------------------------------------------------------------------------------------------------------------------------------------------------------+
; Parameter Name                     ; Value                ; Type                                                                                                                                                                            ;
+------------------------------------+----------------------+---------------------------------------------------------------------------------------------------------------------------------------------------------------------------------+
; BYTE_SIZE_BLOCK                    ; 8                    ; Untyped                                                                                                                                                                         ;
; AUTO_CARRY_CHAINS                  ; ON                   ; AUTO_CARRY                                                                                                                                                                      ;
; IGNORE_CARRY_BUFFERS               ; OFF                  ; IGNORE_CARRY                                                                                                                                                                    ;
; AUTO_CASCADE_CHAINS                ; ON                   ; AUTO_CASCADE                                                                                                                                                                    ;
; IGNORE_CASCADE_BUFFERS             ; OFF                  ; IGNORE_CASCADE                                                                                                                                                                  ;
; WIDTH_BYTEENA                      ; 1                    ; Untyped                                                                                                                                                                         ;
; OPERATION_MODE                     ; DUAL_PORT            ; Untyped                                                                                                                                                                         ;
; WIDTH_A                            ; 64                   ; Signed Integer                                                                                                                                                                  ;
; WIDTHAD_A                          ; 8                    ; Signed Integer                                                                                                                                                                  ;
; NUMWORDS_A                         ; 256                  ; Signed Integer                                                                                                                                                                  ;
; OUTDATA_REG_A                      ; UNREGISTERED         ; Untyped                                                                                                                                                                         ;
; ADDRESS_ACLR_A                     ; NONE                 ; Untyped                                                                                                                                                                         ;
; OUTDATA_ACLR_A                     ; NONE                 ; Untyped                                                                                                                                                                         ;
; WRCONTROL_ACLR_A                   ; NONE                 ; Untyped                                                                                                                                                                         ;
; INDATA_ACLR_A                      ; NONE                 ; Untyped                                                                                                                                                                         ;
; BYTEENA_ACLR_A                     ; NONE                 ; Untyped                                                                                                                                                                         ;
; WIDTH_B                            ; 64                   ; Signed Integer                                                                                                                                                                  ;
; WIDTHAD_B                          ; 8                    ; Signed Integer                                                                                                                                                                  ;
; NUMWORDS_B                         ; 256                  ; Signed Integer                                                                                                                                                                  ;
; INDATA_REG_B                       ; CLOCK0               ; Untyped                                                                                                                                                                         ;
; WRCONTROL_WRADDRESS_REG_B          ; CLOCK0               ; Untyped                                                                                                                                                                         ;
; RDCONTROL_REG_B                    ; CLOCK0               ; Untyped                                                                                                                                                                         ;
; ADDRESS_REG_B                      ; CLOCK0               ; Untyped                                                                                                                                                                         ;
; OUTDATA_REG_B                      ; CLOCK0               ; Untyped                                                                                                                                                                         ;
; BYTEENA_REG_B                      ; CLOCK0               ; Untyped                                                                                                                                                                         ;
; INDATA_ACLR_B                      ; NONE                 ; Untyped                                                                                                                                                                         ;
; WRCONTROL_ACLR_B                   ; NONE                 ; Untyped                                                                                                                                                                         ;
; ADDRESS_ACLR_B                     ; NONE                 ; Untyped                                                                                                                                                                         ;
; OUTDATA_ACLR_B                     ; NONE                 ; Untyped                                                                                                                                                                         ;
; RDCONTROL_ACLR_B                   ; NONE                 ; Untyped                                                                                                                                                                         ;
; BYTEENA_ACLR_B                     ; NONE                 ; Untyped                                                                                                                                                                         ;
; WIDTH_BYTEENA_A                    ; 1                    ; Signed Integer                                                                                                                                                                  ;
; WIDTH_BYTEENA_B                    ; 1                    ; Signed Integer                                                                                                                                                                  ;
; RAM_BLOCK_TYPE                     ; M9K                  ; Untyped                                                                                                                                                                         ;
; BYTE_SIZE                          ; 8                    ; Signed Integer                                                                                                                                                                  ;
; READ_DURING_WRITE_MODE_MIXED_PORTS ; DONT_CARE            ; Untyped                                                                                                                                                                         ;
; READ_DURING_WRITE_MODE_PORT_A      ; NEW_DATA_NO_NBE_READ ; Untyped                                                                                                                                                                         ;
; READ_DURING_WRITE_MODE_PORT_B      ; NEW_DATA_NO_NBE_READ ; Untyped                                                                                                                                                                         ;
; INIT_FILE                          ; UNUSED               ; Untyped                                                                                                                                                                         ;
; INIT_FILE_LAYOUT                   ; PORT_A               ; Untyped                                                                                                                                                                         ;
; MAXIMUM_DEPTH                      ; 0                    ; Signed Integer                                                                                                                                                                  ;
; CLOCK_ENABLE_INPUT_A               ; NORMAL               ; Untyped                                                                                                                                                                         ;
; CLOCK_ENABLE_INPUT_B               ; NORMAL               ; Untyped                                                                                                                                                                         ;
; CLOCK_ENABLE_OUTPUT_A              ; NORMAL               ; Untyped                                                                                                                                                                         ;
; CLOCK_ENABLE_OUTPUT_B              ; NORMAL               ; Untyped                                                                                                                                                                         ;
; CLOCK_ENABLE_CORE_A                ; USE_INPUT_CLKEN      ; Untyped                                                                                                                                                                         ;
; CLOCK_ENABLE_CORE_B                ; USE_INPUT_CLKEN      ; Untyped                                                                                                                                                                         ;
; ENABLE_ECC                         ; FALSE                ; Untyped                                                                                                                                                                         ;
; ECC_PIPELINE_STAGE_ENABLED         ; FALSE                ; Untyped                                                                                                                                                                         ;
; WIDTH_ECCSTATUS                    ; 3                    ; Signed Integer                                                                                                                                                                  ;
; DEVICE_FAMILY                      ; Cyclone IV E         ; Untyped                                                                                                                                                                         ;
; CBXI_PARAMETER                     ; altsyncram_gpn3      ; Untyped                                                                                                                                                                         ;
+------------------------------------+----------------------+---------------------------------------------------------------------------------------------------------------------------------------------------------------------------------+
Note: In order to hide this table in the UI and the text report file, please set the "Show Parameter Settings in Synthesis Report" option in "Analysis and Synthesis Settings -> More Settings" to "Off".


+-------------------------------------------------------------------------------------------------------------------------------------------------------------------------------------------------------------------------------------------------+
; Parameter Settings for User Entity Instance: FIR:u_FIR_0|fir_3k4:u_fir_3k4_0|fir_3k4_0002:fir_3k4_inst|fir_3k4_0002_ast:fir_3k4_0002_ast_inst|fir_3k4_0002_rtl_core:\real_passthrough:hpfircore_core|dspba_delay:d_u0_m0_wo0_wi0_r0_split1_g_16 ;
+----------------+-------+------------------------------------------------------------------------------------------------------------------------------------------------------------------------------------------------------------------------+
; Parameter Name ; Value ; Type                                                                                                                                                                                                                   ;
+----------------+-------+------------------------------------------------------------------------------------------------------------------------------------------------------------------------------------------------------------------------+
; width          ; 8     ; Signed Integer                                                                                                                                                                                                         ;
; depth          ; 1     ; Signed Integer                                                                                                                                                                                                         ;
; reset_high     ; '1'   ; Enumerated                                                                                                                                                                                                             ;
; reset_kind     ; ASYNC ; String                                                                                                                                                                                                                 ;
+----------------+-------+------------------------------------------------------------------------------------------------------------------------------------------------------------------------------------------------------------------------+
Note: In order to hide this table in the UI and the text report file, please set the "Show Parameter Settings in Synthesis Report" option in "Analysis and Synthesis Settings -> More Settings" to "Off".


+----------------------------------------------------------------------------------------------------------------------------------------------------------------------------------------------------------------------------------------+
; Parameter Settings for User Entity Instance: FIR:u_FIR_0|fir_3k4:u_fir_3k4_0|fir_3k4_0002:fir_3k4_inst|fir_3k4_0002_ast:fir_3k4_0002_ast_inst|fir_3k4_0002_rtl_core:\real_passthrough:hpfircore_core|dspba_delay:d_u0_m0_wo0_ca20_q_14 ;
+----------------+-------+---------------------------------------------------------------------------------------------------------------------------------------------------------------------------------------------------------------+
; Parameter Name ; Value ; Type                                                                                                                                                                                                          ;
+----------------+-------+---------------------------------------------------------------------------------------------------------------------------------------------------------------------------------------------------------------+
; width          ; 8     ; Signed Integer                                                                                                                                                                                                ;
; depth          ; 1     ; Signed Integer                                                                                                                                                                                                ;
; reset_high     ; '1'   ; Enumerated                                                                                                                                                                                                    ;
; reset_kind     ; ASYNC ; String                                                                                                                                                                                                        ;
+----------------+-------+---------------------------------------------------------------------------------------------------------------------------------------------------------------------------------------------------------------+
Note: In order to hide this table in the UI and the text report file, please set the "Show Parameter Settings in Synthesis Report" option in "Analysis and Synthesis Settings -> More Settings" to "Off".


+-------------------------------------------------------------------------------------------------------------------------------------------------------------------------------------------------------------------------------------------+
; Parameter Settings for User Entity Instance: FIR:u_FIR_0|fir_3k4:u_fir_3k4_0|fir_3k4_0002:fir_3k4_inst|fir_3k4_0002_ast:fir_3k4_0002_ast_inst|fir_3k4_0002_rtl_core:\real_passthrough:hpfircore_core|altsyncram:u0_m0_wo0_cm6_lutmem_dmem ;
+------------------------------------+------------------------------------------------+-----------------------------------------------------------------------------------------------------------------------------------------------------+
; Parameter Name                     ; Value                                          ; Type                                                                                                                                                ;
+------------------------------------+------------------------------------------------+-----------------------------------------------------------------------------------------------------------------------------------------------------+
; BYTE_SIZE_BLOCK                    ; 8                                              ; Untyped                                                                                                                                             ;
; AUTO_CARRY_CHAINS                  ; ON                                             ; AUTO_CARRY                                                                                                                                          ;
; IGNORE_CARRY_BUFFERS               ; OFF                                            ; IGNORE_CARRY                                                                                                                                        ;
; AUTO_CASCADE_CHAINS                ; ON                                             ; AUTO_CASCADE                                                                                                                                        ;
; IGNORE_CASCADE_BUFFERS             ; OFF                                            ; IGNORE_CASCADE                                                                                                                                      ;
; WIDTH_BYTEENA                      ; 1                                              ; Untyped                                                                                                                                             ;
; OPERATION_MODE                     ; ROM                                            ; Untyped                                                                                                                                             ;
; WIDTH_A                            ; 8                                              ; Signed Integer                                                                                                                                      ;
; WIDTHAD_A                          ; 8                                              ; Signed Integer                                                                                                                                      ;
; NUMWORDS_A                         ; 239                                            ; Signed Integer                                                                                                                                      ;
; OUTDATA_REG_A                      ; CLOCK0                                         ; Untyped                                                                                                                                             ;
; ADDRESS_ACLR_A                     ; NONE                                           ; Untyped                                                                                                                                             ;
; OUTDATA_ACLR_A                     ; CLEAR0                                         ; Untyped                                                                                                                                             ;
; WRCONTROL_ACLR_A                   ; NONE                                           ; Untyped                                                                                                                                             ;
; INDATA_ACLR_A                      ; NONE                                           ; Untyped                                                                                                                                             ;
; BYTEENA_ACLR_A                     ; NONE                                           ; Untyped                                                                                                                                             ;
; WIDTH_B                            ; 1                                              ; Signed Integer                                                                                                                                      ;
; WIDTHAD_B                          ; 1                                              ; Signed Integer                                                                                                                                      ;
; NUMWORDS_B                         ; 0                                              ; Signed Integer                                                                                                                                      ;
; INDATA_REG_B                       ; CLOCK1                                         ; Untyped                                                                                                                                             ;
; WRCONTROL_WRADDRESS_REG_B          ; CLOCK1                                         ; Untyped                                                                                                                                             ;
; RDCONTROL_REG_B                    ; CLOCK1                                         ; Untyped                                                                                                                                             ;
; ADDRESS_REG_B                      ; CLOCK1                                         ; Untyped                                                                                                                                             ;
; OUTDATA_REG_B                      ; UNREGISTERED                                   ; Untyped                                                                                                                                             ;
; BYTEENA_REG_B                      ; CLOCK1                                         ; Untyped                                                                                                                                             ;
; INDATA_ACLR_B                      ; NONE                                           ; Untyped                                                                                                                                             ;
; WRCONTROL_ACLR_B                   ; NONE                                           ; Untyped                                                                                                                                             ;
; ADDRESS_ACLR_B                     ; NONE                                           ; Untyped                                                                                                                                             ;
; OUTDATA_ACLR_B                     ; NONE                                           ; Untyped                                                                                                                                             ;
; RDCONTROL_ACLR_B                   ; NONE                                           ; Untyped                                                                                                                                             ;
; BYTEENA_ACLR_B                     ; NONE                                           ; Untyped                                                                                                                                             ;
; WIDTH_BYTEENA_A                    ; 1                                              ; Signed Integer                                                                                                                                      ;
; WIDTH_BYTEENA_B                    ; 1                                              ; Signed Integer                                                                                                                                      ;
; RAM_BLOCK_TYPE                     ; M9K                                            ; Untyped                                                                                                                                             ;
; BYTE_SIZE                          ; 8                                              ; Signed Integer                                                                                                                                      ;
; READ_DURING_WRITE_MODE_MIXED_PORTS ; DONT_CARE                                      ; Untyped                                                                                                                                             ;
; READ_DURING_WRITE_MODE_PORT_A      ; NEW_DATA_NO_NBE_READ                           ; Untyped                                                                                                                                             ;
; READ_DURING_WRITE_MODE_PORT_B      ; NEW_DATA_NO_NBE_READ                           ; Untyped                                                                                                                                             ;
; INIT_FILE                          ; fir_3k4_0002_rtl_core_u0_m0_wo0_cm6_lutmem.hex ; Untyped                                                                                                                                             ;
; INIT_FILE_LAYOUT                   ; PORT_A                                         ; Untyped                                                                                                                                             ;
; MAXIMUM_DEPTH                      ; 0                                              ; Signed Integer                                                                                                                                      ;
; CLOCK_ENABLE_INPUT_A               ; NORMAL                                         ; Untyped                                                                                                                                             ;
; CLOCK_ENABLE_INPUT_B               ; NORMAL                                         ; Untyped                                                                                                                                             ;
; CLOCK_ENABLE_OUTPUT_A              ; NORMAL                                         ; Untyped                                                                                                                                             ;
; CLOCK_ENABLE_OUTPUT_B              ; NORMAL                                         ; Untyped                                                                                                                                             ;
; CLOCK_ENABLE_CORE_A                ; USE_INPUT_CLKEN                                ; Untyped                                                                                                                                             ;
; CLOCK_ENABLE_CORE_B                ; USE_INPUT_CLKEN                                ; Untyped                                                                                                                                             ;
; ENABLE_ECC                         ; FALSE                                          ; Untyped                                                                                                                                             ;
; ECC_PIPELINE_STAGE_ENABLED         ; FALSE                                          ; Untyped                                                                                                                                             ;
; WIDTH_ECCSTATUS                    ; 3                                              ; Signed Integer                                                                                                                                      ;
; DEVICE_FAMILY                      ; Cyclone IV E                                   ; Untyped                                                                                                                                             ;
; CBXI_PARAMETER                     ; altsyncram_miq3                                ; Untyped                                                                                                                                             ;
+------------------------------------+------------------------------------------------+-----------------------------------------------------------------------------------------------------------------------------------------------------+
Note: In order to hide this table in the UI and the text report file, please set the "Show Parameter Settings in Synthesis Report" option in "Analysis and Synthesis Settings -> More Settings" to "Off".


+--------------------------------------------------------------------------------------------------------------------------------------------------------------------------------------------------------------------------------------------------+
; Parameter Settings for User Entity Instance: FIR:u_FIR_0|fir_3k4:u_fir_3k4_0|fir_3k4_0002:fir_3k4_inst|fir_3k4_0002_ast:fir_3k4_0002_ast_inst|fir_3k4_0002_rtl_core:\real_passthrough:hpfircore_core|LPM_MULT:u0_m0_wo0_mtree_mult1_14_component ;
+------------------------------------------------+--------------+----------------------------------------------------------------------------------------------------------------------------------------------------------------------------------+
; Parameter Name                                 ; Value        ; Type                                                                                                                                                                             ;
+------------------------------------------------+--------------+----------------------------------------------------------------------------------------------------------------------------------------------------------------------------------+
; AUTO_CARRY_CHAINS                              ; ON           ; AUTO_CARRY                                                                                                                                                                       ;
; IGNORE_CARRY_BUFFERS                           ; OFF          ; IGNORE_CARRY                                                                                                                                                                     ;
; AUTO_CASCADE_CHAINS                            ; ON           ; AUTO_CASCADE                                                                                                                                                                     ;
; IGNORE_CASCADE_BUFFERS                         ; OFF          ; IGNORE_CASCADE                                                                                                                                                                   ;
; LPM_WIDTHA                                     ; 8            ; Signed Integer                                                                                                                                                                   ;
; LPM_WIDTHB                                     ; 8            ; Signed Integer                                                                                                                                                                   ;
; LPM_WIDTHP                                     ; 16           ; Signed Integer                                                                                                                                                                   ;
; LPM_WIDTHR                                     ; 0            ; Untyped                                                                                                                                                                          ;
; LPM_WIDTHS                                     ; 1            ; Signed Integer                                                                                                                                                                   ;
; LPM_REPRESENTATION                             ; SIGNED       ; Untyped                                                                                                                                                                          ;
; LPM_PIPELINE                                   ; 2            ; Signed Integer                                                                                                                                                                   ;
; LATENCY                                        ; 0            ; Untyped                                                                                                                                                                          ;
; INPUT_A_IS_CONSTANT                            ; NO           ; Untyped                                                                                                                                                                          ;
; INPUT_B_IS_CONSTANT                            ; NO           ; Untyped                                                                                                                                                                          ;
; USE_EAB                                        ; OFF          ; Untyped                                                                                                                                                                          ;
; MAXIMIZE_SPEED                                 ; 5            ; Untyped                                                                                                                                                                          ;
; DEVICE_FAMILY                                  ; Cyclone IV E ; Untyped                                                                                                                                                                          ;
; CARRY_CHAIN                                    ; MANUAL       ; Untyped                                                                                                                                                                          ;
; APEX20K_TECHNOLOGY_MAPPER                      ; LUT          ; TECH_MAPPER_APEX20K                                                                                                                                                              ;
; DEDICATED_MULTIPLIER_CIRCUITRY                 ; YES          ; Untyped                                                                                                                                                                          ;
; DEDICATED_MULTIPLIER_MIN_INPUT_WIDTH_FOR_AUTO  ; 0            ; Untyped                                                                                                                                                                          ;
; DEDICATED_MULTIPLIER_MIN_OUTPUT_WIDTH_FOR_AUTO ; 0            ; Untyped                                                                                                                                                                          ;
; CBXI_PARAMETER                                 ; mult_9bu     ; Untyped                                                                                                                                                                          ;
; INPUT_A_FIXED_VALUE                            ; Bx           ; Untyped                                                                                                                                                                          ;
; INPUT_B_FIXED_VALUE                            ; Bx           ; Untyped                                                                                                                                                                          ;
; USE_AHDL_IMPLEMENTATION                        ; OFF          ; Untyped                                                                                                                                                                          ;
+------------------------------------------------+--------------+----------------------------------------------------------------------------------------------------------------------------------------------------------------------------------+
Note: In order to hide this table in the UI and the text report file, please set the "Show Parameter Settings in Synthesis Report" option in "Analysis and Synthesis Settings -> More Settings" to "Off".


+-------------------------------------------------------------------------------------------------------------------------------------------------------------------------------------------------------------------------------------------+
; Parameter Settings for User Entity Instance: FIR:u_FIR_0|fir_3k4:u_fir_3k4_0|fir_3k4_0002:fir_3k4_inst|fir_3k4_0002_ast:fir_3k4_0002_ast_inst|fir_3k4_0002_rtl_core:\real_passthrough:hpfircore_core|altsyncram:u0_m0_wo0_cm7_lutmem_dmem ;
+------------------------------------+------------------------------------------------+-----------------------------------------------------------------------------------------------------------------------------------------------------+
; Parameter Name                     ; Value                                          ; Type                                                                                                                                                ;
+------------------------------------+------------------------------------------------+-----------------------------------------------------------------------------------------------------------------------------------------------------+
; BYTE_SIZE_BLOCK                    ; 8                                              ; Untyped                                                                                                                                             ;
; AUTO_CARRY_CHAINS                  ; ON                                             ; AUTO_CARRY                                                                                                                                          ;
; IGNORE_CARRY_BUFFERS               ; OFF                                            ; IGNORE_CARRY                                                                                                                                        ;
; AUTO_CASCADE_CHAINS                ; ON                                             ; AUTO_CASCADE                                                                                                                                        ;
; IGNORE_CASCADE_BUFFERS             ; OFF                                            ; IGNORE_CASCADE                                                                                                                                      ;
; WIDTH_BYTEENA                      ; 1                                              ; Untyped                                                                                                                                             ;
; OPERATION_MODE                     ; ROM                                            ; Untyped                                                                                                                                             ;
; WIDTH_A                            ; 8                                              ; Signed Integer                                                                                                                                      ;
; WIDTHAD_A                          ; 8                                              ; Signed Integer                                                                                                                                      ;
; NUMWORDS_A                         ; 239                                            ; Signed Integer                                                                                                                                      ;
; OUTDATA_REG_A                      ; CLOCK0                                         ; Untyped                                                                                                                                             ;
; ADDRESS_ACLR_A                     ; NONE                                           ; Untyped                                                                                                                                             ;
; OUTDATA_ACLR_A                     ; CLEAR0                                         ; Untyped                                                                                                                                             ;
; WRCONTROL_ACLR_A                   ; NONE                                           ; Untyped                                                                                                                                             ;
; INDATA_ACLR_A                      ; NONE                                           ; Untyped                                                                                                                                             ;
; BYTEENA_ACLR_A                     ; NONE                                           ; Untyped                                                                                                                                             ;
; WIDTH_B                            ; 1                                              ; Signed Integer                                                                                                                                      ;
; WIDTHAD_B                          ; 1                                              ; Signed Integer                                                                                                                                      ;
; NUMWORDS_B                         ; 0                                              ; Signed Integer                                                                                                                                      ;
; INDATA_REG_B                       ; CLOCK1                                         ; Untyped                                                                                                                                             ;
; WRCONTROL_WRADDRESS_REG_B          ; CLOCK1                                         ; Untyped                                                                                                                                             ;
; RDCONTROL_REG_B                    ; CLOCK1                                         ; Untyped                                                                                                                                             ;
; ADDRESS_REG_B                      ; CLOCK1                                         ; Untyped                                                                                                                                             ;
; OUTDATA_REG_B                      ; UNREGISTERED                                   ; Untyped                                                                                                                                             ;
; BYTEENA_REG_B                      ; CLOCK1                                         ; Untyped                                                                                                                                             ;
; INDATA_ACLR_B                      ; NONE                                           ; Untyped                                                                                                                                             ;
; WRCONTROL_ACLR_B                   ; NONE                                           ; Untyped                                                                                                                                             ;
; ADDRESS_ACLR_B                     ; NONE                                           ; Untyped                                                                                                                                             ;
; OUTDATA_ACLR_B                     ; NONE                                           ; Untyped                                                                                                                                             ;
; RDCONTROL_ACLR_B                   ; NONE                                           ; Untyped                                                                                                                                             ;
; BYTEENA_ACLR_B                     ; NONE                                           ; Untyped                                                                                                                                             ;
; WIDTH_BYTEENA_A                    ; 1                                              ; Signed Integer                                                                                                                                      ;
; WIDTH_BYTEENA_B                    ; 1                                              ; Signed Integer                                                                                                                                      ;
; RAM_BLOCK_TYPE                     ; M9K                                            ; Untyped                                                                                                                                             ;
; BYTE_SIZE                          ; 8                                              ; Signed Integer                                                                                                                                      ;
; READ_DURING_WRITE_MODE_MIXED_PORTS ; DONT_CARE                                      ; Untyped                                                                                                                                             ;
; READ_DURING_WRITE_MODE_PORT_A      ; NEW_DATA_NO_NBE_READ                           ; Untyped                                                                                                                                             ;
; READ_DURING_WRITE_MODE_PORT_B      ; NEW_DATA_NO_NBE_READ                           ; Untyped                                                                                                                                             ;
; INIT_FILE                          ; fir_3k4_0002_rtl_core_u0_m0_wo0_cm7_lutmem.hex ; Untyped                                                                                                                                             ;
; INIT_FILE_LAYOUT                   ; PORT_A                                         ; Untyped                                                                                                                                             ;
; MAXIMUM_DEPTH                      ; 0                                              ; Signed Integer                                                                                                                                      ;
; CLOCK_ENABLE_INPUT_A               ; NORMAL                                         ; Untyped                                                                                                                                             ;
; CLOCK_ENABLE_INPUT_B               ; NORMAL                                         ; Untyped                                                                                                                                             ;
; CLOCK_ENABLE_OUTPUT_A              ; NORMAL                                         ; Untyped                                                                                                                                             ;
; CLOCK_ENABLE_OUTPUT_B              ; NORMAL                                         ; Untyped                                                                                                                                             ;
; CLOCK_ENABLE_CORE_A                ; USE_INPUT_CLKEN                                ; Untyped                                                                                                                                             ;
; CLOCK_ENABLE_CORE_B                ; USE_INPUT_CLKEN                                ; Untyped                                                                                                                                             ;
; ENABLE_ECC                         ; FALSE                                          ; Untyped                                                                                                                                             ;
; ECC_PIPELINE_STAGE_ENABLED         ; FALSE                                          ; Untyped                                                                                                                                             ;
; WIDTH_ECCSTATUS                    ; 3                                              ; Signed Integer                                                                                                                                      ;
; DEVICE_FAMILY                      ; Cyclone IV E                                   ; Untyped                                                                                                                                             ;
; CBXI_PARAMETER                     ; altsyncram_niq3                                ; Untyped                                                                                                                                             ;
+------------------------------------+------------------------------------------------+-----------------------------------------------------------------------------------------------------------------------------------------------------+
Note: In order to hide this table in the UI and the text report file, please set the "Show Parameter Settings in Synthesis Report" option in "Analysis and Synthesis Settings -> More Settings" to "Off".


+--------------------------------------------------------------------------------------------------------------------------------------------------------------------------------------------------------------------------------------------------+
; Parameter Settings for User Entity Instance: FIR:u_FIR_0|fir_3k4:u_fir_3k4_0|fir_3k4_0002:fir_3k4_inst|fir_3k4_0002_ast:fir_3k4_0002_ast_inst|fir_3k4_0002_rtl_core:\real_passthrough:hpfircore_core|LPM_MULT:u0_m0_wo0_mtree_mult1_13_component ;
+------------------------------------------------+--------------+----------------------------------------------------------------------------------------------------------------------------------------------------------------------------------+
; Parameter Name                                 ; Value        ; Type                                                                                                                                                                             ;
+------------------------------------------------+--------------+----------------------------------------------------------------------------------------------------------------------------------------------------------------------------------+
; AUTO_CARRY_CHAINS                              ; ON           ; AUTO_CARRY                                                                                                                                                                       ;
; IGNORE_CARRY_BUFFERS                           ; OFF          ; IGNORE_CARRY                                                                                                                                                                     ;
; AUTO_CASCADE_CHAINS                            ; ON           ; AUTO_CASCADE                                                                                                                                                                     ;
; IGNORE_CASCADE_BUFFERS                         ; OFF          ; IGNORE_CASCADE                                                                                                                                                                   ;
; LPM_WIDTHA                                     ; 8            ; Signed Integer                                                                                                                                                                   ;
; LPM_WIDTHB                                     ; 8            ; Signed Integer                                                                                                                                                                   ;
; LPM_WIDTHP                                     ; 16           ; Signed Integer                                                                                                                                                                   ;
; LPM_WIDTHR                                     ; 0            ; Untyped                                                                                                                                                                          ;
; LPM_WIDTHS                                     ; 1            ; Signed Integer                                                                                                                                                                   ;
; LPM_REPRESENTATION                             ; SIGNED       ; Untyped                                                                                                                                                                          ;
; LPM_PIPELINE                                   ; 2            ; Signed Integer                                                                                                                                                                   ;
; LATENCY                                        ; 0            ; Untyped                                                                                                                                                                          ;
; INPUT_A_IS_CONSTANT                            ; NO           ; Untyped                                                                                                                                                                          ;
; INPUT_B_IS_CONSTANT                            ; NO           ; Untyped                                                                                                                                                                          ;
; USE_EAB                                        ; OFF          ; Untyped                                                                                                                                                                          ;
; MAXIMIZE_SPEED                                 ; 5            ; Untyped                                                                                                                                                                          ;
; DEVICE_FAMILY                                  ; Cyclone IV E ; Untyped                                                                                                                                                                          ;
; CARRY_CHAIN                                    ; MANUAL       ; Untyped                                                                                                                                                                          ;
; APEX20K_TECHNOLOGY_MAPPER                      ; LUT          ; TECH_MAPPER_APEX20K                                                                                                                                                              ;
; DEDICATED_MULTIPLIER_CIRCUITRY                 ; YES          ; Untyped                                                                                                                                                                          ;
; DEDICATED_MULTIPLIER_MIN_INPUT_WIDTH_FOR_AUTO  ; 0            ; Untyped                                                                                                                                                                          ;
; DEDICATED_MULTIPLIER_MIN_OUTPUT_WIDTH_FOR_AUTO ; 0            ; Untyped                                                                                                                                                                          ;
; CBXI_PARAMETER                                 ; mult_9bu     ; Untyped                                                                                                                                                                          ;
; INPUT_A_FIXED_VALUE                            ; Bx           ; Untyped                                                                                                                                                                          ;
; INPUT_B_FIXED_VALUE                            ; Bx           ; Untyped                                                                                                                                                                          ;
; USE_AHDL_IMPLEMENTATION                        ; OFF          ; Untyped                                                                                                                                                                          ;
+------------------------------------------------+--------------+----------------------------------------------------------------------------------------------------------------------------------------------------------------------------------+
Note: In order to hide this table in the UI and the text report file, please set the "Show Parameter Settings in Synthesis Report" option in "Analysis and Synthesis Settings -> More Settings" to "Off".


+-------------------------------------------------------------------------------------------------------------------------------------------------------------------------------------------------------------------------------------------+
; Parameter Settings for User Entity Instance: FIR:u_FIR_0|fir_3k4:u_fir_3k4_0|fir_3k4_0002:fir_3k4_inst|fir_3k4_0002_ast:fir_3k4_0002_ast_inst|fir_3k4_0002_rtl_core:\real_passthrough:hpfircore_core|altsyncram:u0_m0_wo0_cm8_lutmem_dmem ;
+------------------------------------+------------------------------------------------+-----------------------------------------------------------------------------------------------------------------------------------------------------+
; Parameter Name                     ; Value                                          ; Type                                                                                                                                                ;
+------------------------------------+------------------------------------------------+-----------------------------------------------------------------------------------------------------------------------------------------------------+
; BYTE_SIZE_BLOCK                    ; 8                                              ; Untyped                                                                                                                                             ;
; AUTO_CARRY_CHAINS                  ; ON                                             ; AUTO_CARRY                                                                                                                                          ;
; IGNORE_CARRY_BUFFERS               ; OFF                                            ; IGNORE_CARRY                                                                                                                                        ;
; AUTO_CASCADE_CHAINS                ; ON                                             ; AUTO_CASCADE                                                                                                                                        ;
; IGNORE_CASCADE_BUFFERS             ; OFF                                            ; IGNORE_CASCADE                                                                                                                                      ;
; WIDTH_BYTEENA                      ; 1                                              ; Untyped                                                                                                                                             ;
; OPERATION_MODE                     ; ROM                                            ; Untyped                                                                                                                                             ;
; WIDTH_A                            ; 8                                              ; Signed Integer                                                                                                                                      ;
; WIDTHAD_A                          ; 8                                              ; Signed Integer                                                                                                                                      ;
; NUMWORDS_A                         ; 239                                            ; Signed Integer                                                                                                                                      ;
; OUTDATA_REG_A                      ; CLOCK0                                         ; Untyped                                                                                                                                             ;
; ADDRESS_ACLR_A                     ; NONE                                           ; Untyped                                                                                                                                             ;
; OUTDATA_ACLR_A                     ; CLEAR0                                         ; Untyped                                                                                                                                             ;
; WRCONTROL_ACLR_A                   ; NONE                                           ; Untyped                                                                                                                                             ;
; INDATA_ACLR_A                      ; NONE                                           ; Untyped                                                                                                                                             ;
; BYTEENA_ACLR_A                     ; NONE                                           ; Untyped                                                                                                                                             ;
; WIDTH_B                            ; 1                                              ; Signed Integer                                                                                                                                      ;
; WIDTHAD_B                          ; 1                                              ; Signed Integer                                                                                                                                      ;
; NUMWORDS_B                         ; 0                                              ; Signed Integer                                                                                                                                      ;
; INDATA_REG_B                       ; CLOCK1                                         ; Untyped                                                                                                                                             ;
; WRCONTROL_WRADDRESS_REG_B          ; CLOCK1                                         ; Untyped                                                                                                                                             ;
; RDCONTROL_REG_B                    ; CLOCK1                                         ; Untyped                                                                                                                                             ;
; ADDRESS_REG_B                      ; CLOCK1                                         ; Untyped                                                                                                                                             ;
; OUTDATA_REG_B                      ; UNREGISTERED                                   ; Untyped                                                                                                                                             ;
; BYTEENA_REG_B                      ; CLOCK1                                         ; Untyped                                                                                                                                             ;
; INDATA_ACLR_B                      ; NONE                                           ; Untyped                                                                                                                                             ;
; WRCONTROL_ACLR_B                   ; NONE                                           ; Untyped                                                                                                                                             ;
; ADDRESS_ACLR_B                     ; NONE                                           ; Untyped                                                                                                                                             ;
; OUTDATA_ACLR_B                     ; NONE                                           ; Untyped                                                                                                                                             ;
; RDCONTROL_ACLR_B                   ; NONE                                           ; Untyped                                                                                                                                             ;
; BYTEENA_ACLR_B                     ; NONE                                           ; Untyped                                                                                                                                             ;
; WIDTH_BYTEENA_A                    ; 1                                              ; Signed Integer                                                                                                                                      ;
; WIDTH_BYTEENA_B                    ; 1                                              ; Signed Integer                                                                                                                                      ;
; RAM_BLOCK_TYPE                     ; M9K                                            ; Untyped                                                                                                                                             ;
; BYTE_SIZE                          ; 8                                              ; Signed Integer                                                                                                                                      ;
; READ_DURING_WRITE_MODE_MIXED_PORTS ; DONT_CARE                                      ; Untyped                                                                                                                                             ;
; READ_DURING_WRITE_MODE_PORT_A      ; NEW_DATA_NO_NBE_READ                           ; Untyped                                                                                                                                             ;
; READ_DURING_WRITE_MODE_PORT_B      ; NEW_DATA_NO_NBE_READ                           ; Untyped                                                                                                                                             ;
; INIT_FILE                          ; fir_3k4_0002_rtl_core_u0_m0_wo0_cm8_lutmem.hex ; Untyped                                                                                                                                             ;
; INIT_FILE_LAYOUT                   ; PORT_A                                         ; Untyped                                                                                                                                             ;
; MAXIMUM_DEPTH                      ; 0                                              ; Signed Integer                                                                                                                                      ;
; CLOCK_ENABLE_INPUT_A               ; NORMAL                                         ; Untyped                                                                                                                                             ;
; CLOCK_ENABLE_INPUT_B               ; NORMAL                                         ; Untyped                                                                                                                                             ;
; CLOCK_ENABLE_OUTPUT_A              ; NORMAL                                         ; Untyped                                                                                                                                             ;
; CLOCK_ENABLE_OUTPUT_B              ; NORMAL                                         ; Untyped                                                                                                                                             ;
; CLOCK_ENABLE_CORE_A                ; USE_INPUT_CLKEN                                ; Untyped                                                                                                                                             ;
; CLOCK_ENABLE_CORE_B                ; USE_INPUT_CLKEN                                ; Untyped                                                                                                                                             ;
; ENABLE_ECC                         ; FALSE                                          ; Untyped                                                                                                                                             ;
; ECC_PIPELINE_STAGE_ENABLED         ; FALSE                                          ; Untyped                                                                                                                                             ;
; WIDTH_ECCSTATUS                    ; 3                                              ; Signed Integer                                                                                                                                      ;
; DEVICE_FAMILY                      ; Cyclone IV E                                   ; Untyped                                                                                                                                             ;
; CBXI_PARAMETER                     ; altsyncram_oiq3                                ; Untyped                                                                                                                                             ;
+------------------------------------+------------------------------------------------+-----------------------------------------------------------------------------------------------------------------------------------------------------+
Note: In order to hide this table in the UI and the text report file, please set the "Show Parameter Settings in Synthesis Report" option in "Analysis and Synthesis Settings -> More Settings" to "Off".


+--------------------------------------------------------------------------------------------------------------------------------------------------------------------------------------------------------------------------------------------------+
; Parameter Settings for User Entity Instance: FIR:u_FIR_0|fir_3k4:u_fir_3k4_0|fir_3k4_0002:fir_3k4_inst|fir_3k4_0002_ast:fir_3k4_0002_ast_inst|fir_3k4_0002_rtl_core:\real_passthrough:hpfircore_core|LPM_MULT:u0_m0_wo0_mtree_mult1_12_component ;
+------------------------------------------------+--------------+----------------------------------------------------------------------------------------------------------------------------------------------------------------------------------+
; Parameter Name                                 ; Value        ; Type                                                                                                                                                                             ;
+------------------------------------------------+--------------+----------------------------------------------------------------------------------------------------------------------------------------------------------------------------------+
; AUTO_CARRY_CHAINS                              ; ON           ; AUTO_CARRY                                                                                                                                                                       ;
; IGNORE_CARRY_BUFFERS                           ; OFF          ; IGNORE_CARRY                                                                                                                                                                     ;
; AUTO_CASCADE_CHAINS                            ; ON           ; AUTO_CASCADE                                                                                                                                                                     ;
; IGNORE_CASCADE_BUFFERS                         ; OFF          ; IGNORE_CASCADE                                                                                                                                                                   ;
; LPM_WIDTHA                                     ; 8            ; Signed Integer                                                                                                                                                                   ;
; LPM_WIDTHB                                     ; 8            ; Signed Integer                                                                                                                                                                   ;
; LPM_WIDTHP                                     ; 16           ; Signed Integer                                                                                                                                                                   ;
; LPM_WIDTHR                                     ; 0            ; Untyped                                                                                                                                                                          ;
; LPM_WIDTHS                                     ; 1            ; Signed Integer                                                                                                                                                                   ;
; LPM_REPRESENTATION                             ; SIGNED       ; Untyped                                                                                                                                                                          ;
; LPM_PIPELINE                                   ; 2            ; Signed Integer                                                                                                                                                                   ;
; LATENCY                                        ; 0            ; Untyped                                                                                                                                                                          ;
; INPUT_A_IS_CONSTANT                            ; NO           ; Untyped                                                                                                                                                                          ;
; INPUT_B_IS_CONSTANT                            ; NO           ; Untyped                                                                                                                                                                          ;
; USE_EAB                                        ; OFF          ; Untyped                                                                                                                                                                          ;
; MAXIMIZE_SPEED                                 ; 5            ; Untyped                                                                                                                                                                          ;
; DEVICE_FAMILY                                  ; Cyclone IV E ; Untyped                                                                                                                                                                          ;
; CARRY_CHAIN                                    ; MANUAL       ; Untyped                                                                                                                                                                          ;
; APEX20K_TECHNOLOGY_MAPPER                      ; LUT          ; TECH_MAPPER_APEX20K                                                                                                                                                              ;
; DEDICATED_MULTIPLIER_CIRCUITRY                 ; YES          ; Untyped                                                                                                                                                                          ;
; DEDICATED_MULTIPLIER_MIN_INPUT_WIDTH_FOR_AUTO  ; 0            ; Untyped                                                                                                                                                                          ;
; DEDICATED_MULTIPLIER_MIN_OUTPUT_WIDTH_FOR_AUTO ; 0            ; Untyped                                                                                                                                                                          ;
; CBXI_PARAMETER                                 ; mult_9bu     ; Untyped                                                                                                                                                                          ;
; INPUT_A_FIXED_VALUE                            ; Bx           ; Untyped                                                                                                                                                                          ;
; INPUT_B_FIXED_VALUE                            ; Bx           ; Untyped                                                                                                                                                                          ;
; USE_AHDL_IMPLEMENTATION                        ; OFF          ; Untyped                                                                                                                                                                          ;
+------------------------------------------------+--------------+----------------------------------------------------------------------------------------------------------------------------------------------------------------------------------+
Note: In order to hide this table in the UI and the text report file, please set the "Show Parameter Settings in Synthesis Report" option in "Analysis and Synthesis Settings -> More Settings" to "Off".


+---------------------------------------------------------------------------------------------------------------------------------------------------------------------------------------------------------------------------------------------+
; Parameter Settings for User Entity Instance: FIR:u_FIR_0|fir_3k4:u_fir_3k4_0|fir_3k4_0002:fir_3k4_inst|fir_3k4_0002_ast:fir_3k4_0002_ast_inst|fir_3k4_0002_rtl_core:\real_passthrough:hpfircore_core|altsyncram:u0_m0_wo0_wi0_r0_memr9_dmem ;
+------------------------------------+----------------------+---------------------------------------------------------------------------------------------------------------------------------------------------------------------------------+
; Parameter Name                     ; Value                ; Type                                                                                                                                                                            ;
+------------------------------------+----------------------+---------------------------------------------------------------------------------------------------------------------------------------------------------------------------------+
; BYTE_SIZE_BLOCK                    ; 8                    ; Untyped                                                                                                                                                                         ;
; AUTO_CARRY_CHAINS                  ; ON                   ; AUTO_CARRY                                                                                                                                                                      ;
; IGNORE_CARRY_BUFFERS               ; OFF                  ; IGNORE_CARRY                                                                                                                                                                    ;
; AUTO_CASCADE_CHAINS                ; ON                   ; AUTO_CASCADE                                                                                                                                                                    ;
; IGNORE_CASCADE_BUFFERS             ; OFF                  ; IGNORE_CASCADE                                                                                                                                                                  ;
; WIDTH_BYTEENA                      ; 1                    ; Untyped                                                                                                                                                                         ;
; OPERATION_MODE                     ; DUAL_PORT            ; Untyped                                                                                                                                                                         ;
; WIDTH_A                            ; 64                   ; Signed Integer                                                                                                                                                                  ;
; WIDTHAD_A                          ; 8                    ; Signed Integer                                                                                                                                                                  ;
; NUMWORDS_A                         ; 256                  ; Signed Integer                                                                                                                                                                  ;
; OUTDATA_REG_A                      ; UNREGISTERED         ; Untyped                                                                                                                                                                         ;
; ADDRESS_ACLR_A                     ; NONE                 ; Untyped                                                                                                                                                                         ;
; OUTDATA_ACLR_A                     ; NONE                 ; Untyped                                                                                                                                                                         ;
; WRCONTROL_ACLR_A                   ; NONE                 ; Untyped                                                                                                                                                                         ;
; INDATA_ACLR_A                      ; NONE                 ; Untyped                                                                                                                                                                         ;
; BYTEENA_ACLR_A                     ; NONE                 ; Untyped                                                                                                                                                                         ;
; WIDTH_B                            ; 64                   ; Signed Integer                                                                                                                                                                  ;
; WIDTHAD_B                          ; 8                    ; Signed Integer                                                                                                                                                                  ;
; NUMWORDS_B                         ; 256                  ; Signed Integer                                                                                                                                                                  ;
; INDATA_REG_B                       ; CLOCK0               ; Untyped                                                                                                                                                                         ;
; WRCONTROL_WRADDRESS_REG_B          ; CLOCK0               ; Untyped                                                                                                                                                                         ;
; RDCONTROL_REG_B                    ; CLOCK0               ; Untyped                                                                                                                                                                         ;
; ADDRESS_REG_B                      ; CLOCK0               ; Untyped                                                                                                                                                                         ;
; OUTDATA_REG_B                      ; CLOCK0               ; Untyped                                                                                                                                                                         ;
; BYTEENA_REG_B                      ; CLOCK0               ; Untyped                                                                                                                                                                         ;
; INDATA_ACLR_B                      ; NONE                 ; Untyped                                                                                                                                                                         ;
; WRCONTROL_ACLR_B                   ; NONE                 ; Untyped                                                                                                                                                                         ;
; ADDRESS_ACLR_B                     ; NONE                 ; Untyped                                                                                                                                                                         ;
; OUTDATA_ACLR_B                     ; NONE                 ; Untyped                                                                                                                                                                         ;
; RDCONTROL_ACLR_B                   ; NONE                 ; Untyped                                                                                                                                                                         ;
; BYTEENA_ACLR_B                     ; NONE                 ; Untyped                                                                                                                                                                         ;
; WIDTH_BYTEENA_A                    ; 1                    ; Signed Integer                                                                                                                                                                  ;
; WIDTH_BYTEENA_B                    ; 1                    ; Signed Integer                                                                                                                                                                  ;
; RAM_BLOCK_TYPE                     ; M9K                  ; Untyped                                                                                                                                                                         ;
; BYTE_SIZE                          ; 8                    ; Signed Integer                                                                                                                                                                  ;
; READ_DURING_WRITE_MODE_MIXED_PORTS ; DONT_CARE            ; Untyped                                                                                                                                                                         ;
; READ_DURING_WRITE_MODE_PORT_A      ; NEW_DATA_NO_NBE_READ ; Untyped                                                                                                                                                                         ;
; READ_DURING_WRITE_MODE_PORT_B      ; NEW_DATA_NO_NBE_READ ; Untyped                                                                                                                                                                         ;
; INIT_FILE                          ; UNUSED               ; Untyped                                                                                                                                                                         ;
; INIT_FILE_LAYOUT                   ; PORT_A               ; Untyped                                                                                                                                                                         ;
; MAXIMUM_DEPTH                      ; 0                    ; Signed Integer                                                                                                                                                                  ;
; CLOCK_ENABLE_INPUT_A               ; NORMAL               ; Untyped                                                                                                                                                                         ;
; CLOCK_ENABLE_INPUT_B               ; NORMAL               ; Untyped                                                                                                                                                                         ;
; CLOCK_ENABLE_OUTPUT_A              ; NORMAL               ; Untyped                                                                                                                                                                         ;
; CLOCK_ENABLE_OUTPUT_B              ; NORMAL               ; Untyped                                                                                                                                                                         ;
; CLOCK_ENABLE_CORE_A                ; USE_INPUT_CLKEN      ; Untyped                                                                                                                                                                         ;
; CLOCK_ENABLE_CORE_B                ; USE_INPUT_CLKEN      ; Untyped                                                                                                                                                                         ;
; ENABLE_ECC                         ; FALSE                ; Untyped                                                                                                                                                                         ;
; ECC_PIPELINE_STAGE_ENABLED         ; FALSE                ; Untyped                                                                                                                                                                         ;
; WIDTH_ECCSTATUS                    ; 3                    ; Signed Integer                                                                                                                                                                  ;
; DEVICE_FAMILY                      ; Cyclone IV E         ; Untyped                                                                                                                                                                         ;
; CBXI_PARAMETER                     ; altsyncram_gpn3      ; Untyped                                                                                                                                                                         ;
+------------------------------------+----------------------+---------------------------------------------------------------------------------------------------------------------------------------------------------------------------------+
Note: In order to hide this table in the UI and the text report file, please set the "Show Parameter Settings in Synthesis Report" option in "Analysis and Synthesis Settings -> More Settings" to "Off".


+-------------------------------------------------------------------------------------------------------------------------------------------------------------------------------------------------------------------------------------------+
; Parameter Settings for User Entity Instance: FIR:u_FIR_0|fir_3k4:u_fir_3k4_0|fir_3k4_0002:fir_3k4_inst|fir_3k4_0002_ast:fir_3k4_0002_ast_inst|fir_3k4_0002_rtl_core:\real_passthrough:hpfircore_core|altsyncram:u0_m0_wo0_cm9_lutmem_dmem ;
+------------------------------------+------------------------------------------------+-----------------------------------------------------------------------------------------------------------------------------------------------------+
; Parameter Name                     ; Value                                          ; Type                                                                                                                                                ;
+------------------------------------+------------------------------------------------+-----------------------------------------------------------------------------------------------------------------------------------------------------+
; BYTE_SIZE_BLOCK                    ; 8                                              ; Untyped                                                                                                                                             ;
; AUTO_CARRY_CHAINS                  ; ON                                             ; AUTO_CARRY                                                                                                                                          ;
; IGNORE_CARRY_BUFFERS               ; OFF                                            ; IGNORE_CARRY                                                                                                                                        ;
; AUTO_CASCADE_CHAINS                ; ON                                             ; AUTO_CASCADE                                                                                                                                        ;
; IGNORE_CASCADE_BUFFERS             ; OFF                                            ; IGNORE_CASCADE                                                                                                                                      ;
; WIDTH_BYTEENA                      ; 1                                              ; Untyped                                                                                                                                             ;
; OPERATION_MODE                     ; ROM                                            ; Untyped                                                                                                                                             ;
; WIDTH_A                            ; 8                                              ; Signed Integer                                                                                                                                      ;
; WIDTHAD_A                          ; 8                                              ; Signed Integer                                                                                                                                      ;
; NUMWORDS_A                         ; 239                                            ; Signed Integer                                                                                                                                      ;
; OUTDATA_REG_A                      ; CLOCK0                                         ; Untyped                                                                                                                                             ;
; ADDRESS_ACLR_A                     ; NONE                                           ; Untyped                                                                                                                                             ;
; OUTDATA_ACLR_A                     ; CLEAR0                                         ; Untyped                                                                                                                                             ;
; WRCONTROL_ACLR_A                   ; NONE                                           ; Untyped                                                                                                                                             ;
; INDATA_ACLR_A                      ; NONE                                           ; Untyped                                                                                                                                             ;
; BYTEENA_ACLR_A                     ; NONE                                           ; Untyped                                                                                                                                             ;
; WIDTH_B                            ; 1                                              ; Signed Integer                                                                                                                                      ;
; WIDTHAD_B                          ; 1                                              ; Signed Integer                                                                                                                                      ;
; NUMWORDS_B                         ; 0                                              ; Signed Integer                                                                                                                                      ;
; INDATA_REG_B                       ; CLOCK1                                         ; Untyped                                                                                                                                             ;
; WRCONTROL_WRADDRESS_REG_B          ; CLOCK1                                         ; Untyped                                                                                                                                             ;
; RDCONTROL_REG_B                    ; CLOCK1                                         ; Untyped                                                                                                                                             ;
; ADDRESS_REG_B                      ; CLOCK1                                         ; Untyped                                                                                                                                             ;
; OUTDATA_REG_B                      ; UNREGISTERED                                   ; Untyped                                                                                                                                             ;
; BYTEENA_REG_B                      ; CLOCK1                                         ; Untyped                                                                                                                                             ;
; INDATA_ACLR_B                      ; NONE                                           ; Untyped                                                                                                                                             ;
; WRCONTROL_ACLR_B                   ; NONE                                           ; Untyped                                                                                                                                             ;
; ADDRESS_ACLR_B                     ; NONE                                           ; Untyped                                                                                                                                             ;
; OUTDATA_ACLR_B                     ; NONE                                           ; Untyped                                                                                                                                             ;
; RDCONTROL_ACLR_B                   ; NONE                                           ; Untyped                                                                                                                                             ;
; BYTEENA_ACLR_B                     ; NONE                                           ; Untyped                                                                                                                                             ;
; WIDTH_BYTEENA_A                    ; 1                                              ; Signed Integer                                                                                                                                      ;
; WIDTH_BYTEENA_B                    ; 1                                              ; Signed Integer                                                                                                                                      ;
; RAM_BLOCK_TYPE                     ; M9K                                            ; Untyped                                                                                                                                             ;
; BYTE_SIZE                          ; 8                                              ; Signed Integer                                                                                                                                      ;
; READ_DURING_WRITE_MODE_MIXED_PORTS ; DONT_CARE                                      ; Untyped                                                                                                                                             ;
; READ_DURING_WRITE_MODE_PORT_A      ; NEW_DATA_NO_NBE_READ                           ; Untyped                                                                                                                                             ;
; READ_DURING_WRITE_MODE_PORT_B      ; NEW_DATA_NO_NBE_READ                           ; Untyped                                                                                                                                             ;
; INIT_FILE                          ; fir_3k4_0002_rtl_core_u0_m0_wo0_cm9_lutmem.hex ; Untyped                                                                                                                                             ;
; INIT_FILE_LAYOUT                   ; PORT_A                                         ; Untyped                                                                                                                                             ;
; MAXIMUM_DEPTH                      ; 0                                              ; Signed Integer                                                                                                                                      ;
; CLOCK_ENABLE_INPUT_A               ; NORMAL                                         ; Untyped                                                                                                                                             ;
; CLOCK_ENABLE_INPUT_B               ; NORMAL                                         ; Untyped                                                                                                                                             ;
; CLOCK_ENABLE_OUTPUT_A              ; NORMAL                                         ; Untyped                                                                                                                                             ;
; CLOCK_ENABLE_OUTPUT_B              ; NORMAL                                         ; Untyped                                                                                                                                             ;
; CLOCK_ENABLE_CORE_A                ; USE_INPUT_CLKEN                                ; Untyped                                                                                                                                             ;
; CLOCK_ENABLE_CORE_B                ; USE_INPUT_CLKEN                                ; Untyped                                                                                                                                             ;
; ENABLE_ECC                         ; FALSE                                          ; Untyped                                                                                                                                             ;
; ECC_PIPELINE_STAGE_ENABLED         ; FALSE                                          ; Untyped                                                                                                                                             ;
; WIDTH_ECCSTATUS                    ; 3                                              ; Signed Integer                                                                                                                                      ;
; DEVICE_FAMILY                      ; Cyclone IV E                                   ; Untyped                                                                                                                                             ;
; CBXI_PARAMETER                     ; altsyncram_piq3                                ; Untyped                                                                                                                                             ;
+------------------------------------+------------------------------------------------+-----------------------------------------------------------------------------------------------------------------------------------------------------+
Note: In order to hide this table in the UI and the text report file, please set the "Show Parameter Settings in Synthesis Report" option in "Analysis and Synthesis Settings -> More Settings" to "Off".


+--------------------------------------------------------------------------------------------------------------------------------------------------------------------------------------------------------------------------------------------------+
; Parameter Settings for User Entity Instance: FIR:u_FIR_0|fir_3k4:u_fir_3k4_0|fir_3k4_0002:fir_3k4_inst|fir_3k4_0002_ast:fir_3k4_0002_ast_inst|fir_3k4_0002_rtl_core:\real_passthrough:hpfircore_core|LPM_MULT:u0_m0_wo0_mtree_mult1_11_component ;
+------------------------------------------------+--------------+----------------------------------------------------------------------------------------------------------------------------------------------------------------------------------+
; Parameter Name                                 ; Value        ; Type                                                                                                                                                                             ;
+------------------------------------------------+--------------+----------------------------------------------------------------------------------------------------------------------------------------------------------------------------------+
; AUTO_CARRY_CHAINS                              ; ON           ; AUTO_CARRY                                                                                                                                                                       ;
; IGNORE_CARRY_BUFFERS                           ; OFF          ; IGNORE_CARRY                                                                                                                                                                     ;
; AUTO_CASCADE_CHAINS                            ; ON           ; AUTO_CASCADE                                                                                                                                                                     ;
; IGNORE_CASCADE_BUFFERS                         ; OFF          ; IGNORE_CASCADE                                                                                                                                                                   ;
; LPM_WIDTHA                                     ; 8            ; Signed Integer                                                                                                                                                                   ;
; LPM_WIDTHB                                     ; 8            ; Signed Integer                                                                                                                                                                   ;
; LPM_WIDTHP                                     ; 16           ; Signed Integer                                                                                                                                                                   ;
; LPM_WIDTHR                                     ; 0            ; Untyped                                                                                                                                                                          ;
; LPM_WIDTHS                                     ; 1            ; Signed Integer                                                                                                                                                                   ;
; LPM_REPRESENTATION                             ; SIGNED       ; Untyped                                                                                                                                                                          ;
; LPM_PIPELINE                                   ; 2            ; Signed Integer                                                                                                                                                                   ;
; LATENCY                                        ; 0            ; Untyped                                                                                                                                                                          ;
; INPUT_A_IS_CONSTANT                            ; NO           ; Untyped                                                                                                                                                                          ;
; INPUT_B_IS_CONSTANT                            ; NO           ; Untyped                                                                                                                                                                          ;
; USE_EAB                                        ; OFF          ; Untyped                                                                                                                                                                          ;
; MAXIMIZE_SPEED                                 ; 5            ; Untyped                                                                                                                                                                          ;
; DEVICE_FAMILY                                  ; Cyclone IV E ; Untyped                                                                                                                                                                          ;
; CARRY_CHAIN                                    ; MANUAL       ; Untyped                                                                                                                                                                          ;
; APEX20K_TECHNOLOGY_MAPPER                      ; LUT          ; TECH_MAPPER_APEX20K                                                                                                                                                              ;
; DEDICATED_MULTIPLIER_CIRCUITRY                 ; YES          ; Untyped                                                                                                                                                                          ;
; DEDICATED_MULTIPLIER_MIN_INPUT_WIDTH_FOR_AUTO  ; 0            ; Untyped                                                                                                                                                                          ;
; DEDICATED_MULTIPLIER_MIN_OUTPUT_WIDTH_FOR_AUTO ; 0            ; Untyped                                                                                                                                                                          ;
; CBXI_PARAMETER                                 ; mult_9bu     ; Untyped                                                                                                                                                                          ;
; INPUT_A_FIXED_VALUE                            ; Bx           ; Untyped                                                                                                                                                                          ;
; INPUT_B_FIXED_VALUE                            ; Bx           ; Untyped                                                                                                                                                                          ;
; USE_AHDL_IMPLEMENTATION                        ; OFF          ; Untyped                                                                                                                                                                          ;
+------------------------------------------------+--------------+----------------------------------------------------------------------------------------------------------------------------------------------------------------------------------+
Note: In order to hide this table in the UI and the text report file, please set the "Show Parameter Settings in Synthesis Report" option in "Analysis and Synthesis Settings -> More Settings" to "Off".


+--------------------------------------------------------------------------------------------------------------------------------------------------------------------------------------------------------------------------------------------+
; Parameter Settings for User Entity Instance: FIR:u_FIR_0|fir_3k4:u_fir_3k4_0|fir_3k4_0002:fir_3k4_inst|fir_3k4_0002_ast:fir_3k4_0002_ast_inst|fir_3k4_0002_rtl_core:\real_passthrough:hpfircore_core|altsyncram:u0_m0_wo0_cm10_lutmem_dmem ;
+------------------------------------+-------------------------------------------------+-----------------------------------------------------------------------------------------------------------------------------------------------------+
; Parameter Name                     ; Value                                           ; Type                                                                                                                                                ;
+------------------------------------+-------------------------------------------------+-----------------------------------------------------------------------------------------------------------------------------------------------------+
; BYTE_SIZE_BLOCK                    ; 8                                               ; Untyped                                                                                                                                             ;
; AUTO_CARRY_CHAINS                  ; ON                                              ; AUTO_CARRY                                                                                                                                          ;
; IGNORE_CARRY_BUFFERS               ; OFF                                             ; IGNORE_CARRY                                                                                                                                        ;
; AUTO_CASCADE_CHAINS                ; ON                                              ; AUTO_CASCADE                                                                                                                                        ;
; IGNORE_CASCADE_BUFFERS             ; OFF                                             ; IGNORE_CASCADE                                                                                                                                      ;
; WIDTH_BYTEENA                      ; 1                                               ; Untyped                                                                                                                                             ;
; OPERATION_MODE                     ; ROM                                             ; Untyped                                                                                                                                             ;
; WIDTH_A                            ; 8                                               ; Signed Integer                                                                                                                                      ;
; WIDTHAD_A                          ; 8                                               ; Signed Integer                                                                                                                                      ;
; NUMWORDS_A                         ; 239                                             ; Signed Integer                                                                                                                                      ;
; OUTDATA_REG_A                      ; CLOCK0                                          ; Untyped                                                                                                                                             ;
; ADDRESS_ACLR_A                     ; NONE                                            ; Untyped                                                                                                                                             ;
; OUTDATA_ACLR_A                     ; CLEAR0                                          ; Untyped                                                                                                                                             ;
; WRCONTROL_ACLR_A                   ; NONE                                            ; Untyped                                                                                                                                             ;
; INDATA_ACLR_A                      ; NONE                                            ; Untyped                                                                                                                                             ;
; BYTEENA_ACLR_A                     ; NONE                                            ; Untyped                                                                                                                                             ;
; WIDTH_B                            ; 1                                               ; Signed Integer                                                                                                                                      ;
; WIDTHAD_B                          ; 1                                               ; Signed Integer                                                                                                                                      ;
; NUMWORDS_B                         ; 0                                               ; Signed Integer                                                                                                                                      ;
; INDATA_REG_B                       ; CLOCK1                                          ; Untyped                                                                                                                                             ;
; WRCONTROL_WRADDRESS_REG_B          ; CLOCK1                                          ; Untyped                                                                                                                                             ;
; RDCONTROL_REG_B                    ; CLOCK1                                          ; Untyped                                                                                                                                             ;
; ADDRESS_REG_B                      ; CLOCK1                                          ; Untyped                                                                                                                                             ;
; OUTDATA_REG_B                      ; UNREGISTERED                                    ; Untyped                                                                                                                                             ;
; BYTEENA_REG_B                      ; CLOCK1                                          ; Untyped                                                                                                                                             ;
; INDATA_ACLR_B                      ; NONE                                            ; Untyped                                                                                                                                             ;
; WRCONTROL_ACLR_B                   ; NONE                                            ; Untyped                                                                                                                                             ;
; ADDRESS_ACLR_B                     ; NONE                                            ; Untyped                                                                                                                                             ;
; OUTDATA_ACLR_B                     ; NONE                                            ; Untyped                                                                                                                                             ;
; RDCONTROL_ACLR_B                   ; NONE                                            ; Untyped                                                                                                                                             ;
; BYTEENA_ACLR_B                     ; NONE                                            ; Untyped                                                                                                                                             ;
; WIDTH_BYTEENA_A                    ; 1                                               ; Signed Integer                                                                                                                                      ;
; WIDTH_BYTEENA_B                    ; 1                                               ; Signed Integer                                                                                                                                      ;
; RAM_BLOCK_TYPE                     ; M9K                                             ; Untyped                                                                                                                                             ;
; BYTE_SIZE                          ; 8                                               ; Signed Integer                                                                                                                                      ;
; READ_DURING_WRITE_MODE_MIXED_PORTS ; DONT_CARE                                       ; Untyped                                                                                                                                             ;
; READ_DURING_WRITE_MODE_PORT_A      ; NEW_DATA_NO_NBE_READ                            ; Untyped                                                                                                                                             ;
; READ_DURING_WRITE_MODE_PORT_B      ; NEW_DATA_NO_NBE_READ                            ; Untyped                                                                                                                                             ;
; INIT_FILE                          ; fir_3k4_0002_rtl_core_u0_m0_wo0_cm10_lutmem.hex ; Untyped                                                                                                                                             ;
; INIT_FILE_LAYOUT                   ; PORT_A                                          ; Untyped                                                                                                                                             ;
; MAXIMUM_DEPTH                      ; 0                                               ; Signed Integer                                                                                                                                      ;
; CLOCK_ENABLE_INPUT_A               ; NORMAL                                          ; Untyped                                                                                                                                             ;
; CLOCK_ENABLE_INPUT_B               ; NORMAL                                          ; Untyped                                                                                                                                             ;
; CLOCK_ENABLE_OUTPUT_A              ; NORMAL                                          ; Untyped                                                                                                                                             ;
; CLOCK_ENABLE_OUTPUT_B              ; NORMAL                                          ; Untyped                                                                                                                                             ;
; CLOCK_ENABLE_CORE_A                ; USE_INPUT_CLKEN                                 ; Untyped                                                                                                                                             ;
; CLOCK_ENABLE_CORE_B                ; USE_INPUT_CLKEN                                 ; Untyped                                                                                                                                             ;
; ENABLE_ECC                         ; FALSE                                           ; Untyped                                                                                                                                             ;
; ECC_PIPELINE_STAGE_ENABLED         ; FALSE                                           ; Untyped                                                                                                                                             ;
; WIDTH_ECCSTATUS                    ; 3                                               ; Signed Integer                                                                                                                                      ;
; DEVICE_FAMILY                      ; Cyclone IV E                                    ; Untyped                                                                                                                                             ;
; CBXI_PARAMETER                     ; altsyncram_1kq3                                 ; Untyped                                                                                                                                             ;
+------------------------------------+-------------------------------------------------+-----------------------------------------------------------------------------------------------------------------------------------------------------+
Note: In order to hide this table in the UI and the text report file, please set the "Show Parameter Settings in Synthesis Report" option in "Analysis and Synthesis Settings -> More Settings" to "Off".


+--------------------------------------------------------------------------------------------------------------------------------------------------------------------------------------------------------------------------------------------------+
; Parameter Settings for User Entity Instance: FIR:u_FIR_0|fir_3k4:u_fir_3k4_0|fir_3k4_0002:fir_3k4_inst|fir_3k4_0002_ast:fir_3k4_0002_ast_inst|fir_3k4_0002_rtl_core:\real_passthrough:hpfircore_core|LPM_MULT:u0_m0_wo0_mtree_mult1_10_component ;
+------------------------------------------------+--------------+----------------------------------------------------------------------------------------------------------------------------------------------------------------------------------+
; Parameter Name                                 ; Value        ; Type                                                                                                                                                                             ;
+------------------------------------------------+--------------+----------------------------------------------------------------------------------------------------------------------------------------------------------------------------------+
; AUTO_CARRY_CHAINS                              ; ON           ; AUTO_CARRY                                                                                                                                                                       ;
; IGNORE_CARRY_BUFFERS                           ; OFF          ; IGNORE_CARRY                                                                                                                                                                     ;
; AUTO_CASCADE_CHAINS                            ; ON           ; AUTO_CASCADE                                                                                                                                                                     ;
; IGNORE_CASCADE_BUFFERS                         ; OFF          ; IGNORE_CASCADE                                                                                                                                                                   ;
; LPM_WIDTHA                                     ; 8            ; Signed Integer                                                                                                                                                                   ;
; LPM_WIDTHB                                     ; 8            ; Signed Integer                                                                                                                                                                   ;
; LPM_WIDTHP                                     ; 16           ; Signed Integer                                                                                                                                                                   ;
; LPM_WIDTHR                                     ; 0            ; Untyped                                                                                                                                                                          ;
; LPM_WIDTHS                                     ; 1            ; Signed Integer                                                                                                                                                                   ;
; LPM_REPRESENTATION                             ; SIGNED       ; Untyped                                                                                                                                                                          ;
; LPM_PIPELINE                                   ; 2            ; Signed Integer                                                                                                                                                                   ;
; LATENCY                                        ; 0            ; Untyped                                                                                                                                                                          ;
; INPUT_A_IS_CONSTANT                            ; NO           ; Untyped                                                                                                                                                                          ;
; INPUT_B_IS_CONSTANT                            ; NO           ; Untyped                                                                                                                                                                          ;
; USE_EAB                                        ; OFF          ; Untyped                                                                                                                                                                          ;
; MAXIMIZE_SPEED                                 ; 5            ; Untyped                                                                                                                                                                          ;
; DEVICE_FAMILY                                  ; Cyclone IV E ; Untyped                                                                                                                                                                          ;
; CARRY_CHAIN                                    ; MANUAL       ; Untyped                                                                                                                                                                          ;
; APEX20K_TECHNOLOGY_MAPPER                      ; LUT          ; TECH_MAPPER_APEX20K                                                                                                                                                              ;
; DEDICATED_MULTIPLIER_CIRCUITRY                 ; YES          ; Untyped                                                                                                                                                                          ;
; DEDICATED_MULTIPLIER_MIN_INPUT_WIDTH_FOR_AUTO  ; 0            ; Untyped                                                                                                                                                                          ;
; DEDICATED_MULTIPLIER_MIN_OUTPUT_WIDTH_FOR_AUTO ; 0            ; Untyped                                                                                                                                                                          ;
; CBXI_PARAMETER                                 ; mult_9bu     ; Untyped                                                                                                                                                                          ;
; INPUT_A_FIXED_VALUE                            ; Bx           ; Untyped                                                                                                                                                                          ;
; INPUT_B_FIXED_VALUE                            ; Bx           ; Untyped                                                                                                                                                                          ;
; USE_AHDL_IMPLEMENTATION                        ; OFF          ; Untyped                                                                                                                                                                          ;
+------------------------------------------------+--------------+----------------------------------------------------------------------------------------------------------------------------------------------------------------------------------+
Note: In order to hide this table in the UI and the text report file, please set the "Show Parameter Settings in Synthesis Report" option in "Analysis and Synthesis Settings -> More Settings" to "Off".


+--------------------------------------------------------------------------------------------------------------------------------------------------------------------------------------------------------------------------------------------+
; Parameter Settings for User Entity Instance: FIR:u_FIR_0|fir_3k4:u_fir_3k4_0|fir_3k4_0002:fir_3k4_inst|fir_3k4_0002_ast:fir_3k4_0002_ast_inst|fir_3k4_0002_rtl_core:\real_passthrough:hpfircore_core|altsyncram:u0_m0_wo0_cm11_lutmem_dmem ;
+------------------------------------+-------------------------------------------------+-----------------------------------------------------------------------------------------------------------------------------------------------------+
; Parameter Name                     ; Value                                           ; Type                                                                                                                                                ;
+------------------------------------+-------------------------------------------------+-----------------------------------------------------------------------------------------------------------------------------------------------------+
; BYTE_SIZE_BLOCK                    ; 8                                               ; Untyped                                                                                                                                             ;
; AUTO_CARRY_CHAINS                  ; ON                                              ; AUTO_CARRY                                                                                                                                          ;
; IGNORE_CARRY_BUFFERS               ; OFF                                             ; IGNORE_CARRY                                                                                                                                        ;
; AUTO_CASCADE_CHAINS                ; ON                                              ; AUTO_CASCADE                                                                                                                                        ;
; IGNORE_CASCADE_BUFFERS             ; OFF                                             ; IGNORE_CASCADE                                                                                                                                      ;
; WIDTH_BYTEENA                      ; 1                                               ; Untyped                                                                                                                                             ;
; OPERATION_MODE                     ; ROM                                             ; Untyped                                                                                                                                             ;
; WIDTH_A                            ; 8                                               ; Signed Integer                                                                                                                                      ;
; WIDTHAD_A                          ; 8                                               ; Signed Integer                                                                                                                                      ;
; NUMWORDS_A                         ; 239                                             ; Signed Integer                                                                                                                                      ;
; OUTDATA_REG_A                      ; CLOCK0                                          ; Untyped                                                                                                                                             ;
; ADDRESS_ACLR_A                     ; NONE                                            ; Untyped                                                                                                                                             ;
; OUTDATA_ACLR_A                     ; CLEAR0                                          ; Untyped                                                                                                                                             ;
; WRCONTROL_ACLR_A                   ; NONE                                            ; Untyped                                                                                                                                             ;
; INDATA_ACLR_A                      ; NONE                                            ; Untyped                                                                                                                                             ;
; BYTEENA_ACLR_A                     ; NONE                                            ; Untyped                                                                                                                                             ;
; WIDTH_B                            ; 1                                               ; Signed Integer                                                                                                                                      ;
; WIDTHAD_B                          ; 1                                               ; Signed Integer                                                                                                                                      ;
; NUMWORDS_B                         ; 0                                               ; Signed Integer                                                                                                                                      ;
; INDATA_REG_B                       ; CLOCK1                                          ; Untyped                                                                                                                                             ;
; WRCONTROL_WRADDRESS_REG_B          ; CLOCK1                                          ; Untyped                                                                                                                                             ;
; RDCONTROL_REG_B                    ; CLOCK1                                          ; Untyped                                                                                                                                             ;
; ADDRESS_REG_B                      ; CLOCK1                                          ; Untyped                                                                                                                                             ;
; OUTDATA_REG_B                      ; UNREGISTERED                                    ; Untyped                                                                                                                                             ;
; BYTEENA_REG_B                      ; CLOCK1                                          ; Untyped                                                                                                                                             ;
; INDATA_ACLR_B                      ; NONE                                            ; Untyped                                                                                                                                             ;
; WRCONTROL_ACLR_B                   ; NONE                                            ; Untyped                                                                                                                                             ;
; ADDRESS_ACLR_B                     ; NONE                                            ; Untyped                                                                                                                                             ;
; OUTDATA_ACLR_B                     ; NONE                                            ; Untyped                                                                                                                                             ;
; RDCONTROL_ACLR_B                   ; NONE                                            ; Untyped                                                                                                                                             ;
; BYTEENA_ACLR_B                     ; NONE                                            ; Untyped                                                                                                                                             ;
; WIDTH_BYTEENA_A                    ; 1                                               ; Signed Integer                                                                                                                                      ;
; WIDTH_BYTEENA_B                    ; 1                                               ; Signed Integer                                                                                                                                      ;
; RAM_BLOCK_TYPE                     ; M9K                                             ; Untyped                                                                                                                                             ;
; BYTE_SIZE                          ; 8                                               ; Signed Integer                                                                                                                                      ;
; READ_DURING_WRITE_MODE_MIXED_PORTS ; DONT_CARE                                       ; Untyped                                                                                                                                             ;
; READ_DURING_WRITE_MODE_PORT_A      ; NEW_DATA_NO_NBE_READ                            ; Untyped                                                                                                                                             ;
; READ_DURING_WRITE_MODE_PORT_B      ; NEW_DATA_NO_NBE_READ                            ; Untyped                                                                                                                                             ;
; INIT_FILE                          ; fir_3k4_0002_rtl_core_u0_m0_wo0_cm11_lutmem.hex ; Untyped                                                                                                                                             ;
; INIT_FILE_LAYOUT                   ; PORT_A                                          ; Untyped                                                                                                                                             ;
; MAXIMUM_DEPTH                      ; 0                                               ; Signed Integer                                                                                                                                      ;
; CLOCK_ENABLE_INPUT_A               ; NORMAL                                          ; Untyped                                                                                                                                             ;
; CLOCK_ENABLE_INPUT_B               ; NORMAL                                          ; Untyped                                                                                                                                             ;
; CLOCK_ENABLE_OUTPUT_A              ; NORMAL                                          ; Untyped                                                                                                                                             ;
; CLOCK_ENABLE_OUTPUT_B              ; NORMAL                                          ; Untyped                                                                                                                                             ;
; CLOCK_ENABLE_CORE_A                ; USE_INPUT_CLKEN                                 ; Untyped                                                                                                                                             ;
; CLOCK_ENABLE_CORE_B                ; USE_INPUT_CLKEN                                 ; Untyped                                                                                                                                             ;
; ENABLE_ECC                         ; FALSE                                           ; Untyped                                                                                                                                             ;
; ECC_PIPELINE_STAGE_ENABLED         ; FALSE                                           ; Untyped                                                                                                                                             ;
; WIDTH_ECCSTATUS                    ; 3                                               ; Signed Integer                                                                                                                                      ;
; DEVICE_FAMILY                      ; Cyclone IV E                                    ; Untyped                                                                                                                                             ;
; CBXI_PARAMETER                     ; altsyncram_2kq3                                 ; Untyped                                                                                                                                             ;
+------------------------------------+-------------------------------------------------+-----------------------------------------------------------------------------------------------------------------------------------------------------+
Note: In order to hide this table in the UI and the text report file, please set the "Show Parameter Settings in Synthesis Report" option in "Analysis and Synthesis Settings -> More Settings" to "Off".


+-------------------------------------------------------------------------------------------------------------------------------------------------------------------------------------------------------------------------------------------------+
; Parameter Settings for User Entity Instance: FIR:u_FIR_0|fir_3k4:u_fir_3k4_0|fir_3k4_0002:fir_3k4_inst|fir_3k4_0002_ast:fir_3k4_0002_ast_inst|fir_3k4_0002_rtl_core:\real_passthrough:hpfircore_core|LPM_MULT:u0_m0_wo0_mtree_mult1_9_component ;
+------------------------------------------------+--------------+---------------------------------------------------------------------------------------------------------------------------------------------------------------------------------+
; Parameter Name                                 ; Value        ; Type                                                                                                                                                                            ;
+------------------------------------------------+--------------+---------------------------------------------------------------------------------------------------------------------------------------------------------------------------------+
; AUTO_CARRY_CHAINS                              ; ON           ; AUTO_CARRY                                                                                                                                                                      ;
; IGNORE_CARRY_BUFFERS                           ; OFF          ; IGNORE_CARRY                                                                                                                                                                    ;
; AUTO_CASCADE_CHAINS                            ; ON           ; AUTO_CASCADE                                                                                                                                                                    ;
; IGNORE_CASCADE_BUFFERS                         ; OFF          ; IGNORE_CASCADE                                                                                                                                                                  ;
; LPM_WIDTHA                                     ; 8            ; Signed Integer                                                                                                                                                                  ;
; LPM_WIDTHB                                     ; 8            ; Signed Integer                                                                                                                                                                  ;
; LPM_WIDTHP                                     ; 16           ; Signed Integer                                                                                                                                                                  ;
; LPM_WIDTHR                                     ; 0            ; Untyped                                                                                                                                                                         ;
; LPM_WIDTHS                                     ; 1            ; Signed Integer                                                                                                                                                                  ;
; LPM_REPRESENTATION                             ; SIGNED       ; Untyped                                                                                                                                                                         ;
; LPM_PIPELINE                                   ; 2            ; Signed Integer                                                                                                                                                                  ;
; LATENCY                                        ; 0            ; Untyped                                                                                                                                                                         ;
; INPUT_A_IS_CONSTANT                            ; NO           ; Untyped                                                                                                                                                                         ;
; INPUT_B_IS_CONSTANT                            ; NO           ; Untyped                                                                                                                                                                         ;
; USE_EAB                                        ; OFF          ; Untyped                                                                                                                                                                         ;
; MAXIMIZE_SPEED                                 ; 5            ; Untyped                                                                                                                                                                         ;
; DEVICE_FAMILY                                  ; Cyclone IV E ; Untyped                                                                                                                                                                         ;
; CARRY_CHAIN                                    ; MANUAL       ; Untyped                                                                                                                                                                         ;
; APEX20K_TECHNOLOGY_MAPPER                      ; LUT          ; TECH_MAPPER_APEX20K                                                                                                                                                             ;
; DEDICATED_MULTIPLIER_CIRCUITRY                 ; YES          ; Untyped                                                                                                                                                                         ;
; DEDICATED_MULTIPLIER_MIN_INPUT_WIDTH_FOR_AUTO  ; 0            ; Untyped                                                                                                                                                                         ;
; DEDICATED_MULTIPLIER_MIN_OUTPUT_WIDTH_FOR_AUTO ; 0            ; Untyped                                                                                                                                                                         ;
; CBXI_PARAMETER                                 ; mult_9bu     ; Untyped                                                                                                                                                                         ;
; INPUT_A_FIXED_VALUE                            ; Bx           ; Untyped                                                                                                                                                                         ;
; INPUT_B_FIXED_VALUE                            ; Bx           ; Untyped                                                                                                                                                                         ;
; USE_AHDL_IMPLEMENTATION                        ; OFF          ; Untyped                                                                                                                                                                         ;
+------------------------------------------------+--------------+---------------------------------------------------------------------------------------------------------------------------------------------------------------------------------+
Note: In order to hide this table in the UI and the text report file, please set the "Show Parameter Settings in Synthesis Report" option in "Analysis and Synthesis Settings -> More Settings" to "Off".


+--------------------------------------------------------------------------------------------------------------------------------------------------------------------------------------------------------------------------------------------+
; Parameter Settings for User Entity Instance: FIR:u_FIR_0|fir_3k4:u_fir_3k4_0|fir_3k4_0002:fir_3k4_inst|fir_3k4_0002_ast:fir_3k4_0002_ast_inst|fir_3k4_0002_rtl_core:\real_passthrough:hpfircore_core|altsyncram:u0_m0_wo0_cm12_lutmem_dmem ;
+------------------------------------+-------------------------------------------------+-----------------------------------------------------------------------------------------------------------------------------------------------------+
; Parameter Name                     ; Value                                           ; Type                                                                                                                                                ;
+------------------------------------+-------------------------------------------------+-----------------------------------------------------------------------------------------------------------------------------------------------------+
; BYTE_SIZE_BLOCK                    ; 8                                               ; Untyped                                                                                                                                             ;
; AUTO_CARRY_CHAINS                  ; ON                                              ; AUTO_CARRY                                                                                                                                          ;
; IGNORE_CARRY_BUFFERS               ; OFF                                             ; IGNORE_CARRY                                                                                                                                        ;
; AUTO_CASCADE_CHAINS                ; ON                                              ; AUTO_CASCADE                                                                                                                                        ;
; IGNORE_CASCADE_BUFFERS             ; OFF                                             ; IGNORE_CASCADE                                                                                                                                      ;
; WIDTH_BYTEENA                      ; 1                                               ; Untyped                                                                                                                                             ;
; OPERATION_MODE                     ; ROM                                             ; Untyped                                                                                                                                             ;
; WIDTH_A                            ; 8                                               ; Signed Integer                                                                                                                                      ;
; WIDTHAD_A                          ; 8                                               ; Signed Integer                                                                                                                                      ;
; NUMWORDS_A                         ; 239                                             ; Signed Integer                                                                                                                                      ;
; OUTDATA_REG_A                      ; CLOCK0                                          ; Untyped                                                                                                                                             ;
; ADDRESS_ACLR_A                     ; NONE                                            ; Untyped                                                                                                                                             ;
; OUTDATA_ACLR_A                     ; CLEAR0                                          ; Untyped                                                                                                                                             ;
; WRCONTROL_ACLR_A                   ; NONE                                            ; Untyped                                                                                                                                             ;
; INDATA_ACLR_A                      ; NONE                                            ; Untyped                                                                                                                                             ;
; BYTEENA_ACLR_A                     ; NONE                                            ; Untyped                                                                                                                                             ;
; WIDTH_B                            ; 1                                               ; Signed Integer                                                                                                                                      ;
; WIDTHAD_B                          ; 1                                               ; Signed Integer                                                                                                                                      ;
; NUMWORDS_B                         ; 0                                               ; Signed Integer                                                                                                                                      ;
; INDATA_REG_B                       ; CLOCK1                                          ; Untyped                                                                                                                                             ;
; WRCONTROL_WRADDRESS_REG_B          ; CLOCK1                                          ; Untyped                                                                                                                                             ;
; RDCONTROL_REG_B                    ; CLOCK1                                          ; Untyped                                                                                                                                             ;
; ADDRESS_REG_B                      ; CLOCK1                                          ; Untyped                                                                                                                                             ;
; OUTDATA_REG_B                      ; UNREGISTERED                                    ; Untyped                                                                                                                                             ;
; BYTEENA_REG_B                      ; CLOCK1                                          ; Untyped                                                                                                                                             ;
; INDATA_ACLR_B                      ; NONE                                            ; Untyped                                                                                                                                             ;
; WRCONTROL_ACLR_B                   ; NONE                                            ; Untyped                                                                                                                                             ;
; ADDRESS_ACLR_B                     ; NONE                                            ; Untyped                                                                                                                                             ;
; OUTDATA_ACLR_B                     ; NONE                                            ; Untyped                                                                                                                                             ;
; RDCONTROL_ACLR_B                   ; NONE                                            ; Untyped                                                                                                                                             ;
; BYTEENA_ACLR_B                     ; NONE                                            ; Untyped                                                                                                                                             ;
; WIDTH_BYTEENA_A                    ; 1                                               ; Signed Integer                                                                                                                                      ;
; WIDTH_BYTEENA_B                    ; 1                                               ; Signed Integer                                                                                                                                      ;
; RAM_BLOCK_TYPE                     ; M9K                                             ; Untyped                                                                                                                                             ;
; BYTE_SIZE                          ; 8                                               ; Signed Integer                                                                                                                                      ;
; READ_DURING_WRITE_MODE_MIXED_PORTS ; DONT_CARE                                       ; Untyped                                                                                                                                             ;
; READ_DURING_WRITE_MODE_PORT_A      ; NEW_DATA_NO_NBE_READ                            ; Untyped                                                                                                                                             ;
; READ_DURING_WRITE_MODE_PORT_B      ; NEW_DATA_NO_NBE_READ                            ; Untyped                                                                                                                                             ;
; INIT_FILE                          ; fir_3k4_0002_rtl_core_u0_m0_wo0_cm12_lutmem.hex ; Untyped                                                                                                                                             ;
; INIT_FILE_LAYOUT                   ; PORT_A                                          ; Untyped                                                                                                                                             ;
; MAXIMUM_DEPTH                      ; 0                                               ; Signed Integer                                                                                                                                      ;
; CLOCK_ENABLE_INPUT_A               ; NORMAL                                          ; Untyped                                                                                                                                             ;
; CLOCK_ENABLE_INPUT_B               ; NORMAL                                          ; Untyped                                                                                                                                             ;
; CLOCK_ENABLE_OUTPUT_A              ; NORMAL                                          ; Untyped                                                                                                                                             ;
; CLOCK_ENABLE_OUTPUT_B              ; NORMAL                                          ; Untyped                                                                                                                                             ;
; CLOCK_ENABLE_CORE_A                ; USE_INPUT_CLKEN                                 ; Untyped                                                                                                                                             ;
; CLOCK_ENABLE_CORE_B                ; USE_INPUT_CLKEN                                 ; Untyped                                                                                                                                             ;
; ENABLE_ECC                         ; FALSE                                           ; Untyped                                                                                                                                             ;
; ECC_PIPELINE_STAGE_ENABLED         ; FALSE                                           ; Untyped                                                                                                                                             ;
; WIDTH_ECCSTATUS                    ; 3                                               ; Signed Integer                                                                                                                                      ;
; DEVICE_FAMILY                      ; Cyclone IV E                                    ; Untyped                                                                                                                                             ;
; CBXI_PARAMETER                     ; altsyncram_3kq3                                 ; Untyped                                                                                                                                             ;
+------------------------------------+-------------------------------------------------+-----------------------------------------------------------------------------------------------------------------------------------------------------+
Note: In order to hide this table in the UI and the text report file, please set the "Show Parameter Settings in Synthesis Report" option in "Analysis and Synthesis Settings -> More Settings" to "Off".


+-------------------------------------------------------------------------------------------------------------------------------------------------------------------------------------------------------------------------------------------------+
; Parameter Settings for User Entity Instance: FIR:u_FIR_0|fir_3k4:u_fir_3k4_0|fir_3k4_0002:fir_3k4_inst|fir_3k4_0002_ast:fir_3k4_0002_ast_inst|fir_3k4_0002_rtl_core:\real_passthrough:hpfircore_core|LPM_MULT:u0_m0_wo0_mtree_mult1_8_component ;
+------------------------------------------------+--------------+---------------------------------------------------------------------------------------------------------------------------------------------------------------------------------+
; Parameter Name                                 ; Value        ; Type                                                                                                                                                                            ;
+------------------------------------------------+--------------+---------------------------------------------------------------------------------------------------------------------------------------------------------------------------------+
; AUTO_CARRY_CHAINS                              ; ON           ; AUTO_CARRY                                                                                                                                                                      ;
; IGNORE_CARRY_BUFFERS                           ; OFF          ; IGNORE_CARRY                                                                                                                                                                    ;
; AUTO_CASCADE_CHAINS                            ; ON           ; AUTO_CASCADE                                                                                                                                                                    ;
; IGNORE_CASCADE_BUFFERS                         ; OFF          ; IGNORE_CASCADE                                                                                                                                                                  ;
; LPM_WIDTHA                                     ; 8            ; Signed Integer                                                                                                                                                                  ;
; LPM_WIDTHB                                     ; 8            ; Signed Integer                                                                                                                                                                  ;
; LPM_WIDTHP                                     ; 16           ; Signed Integer                                                                                                                                                                  ;
; LPM_WIDTHR                                     ; 0            ; Untyped                                                                                                                                                                         ;
; LPM_WIDTHS                                     ; 1            ; Signed Integer                                                                                                                                                                  ;
; LPM_REPRESENTATION                             ; SIGNED       ; Untyped                                                                                                                                                                         ;
; LPM_PIPELINE                                   ; 2            ; Signed Integer                                                                                                                                                                  ;
; LATENCY                                        ; 0            ; Untyped                                                                                                                                                                         ;
; INPUT_A_IS_CONSTANT                            ; NO           ; Untyped                                                                                                                                                                         ;
; INPUT_B_IS_CONSTANT                            ; NO           ; Untyped                                                                                                                                                                         ;
; USE_EAB                                        ; OFF          ; Untyped                                                                                                                                                                         ;
; MAXIMIZE_SPEED                                 ; 5            ; Untyped                                                                                                                                                                         ;
; DEVICE_FAMILY                                  ; Cyclone IV E ; Untyped                                                                                                                                                                         ;
; CARRY_CHAIN                                    ; MANUAL       ; Untyped                                                                                                                                                                         ;
; APEX20K_TECHNOLOGY_MAPPER                      ; LUT          ; TECH_MAPPER_APEX20K                                                                                                                                                             ;
; DEDICATED_MULTIPLIER_CIRCUITRY                 ; YES          ; Untyped                                                                                                                                                                         ;
; DEDICATED_MULTIPLIER_MIN_INPUT_WIDTH_FOR_AUTO  ; 0            ; Untyped                                                                                                                                                                         ;
; DEDICATED_MULTIPLIER_MIN_OUTPUT_WIDTH_FOR_AUTO ; 0            ; Untyped                                                                                                                                                                         ;
; CBXI_PARAMETER                                 ; mult_9bu     ; Untyped                                                                                                                                                                         ;
; INPUT_A_FIXED_VALUE                            ; Bx           ; Untyped                                                                                                                                                                         ;
; INPUT_B_FIXED_VALUE                            ; Bx           ; Untyped                                                                                                                                                                         ;
; USE_AHDL_IMPLEMENTATION                        ; OFF          ; Untyped                                                                                                                                                                         ;
+------------------------------------------------+--------------+---------------------------------------------------------------------------------------------------------------------------------------------------------------------------------+
Note: In order to hide this table in the UI and the text report file, please set the "Show Parameter Settings in Synthesis Report" option in "Analysis and Synthesis Settings -> More Settings" to "Off".


+-------------------------------------------------------------------------------------------------------------------------------------------------------------------------------------------------------------------------------------------------+
; Parameter Settings for User Entity Instance: FIR:u_FIR_0|fir_3k4:u_fir_3k4_0|fir_3k4_0002:fir_3k4_inst|fir_3k4_0002_ast:fir_3k4_0002_ast_inst|fir_3k4_0002_rtl_core:\real_passthrough:hpfircore_core|dspba_delay:d_u0_m0_wo0_wi0_r0_split9_f_17 ;
+----------------+-------+------------------------------------------------------------------------------------------------------------------------------------------------------------------------------------------------------------------------+
; Parameter Name ; Value ; Type                                                                                                                                                                                                                   ;
+----------------+-------+------------------------------------------------------------------------------------------------------------------------------------------------------------------------------------------------------------------------+
; width          ; 8     ; Signed Integer                                                                                                                                                                                                         ;
; depth          ; 2     ; Signed Integer                                                                                                                                                                                                         ;
; reset_high     ; '1'   ; Enumerated                                                                                                                                                                                                             ;
; reset_kind     ; ASYNC ; String                                                                                                                                                                                                                 ;
+----------------+-------+------------------------------------------------------------------------------------------------------------------------------------------------------------------------------------------------------------------------+
Note: In order to hide this table in the UI and the text report file, please set the "Show Parameter Settings in Synthesis Report" option in "Analysis and Synthesis Settings -> More Settings" to "Off".


+----------------------------------------------------------------------------------------------------------------------------------------------------------------------------------------------------------------------------------------+
; Parameter Settings for User Entity Instance: FIR:u_FIR_0|fir_3k4:u_fir_3k4_0|fir_3k4_0002:fir_3k4_inst|fir_3k4_0002_ast:fir_3k4_0002_ast_inst|fir_3k4_0002_rtl_core:\real_passthrough:hpfircore_core|dspba_delay:d_u0_m0_wo0_ca20_q_15 ;
+----------------+-------+---------------------------------------------------------------------------------------------------------------------------------------------------------------------------------------------------------------+
; Parameter Name ; Value ; Type                                                                                                                                                                                                          ;
+----------------+-------+---------------------------------------------------------------------------------------------------------------------------------------------------------------------------------------------------------------+
; width          ; 8     ; Signed Integer                                                                                                                                                                                                ;
; depth          ; 1     ; Signed Integer                                                                                                                                                                                                ;
; reset_high     ; '1'   ; Enumerated                                                                                                                                                                                                    ;
; reset_kind     ; ASYNC ; String                                                                                                                                                                                                        ;
+----------------+-------+---------------------------------------------------------------------------------------------------------------------------------------------------------------------------------------------------------------+
Note: In order to hide this table in the UI and the text report file, please set the "Show Parameter Settings in Synthesis Report" option in "Analysis and Synthesis Settings -> More Settings" to "Off".


+--------------------------------------------------------------------------------------------------------------------------------------------------------------------------------------------------------------------------------------------+
; Parameter Settings for User Entity Instance: FIR:u_FIR_0|fir_3k4:u_fir_3k4_0|fir_3k4_0002:fir_3k4_inst|fir_3k4_0002_ast:fir_3k4_0002_ast_inst|fir_3k4_0002_rtl_core:\real_passthrough:hpfircore_core|altsyncram:u0_m0_wo0_cm13_lutmem_dmem ;
+------------------------------------+-------------------------------------------------+-----------------------------------------------------------------------------------------------------------------------------------------------------+
; Parameter Name                     ; Value                                           ; Type                                                                                                                                                ;
+------------------------------------+-------------------------------------------------+-----------------------------------------------------------------------------------------------------------------------------------------------------+
; BYTE_SIZE_BLOCK                    ; 8                                               ; Untyped                                                                                                                                             ;
; AUTO_CARRY_CHAINS                  ; ON                                              ; AUTO_CARRY                                                                                                                                          ;
; IGNORE_CARRY_BUFFERS               ; OFF                                             ; IGNORE_CARRY                                                                                                                                        ;
; AUTO_CASCADE_CHAINS                ; ON                                              ; AUTO_CASCADE                                                                                                                                        ;
; IGNORE_CASCADE_BUFFERS             ; OFF                                             ; IGNORE_CASCADE                                                                                                                                      ;
; WIDTH_BYTEENA                      ; 1                                               ; Untyped                                                                                                                                             ;
; OPERATION_MODE                     ; ROM                                             ; Untyped                                                                                                                                             ;
; WIDTH_A                            ; 8                                               ; Signed Integer                                                                                                                                      ;
; WIDTHAD_A                          ; 8                                               ; Signed Integer                                                                                                                                      ;
; NUMWORDS_A                         ; 239                                             ; Signed Integer                                                                                                                                      ;
; OUTDATA_REG_A                      ; CLOCK0                                          ; Untyped                                                                                                                                             ;
; ADDRESS_ACLR_A                     ; NONE                                            ; Untyped                                                                                                                                             ;
; OUTDATA_ACLR_A                     ; CLEAR0                                          ; Untyped                                                                                                                                             ;
; WRCONTROL_ACLR_A                   ; NONE                                            ; Untyped                                                                                                                                             ;
; INDATA_ACLR_A                      ; NONE                                            ; Untyped                                                                                                                                             ;
; BYTEENA_ACLR_A                     ; NONE                                            ; Untyped                                                                                                                                             ;
; WIDTH_B                            ; 1                                               ; Signed Integer                                                                                                                                      ;
; WIDTHAD_B                          ; 1                                               ; Signed Integer                                                                                                                                      ;
; NUMWORDS_B                         ; 0                                               ; Signed Integer                                                                                                                                      ;
; INDATA_REG_B                       ; CLOCK1                                          ; Untyped                                                                                                                                             ;
; WRCONTROL_WRADDRESS_REG_B          ; CLOCK1                                          ; Untyped                                                                                                                                             ;
; RDCONTROL_REG_B                    ; CLOCK1                                          ; Untyped                                                                                                                                             ;
; ADDRESS_REG_B                      ; CLOCK1                                          ; Untyped                                                                                                                                             ;
; OUTDATA_REG_B                      ; UNREGISTERED                                    ; Untyped                                                                                                                                             ;
; BYTEENA_REG_B                      ; CLOCK1                                          ; Untyped                                                                                                                                             ;
; INDATA_ACLR_B                      ; NONE                                            ; Untyped                                                                                                                                             ;
; WRCONTROL_ACLR_B                   ; NONE                                            ; Untyped                                                                                                                                             ;
; ADDRESS_ACLR_B                     ; NONE                                            ; Untyped                                                                                                                                             ;
; OUTDATA_ACLR_B                     ; NONE                                            ; Untyped                                                                                                                                             ;
; RDCONTROL_ACLR_B                   ; NONE                                            ; Untyped                                                                                                                                             ;
; BYTEENA_ACLR_B                     ; NONE                                            ; Untyped                                                                                                                                             ;
; WIDTH_BYTEENA_A                    ; 1                                               ; Signed Integer                                                                                                                                      ;
; WIDTH_BYTEENA_B                    ; 1                                               ; Signed Integer                                                                                                                                      ;
; RAM_BLOCK_TYPE                     ; M9K                                             ; Untyped                                                                                                                                             ;
; BYTE_SIZE                          ; 8                                               ; Signed Integer                                                                                                                                      ;
; READ_DURING_WRITE_MODE_MIXED_PORTS ; DONT_CARE                                       ; Untyped                                                                                                                                             ;
; READ_DURING_WRITE_MODE_PORT_A      ; NEW_DATA_NO_NBE_READ                            ; Untyped                                                                                                                                             ;
; READ_DURING_WRITE_MODE_PORT_B      ; NEW_DATA_NO_NBE_READ                            ; Untyped                                                                                                                                             ;
; INIT_FILE                          ; fir_3k4_0002_rtl_core_u0_m0_wo0_cm13_lutmem.hex ; Untyped                                                                                                                                             ;
; INIT_FILE_LAYOUT                   ; PORT_A                                          ; Untyped                                                                                                                                             ;
; MAXIMUM_DEPTH                      ; 0                                               ; Signed Integer                                                                                                                                      ;
; CLOCK_ENABLE_INPUT_A               ; NORMAL                                          ; Untyped                                                                                                                                             ;
; CLOCK_ENABLE_INPUT_B               ; NORMAL                                          ; Untyped                                                                                                                                             ;
; CLOCK_ENABLE_OUTPUT_A              ; NORMAL                                          ; Untyped                                                                                                                                             ;
; CLOCK_ENABLE_OUTPUT_B              ; NORMAL                                          ; Untyped                                                                                                                                             ;
; CLOCK_ENABLE_CORE_A                ; USE_INPUT_CLKEN                                 ; Untyped                                                                                                                                             ;
; CLOCK_ENABLE_CORE_B                ; USE_INPUT_CLKEN                                 ; Untyped                                                                                                                                             ;
; ENABLE_ECC                         ; FALSE                                           ; Untyped                                                                                                                                             ;
; ECC_PIPELINE_STAGE_ENABLED         ; FALSE                                           ; Untyped                                                                                                                                             ;
; WIDTH_ECCSTATUS                    ; 3                                               ; Signed Integer                                                                                                                                      ;
; DEVICE_FAMILY                      ; Cyclone IV E                                    ; Untyped                                                                                                                                             ;
; CBXI_PARAMETER                     ; altsyncram_4kq3                                 ; Untyped                                                                                                                                             ;
+------------------------------------+-------------------------------------------------+-----------------------------------------------------------------------------------------------------------------------------------------------------+
Note: In order to hide this table in the UI and the text report file, please set the "Show Parameter Settings in Synthesis Report" option in "Analysis and Synthesis Settings -> More Settings" to "Off".


+-------------------------------------------------------------------------------------------------------------------------------------------------------------------------------------------------------------------------------------------------+
; Parameter Settings for User Entity Instance: FIR:u_FIR_0|fir_3k4:u_fir_3k4_0|fir_3k4_0002:fir_3k4_inst|fir_3k4_0002_ast:fir_3k4_0002_ast_inst|fir_3k4_0002_rtl_core:\real_passthrough:hpfircore_core|LPM_MULT:u0_m0_wo0_mtree_mult1_7_component ;
+------------------------------------------------+--------------+---------------------------------------------------------------------------------------------------------------------------------------------------------------------------------+
; Parameter Name                                 ; Value        ; Type                                                                                                                                                                            ;
+------------------------------------------------+--------------+---------------------------------------------------------------------------------------------------------------------------------------------------------------------------------+
; AUTO_CARRY_CHAINS                              ; ON           ; AUTO_CARRY                                                                                                                                                                      ;
; IGNORE_CARRY_BUFFERS                           ; OFF          ; IGNORE_CARRY                                                                                                                                                                    ;
; AUTO_CASCADE_CHAINS                            ; ON           ; AUTO_CASCADE                                                                                                                                                                    ;
; IGNORE_CASCADE_BUFFERS                         ; OFF          ; IGNORE_CASCADE                                                                                                                                                                  ;
; LPM_WIDTHA                                     ; 8            ; Signed Integer                                                                                                                                                                  ;
; LPM_WIDTHB                                     ; 8            ; Signed Integer                                                                                                                                                                  ;
; LPM_WIDTHP                                     ; 16           ; Signed Integer                                                                                                                                                                  ;
; LPM_WIDTHR                                     ; 0            ; Untyped                                                                                                                                                                         ;
; LPM_WIDTHS                                     ; 1            ; Signed Integer                                                                                                                                                                  ;
; LPM_REPRESENTATION                             ; SIGNED       ; Untyped                                                                                                                                                                         ;
; LPM_PIPELINE                                   ; 2            ; Signed Integer                                                                                                                                                                  ;
; LATENCY                                        ; 0            ; Untyped                                                                                                                                                                         ;
; INPUT_A_IS_CONSTANT                            ; NO           ; Untyped                                                                                                                                                                         ;
; INPUT_B_IS_CONSTANT                            ; NO           ; Untyped                                                                                                                                                                         ;
; USE_EAB                                        ; OFF          ; Untyped                                                                                                                                                                         ;
; MAXIMIZE_SPEED                                 ; 5            ; Untyped                                                                                                                                                                         ;
; DEVICE_FAMILY                                  ; Cyclone IV E ; Untyped                                                                                                                                                                         ;
; CARRY_CHAIN                                    ; MANUAL       ; Untyped                                                                                                                                                                         ;
; APEX20K_TECHNOLOGY_MAPPER                      ; LUT          ; TECH_MAPPER_APEX20K                                                                                                                                                             ;
; DEDICATED_MULTIPLIER_CIRCUITRY                 ; YES          ; Untyped                                                                                                                                                                         ;
; DEDICATED_MULTIPLIER_MIN_INPUT_WIDTH_FOR_AUTO  ; 0            ; Untyped                                                                                                                                                                         ;
; DEDICATED_MULTIPLIER_MIN_OUTPUT_WIDTH_FOR_AUTO ; 0            ; Untyped                                                                                                                                                                         ;
; CBXI_PARAMETER                                 ; mult_9bu     ; Untyped                                                                                                                                                                         ;
; INPUT_A_FIXED_VALUE                            ; Bx           ; Untyped                                                                                                                                                                         ;
; INPUT_B_FIXED_VALUE                            ; Bx           ; Untyped                                                                                                                                                                         ;
; USE_AHDL_IMPLEMENTATION                        ; OFF          ; Untyped                                                                                                                                                                         ;
+------------------------------------------------+--------------+---------------------------------------------------------------------------------------------------------------------------------------------------------------------------------+
Note: In order to hide this table in the UI and the text report file, please set the "Show Parameter Settings in Synthesis Report" option in "Analysis and Synthesis Settings -> More Settings" to "Off".


+-------------------------------------------------------------------------------------------------------------------------------------------------------------------------------------------------------------------------------------------------+
; Parameter Settings for User Entity Instance: FIR:u_FIR_0|fir_3k4:u_fir_3k4_0|fir_3k4_0002:fir_3k4_inst|fir_3k4_0002_ast:fir_3k4_0002_ast_inst|fir_3k4_0002_rtl_core:\real_passthrough:hpfircore_core|dspba_delay:d_u0_m0_wo0_wi0_r0_split9_g_17 ;
+----------------+-------+------------------------------------------------------------------------------------------------------------------------------------------------------------------------------------------------------------------------+
; Parameter Name ; Value ; Type                                                                                                                                                                                                                   ;
+----------------+-------+------------------------------------------------------------------------------------------------------------------------------------------------------------------------------------------------------------------------+
; width          ; 8     ; Signed Integer                                                                                                                                                                                                         ;
; depth          ; 2     ; Signed Integer                                                                                                                                                                                                         ;
; reset_high     ; '1'   ; Enumerated                                                                                                                                                                                                             ;
; reset_kind     ; ASYNC ; String                                                                                                                                                                                                                 ;
+----------------+-------+------------------------------------------------------------------------------------------------------------------------------------------------------------------------------------------------------------------------+
Note: In order to hide this table in the UI and the text report file, please set the "Show Parameter Settings in Synthesis Report" option in "Analysis and Synthesis Settings -> More Settings" to "Off".


+--------------------------------------------------------------------------------------------------------------------------------------------------------------------------------------------------------------------------------------------+
; Parameter Settings for User Entity Instance: FIR:u_FIR_0|fir_3k4:u_fir_3k4_0|fir_3k4_0002:fir_3k4_inst|fir_3k4_0002_ast:fir_3k4_0002_ast_inst|fir_3k4_0002_rtl_core:\real_passthrough:hpfircore_core|altsyncram:u0_m0_wo0_cm14_lutmem_dmem ;
+------------------------------------+-------------------------------------------------+-----------------------------------------------------------------------------------------------------------------------------------------------------+
; Parameter Name                     ; Value                                           ; Type                                                                                                                                                ;
+------------------------------------+-------------------------------------------------+-----------------------------------------------------------------------------------------------------------------------------------------------------+
; BYTE_SIZE_BLOCK                    ; 8                                               ; Untyped                                                                                                                                             ;
; AUTO_CARRY_CHAINS                  ; ON                                              ; AUTO_CARRY                                                                                                                                          ;
; IGNORE_CARRY_BUFFERS               ; OFF                                             ; IGNORE_CARRY                                                                                                                                        ;
; AUTO_CASCADE_CHAINS                ; ON                                              ; AUTO_CASCADE                                                                                                                                        ;
; IGNORE_CASCADE_BUFFERS             ; OFF                                             ; IGNORE_CASCADE                                                                                                                                      ;
; WIDTH_BYTEENA                      ; 1                                               ; Untyped                                                                                                                                             ;
; OPERATION_MODE                     ; ROM                                             ; Untyped                                                                                                                                             ;
; WIDTH_A                            ; 8                                               ; Signed Integer                                                                                                                                      ;
; WIDTHAD_A                          ; 8                                               ; Signed Integer                                                                                                                                      ;
; NUMWORDS_A                         ; 239                                             ; Signed Integer                                                                                                                                      ;
; OUTDATA_REG_A                      ; CLOCK0                                          ; Untyped                                                                                                                                             ;
; ADDRESS_ACLR_A                     ; NONE                                            ; Untyped                                                                                                                                             ;
; OUTDATA_ACLR_A                     ; CLEAR0                                          ; Untyped                                                                                                                                             ;
; WRCONTROL_ACLR_A                   ; NONE                                            ; Untyped                                                                                                                                             ;
; INDATA_ACLR_A                      ; NONE                                            ; Untyped                                                                                                                                             ;
; BYTEENA_ACLR_A                     ; NONE                                            ; Untyped                                                                                                                                             ;
; WIDTH_B                            ; 1                                               ; Signed Integer                                                                                                                                      ;
; WIDTHAD_B                          ; 1                                               ; Signed Integer                                                                                                                                      ;
; NUMWORDS_B                         ; 0                                               ; Signed Integer                                                                                                                                      ;
; INDATA_REG_B                       ; CLOCK1                                          ; Untyped                                                                                                                                             ;
; WRCONTROL_WRADDRESS_REG_B          ; CLOCK1                                          ; Untyped                                                                                                                                             ;
; RDCONTROL_REG_B                    ; CLOCK1                                          ; Untyped                                                                                                                                             ;
; ADDRESS_REG_B                      ; CLOCK1                                          ; Untyped                                                                                                                                             ;
; OUTDATA_REG_B                      ; UNREGISTERED                                    ; Untyped                                                                                                                                             ;
; BYTEENA_REG_B                      ; CLOCK1                                          ; Untyped                                                                                                                                             ;
; INDATA_ACLR_B                      ; NONE                                            ; Untyped                                                                                                                                             ;
; WRCONTROL_ACLR_B                   ; NONE                                            ; Untyped                                                                                                                                             ;
; ADDRESS_ACLR_B                     ; NONE                                            ; Untyped                                                                                                                                             ;
; OUTDATA_ACLR_B                     ; NONE                                            ; Untyped                                                                                                                                             ;
; RDCONTROL_ACLR_B                   ; NONE                                            ; Untyped                                                                                                                                             ;
; BYTEENA_ACLR_B                     ; NONE                                            ; Untyped                                                                                                                                             ;
; WIDTH_BYTEENA_A                    ; 1                                               ; Signed Integer                                                                                                                                      ;
; WIDTH_BYTEENA_B                    ; 1                                               ; Signed Integer                                                                                                                                      ;
; RAM_BLOCK_TYPE                     ; M9K                                             ; Untyped                                                                                                                                             ;
; BYTE_SIZE                          ; 8                                               ; Signed Integer                                                                                                                                      ;
; READ_DURING_WRITE_MODE_MIXED_PORTS ; DONT_CARE                                       ; Untyped                                                                                                                                             ;
; READ_DURING_WRITE_MODE_PORT_A      ; NEW_DATA_NO_NBE_READ                            ; Untyped                                                                                                                                             ;
; READ_DURING_WRITE_MODE_PORT_B      ; NEW_DATA_NO_NBE_READ                            ; Untyped                                                                                                                                             ;
; INIT_FILE                          ; fir_3k4_0002_rtl_core_u0_m0_wo0_cm14_lutmem.hex ; Untyped                                                                                                                                             ;
; INIT_FILE_LAYOUT                   ; PORT_A                                          ; Untyped                                                                                                                                             ;
; MAXIMUM_DEPTH                      ; 0                                               ; Signed Integer                                                                                                                                      ;
; CLOCK_ENABLE_INPUT_A               ; NORMAL                                          ; Untyped                                                                                                                                             ;
; CLOCK_ENABLE_INPUT_B               ; NORMAL                                          ; Untyped                                                                                                                                             ;
; CLOCK_ENABLE_OUTPUT_A              ; NORMAL                                          ; Untyped                                                                                                                                             ;
; CLOCK_ENABLE_OUTPUT_B              ; NORMAL                                          ; Untyped                                                                                                                                             ;
; CLOCK_ENABLE_CORE_A                ; USE_INPUT_CLKEN                                 ; Untyped                                                                                                                                             ;
; CLOCK_ENABLE_CORE_B                ; USE_INPUT_CLKEN                                 ; Untyped                                                                                                                                             ;
; ENABLE_ECC                         ; FALSE                                           ; Untyped                                                                                                                                             ;
; ECC_PIPELINE_STAGE_ENABLED         ; FALSE                                           ; Untyped                                                                                                                                             ;
; WIDTH_ECCSTATUS                    ; 3                                               ; Signed Integer                                                                                                                                      ;
; DEVICE_FAMILY                      ; Cyclone IV E                                    ; Untyped                                                                                                                                             ;
; CBXI_PARAMETER                     ; altsyncram_5kq3                                 ; Untyped                                                                                                                                             ;
+------------------------------------+-------------------------------------------------+-----------------------------------------------------------------------------------------------------------------------------------------------------+
Note: In order to hide this table in the UI and the text report file, please set the "Show Parameter Settings in Synthesis Report" option in "Analysis and Synthesis Settings -> More Settings" to "Off".


+-------------------------------------------------------------------------------------------------------------------------------------------------------------------------------------------------------------------------------------------------+
; Parameter Settings for User Entity Instance: FIR:u_FIR_0|fir_3k4:u_fir_3k4_0|fir_3k4_0002:fir_3k4_inst|fir_3k4_0002_ast:fir_3k4_0002_ast_inst|fir_3k4_0002_rtl_core:\real_passthrough:hpfircore_core|LPM_MULT:u0_m0_wo0_mtree_mult1_6_component ;
+------------------------------------------------+--------------+---------------------------------------------------------------------------------------------------------------------------------------------------------------------------------+
; Parameter Name                                 ; Value        ; Type                                                                                                                                                                            ;
+------------------------------------------------+--------------+---------------------------------------------------------------------------------------------------------------------------------------------------------------------------------+
; AUTO_CARRY_CHAINS                              ; ON           ; AUTO_CARRY                                                                                                                                                                      ;
; IGNORE_CARRY_BUFFERS                           ; OFF          ; IGNORE_CARRY                                                                                                                                                                    ;
; AUTO_CASCADE_CHAINS                            ; ON           ; AUTO_CASCADE                                                                                                                                                                    ;
; IGNORE_CASCADE_BUFFERS                         ; OFF          ; IGNORE_CASCADE                                                                                                                                                                  ;
; LPM_WIDTHA                                     ; 8            ; Signed Integer                                                                                                                                                                  ;
; LPM_WIDTHB                                     ; 8            ; Signed Integer                                                                                                                                                                  ;
; LPM_WIDTHP                                     ; 16           ; Signed Integer                                                                                                                                                                  ;
; LPM_WIDTHR                                     ; 0            ; Untyped                                                                                                                                                                         ;
; LPM_WIDTHS                                     ; 1            ; Signed Integer                                                                                                                                                                  ;
; LPM_REPRESENTATION                             ; SIGNED       ; Untyped                                                                                                                                                                         ;
; LPM_PIPELINE                                   ; 2            ; Signed Integer                                                                                                                                                                  ;
; LATENCY                                        ; 0            ; Untyped                                                                                                                                                                         ;
; INPUT_A_IS_CONSTANT                            ; NO           ; Untyped                                                                                                                                                                         ;
; INPUT_B_IS_CONSTANT                            ; NO           ; Untyped                                                                                                                                                                         ;
; USE_EAB                                        ; OFF          ; Untyped                                                                                                                                                                         ;
; MAXIMIZE_SPEED                                 ; 5            ; Untyped                                                                                                                                                                         ;
; DEVICE_FAMILY                                  ; Cyclone IV E ; Untyped                                                                                                                                                                         ;
; CARRY_CHAIN                                    ; MANUAL       ; Untyped                                                                                                                                                                         ;
; APEX20K_TECHNOLOGY_MAPPER                      ; LUT          ; TECH_MAPPER_APEX20K                                                                                                                                                             ;
; DEDICATED_MULTIPLIER_CIRCUITRY                 ; YES          ; Untyped                                                                                                                                                                         ;
; DEDICATED_MULTIPLIER_MIN_INPUT_WIDTH_FOR_AUTO  ; 0            ; Untyped                                                                                                                                                                         ;
; DEDICATED_MULTIPLIER_MIN_OUTPUT_WIDTH_FOR_AUTO ; 0            ; Untyped                                                                                                                                                                         ;
; CBXI_PARAMETER                                 ; mult_9bu     ; Untyped                                                                                                                                                                         ;
; INPUT_A_FIXED_VALUE                            ; Bx           ; Untyped                                                                                                                                                                         ;
; INPUT_B_FIXED_VALUE                            ; Bx           ; Untyped                                                                                                                                                                         ;
; USE_AHDL_IMPLEMENTATION                        ; OFF          ; Untyped                                                                                                                                                                         ;
+------------------------------------------------+--------------+---------------------------------------------------------------------------------------------------------------------------------------------------------------------------------+
Note: In order to hide this table in the UI and the text report file, please set the "Show Parameter Settings in Synthesis Report" option in "Analysis and Synthesis Settings -> More Settings" to "Off".


+----------------------------------------------------------------------------------------------------------------------------------------------------------------------------------------------------------------------------------------------+
; Parameter Settings for User Entity Instance: FIR:u_FIR_0|fir_3k4:u_fir_3k4_0|fir_3k4_0002:fir_3k4_inst|fir_3k4_0002_ast:fir_3k4_0002_ast_inst|fir_3k4_0002_rtl_core:\real_passthrough:hpfircore_core|altsyncram:u0_m0_wo0_wi0_r0_memr17_dmem ;
+------------------------------------+----------------------+----------------------------------------------------------------------------------------------------------------------------------------------------------------------------------+
; Parameter Name                     ; Value                ; Type                                                                                                                                                                             ;
+------------------------------------+----------------------+----------------------------------------------------------------------------------------------------------------------------------------------------------------------------------+
; BYTE_SIZE_BLOCK                    ; 8                    ; Untyped                                                                                                                                                                          ;
; AUTO_CARRY_CHAINS                  ; ON                   ; AUTO_CARRY                                                                                                                                                                       ;
; IGNORE_CARRY_BUFFERS               ; OFF                  ; IGNORE_CARRY                                                                                                                                                                     ;
; AUTO_CASCADE_CHAINS                ; ON                   ; AUTO_CASCADE                                                                                                                                                                     ;
; IGNORE_CASCADE_BUFFERS             ; OFF                  ; IGNORE_CASCADE                                                                                                                                                                   ;
; WIDTH_BYTEENA                      ; 1                    ; Untyped                                                                                                                                                                          ;
; OPERATION_MODE                     ; DUAL_PORT            ; Untyped                                                                                                                                                                          ;
; WIDTH_A                            ; 32                   ; Signed Integer                                                                                                                                                                   ;
; WIDTHAD_A                          ; 8                    ; Signed Integer                                                                                                                                                                   ;
; NUMWORDS_A                         ; 256                  ; Signed Integer                                                                                                                                                                   ;
; OUTDATA_REG_A                      ; UNREGISTERED         ; Untyped                                                                                                                                                                          ;
; ADDRESS_ACLR_A                     ; NONE                 ; Untyped                                                                                                                                                                          ;
; OUTDATA_ACLR_A                     ; NONE                 ; Untyped                                                                                                                                                                          ;
; WRCONTROL_ACLR_A                   ; NONE                 ; Untyped                                                                                                                                                                          ;
; INDATA_ACLR_A                      ; NONE                 ; Untyped                                                                                                                                                                          ;
; BYTEENA_ACLR_A                     ; NONE                 ; Untyped                                                                                                                                                                          ;
; WIDTH_B                            ; 32                   ; Signed Integer                                                                                                                                                                   ;
; WIDTHAD_B                          ; 8                    ; Signed Integer                                                                                                                                                                   ;
; NUMWORDS_B                         ; 256                  ; Signed Integer                                                                                                                                                                   ;
; INDATA_REG_B                       ; CLOCK0               ; Untyped                                                                                                                                                                          ;
; WRCONTROL_WRADDRESS_REG_B          ; CLOCK0               ; Untyped                                                                                                                                                                          ;
; RDCONTROL_REG_B                    ; CLOCK0               ; Untyped                                                                                                                                                                          ;
; ADDRESS_REG_B                      ; CLOCK0               ; Untyped                                                                                                                                                                          ;
; OUTDATA_REG_B                      ; CLOCK0               ; Untyped                                                                                                                                                                          ;
; BYTEENA_REG_B                      ; CLOCK0               ; Untyped                                                                                                                                                                          ;
; INDATA_ACLR_B                      ; NONE                 ; Untyped                                                                                                                                                                          ;
; WRCONTROL_ACLR_B                   ; NONE                 ; Untyped                                                                                                                                                                          ;
; ADDRESS_ACLR_B                     ; NONE                 ; Untyped                                                                                                                                                                          ;
; OUTDATA_ACLR_B                     ; NONE                 ; Untyped                                                                                                                                                                          ;
; RDCONTROL_ACLR_B                   ; NONE                 ; Untyped                                                                                                                                                                          ;
; BYTEENA_ACLR_B                     ; NONE                 ; Untyped                                                                                                                                                                          ;
; WIDTH_BYTEENA_A                    ; 1                    ; Signed Integer                                                                                                                                                                   ;
; WIDTH_BYTEENA_B                    ; 1                    ; Signed Integer                                                                                                                                                                   ;
; RAM_BLOCK_TYPE                     ; M9K                  ; Untyped                                                                                                                                                                          ;
; BYTE_SIZE                          ; 8                    ; Signed Integer                                                                                                                                                                   ;
; READ_DURING_WRITE_MODE_MIXED_PORTS ; DONT_CARE            ; Untyped                                                                                                                                                                          ;
; READ_DURING_WRITE_MODE_PORT_A      ; NEW_DATA_NO_NBE_READ ; Untyped                                                                                                                                                                          ;
; READ_DURING_WRITE_MODE_PORT_B      ; NEW_DATA_NO_NBE_READ ; Untyped                                                                                                                                                                          ;
; INIT_FILE                          ; UNUSED               ; Untyped                                                                                                                                                                          ;
; INIT_FILE_LAYOUT                   ; PORT_A               ; Untyped                                                                                                                                                                          ;
; MAXIMUM_DEPTH                      ; 0                    ; Signed Integer                                                                                                                                                                   ;
; CLOCK_ENABLE_INPUT_A               ; NORMAL               ; Untyped                                                                                                                                                                          ;
; CLOCK_ENABLE_INPUT_B               ; NORMAL               ; Untyped                                                                                                                                                                          ;
; CLOCK_ENABLE_OUTPUT_A              ; NORMAL               ; Untyped                                                                                                                                                                          ;
; CLOCK_ENABLE_OUTPUT_B              ; NORMAL               ; Untyped                                                                                                                                                                          ;
; CLOCK_ENABLE_CORE_A                ; USE_INPUT_CLKEN      ; Untyped                                                                                                                                                                          ;
; CLOCK_ENABLE_CORE_B                ; USE_INPUT_CLKEN      ; Untyped                                                                                                                                                                          ;
; ENABLE_ECC                         ; FALSE                ; Untyped                                                                                                                                                                          ;
; ECC_PIPELINE_STAGE_ENABLED         ; FALSE                ; Untyped                                                                                                                                                                          ;
; WIDTH_ECCSTATUS                    ; 3                    ; Signed Integer                                                                                                                                                                   ;
; DEVICE_FAMILY                      ; Cyclone IV E         ; Untyped                                                                                                                                                                          ;
; CBXI_PARAMETER                     ; altsyncram_6pn3      ; Untyped                                                                                                                                                                          ;
+------------------------------------+----------------------+----------------------------------------------------------------------------------------------------------------------------------------------------------------------------------+
Note: In order to hide this table in the UI and the text report file, please set the "Show Parameter Settings in Synthesis Report" option in "Analysis and Synthesis Settings -> More Settings" to "Off".


+------------------------------------------------------------------------------------------------------------------------------------------------------------------------------------------------------------------+
; Parameter Settings for User Entity Instance: FIR:u_FIR_0|fir_3k4:u_fir_3k4_0|fir_3k4_0002:fir_3k4_inst|fir_3k4_0002_ast:fir_3k4_0002_ast_inst|auk_dspip_roundsat_hpfir:\real_passthrough:gen_outp_blk:0:outp_blk ;
+----------------+-------+-----------------------------------------------------------------------------------------------------------------------------------------------------------------------------------------+
; Parameter Name ; Value ; Type                                                                                                                                                                                    ;
+----------------+-------+-----------------------------------------------------------------------------------------------------------------------------------------------------------------------------------------+
; in_width_g     ; 29    ; Signed Integer                                                                                                                                                                          ;
; rem_lsb_bit_g  ; 0     ; Signed Integer                                                                                                                                                                          ;
; rem_lsb_type_g ; trunc ; String                                                                                                                                                                                  ;
; rem_msb_bit_g  ; 0     ; Signed Integer                                                                                                                                                                          ;
; rem_msb_type_g ; trunc ; String                                                                                                                                                                                  ;
+----------------+-------+-----------------------------------------------------------------------------------------------------------------------------------------------------------------------------------------+
Note: In order to hide this table in the UI and the text report file, please set the "Show Parameter Settings in Synthesis Report" option in "Analysis and Synthesis Settings -> More Settings" to "Off".


+-----------------------------------------------------------------------------+
; altpll Parameter Settings by Entity Instance                                ;
+-------------------------------+---------------------------------------------+
; Name                          ; Value                                       ;
+-------------------------------+---------------------------------------------+
; Number of entity instances    ; 1                                           ;
; Entity Instance               ; PLL_32M:u_PLL_32M_0|altpll:altpll_component ;
;     -- OPERATION_MODE         ; NORMAL                                      ;
;     -- PLL_TYPE               ; AUTO                                        ;
;     -- PRIMARY_CLOCK          ; INCLK0                                      ;
;     -- INCLK0_INPUT_FREQUENCY ; 20000                                       ;
;     -- INCLK1_INPUT_FREQUENCY ; 0                                           ;
;     -- VCO_MULTIPLY_BY        ; 0                                           ;
;     -- VCO_DIVIDE_BY          ; 0                                           ;
+-------------------------------+---------------------------------------------+


+-------------------------------------------------------------------------------------------------------------------------------------------------------------------------------------------------------------------------------------------------------------+
; altsyncram Parameter Settings by Entity Instance                                                                                                                                                                                                            ;
+-------------------------------------------+-----------------------------------------------------------------------------------------------------------------------------------------------------------------------------------------------------------------+
; Name                                      ; Value                                                                                                                                                                                                           ;
+-------------------------------------------+-----------------------------------------------------------------------------------------------------------------------------------------------------------------------------------------------------------------+
; Number of entity instances                ; 14                                                                                                                                                                                                              ;
; Entity Instance                           ; FIR:u_FIR_0|fir_3k4:u_fir_3k4_0|fir_3k4_0002:fir_3k4_inst|fir_3k4_0002_ast:fir_3k4_0002_ast_inst|fir_3k4_0002_rtl_core:\real_passthrough:hpfircore_core|altsyncram:u0_m0_wo0_wi0_r0_ra20_count1_lut_lutmem_dmem ;
;     -- OPERATION_MODE                     ; ROM                                                                                                                                                                                                             ;
;     -- WIDTH_A                            ; 9                                                                                                                                                                                                               ;
;     -- NUMWORDS_A                         ; 239                                                                                                                                                                                                             ;
;     -- OUTDATA_REG_A                      ; CLOCK0                                                                                                                                                                                                          ;
;     -- WIDTH_B                            ; 1                                                                                                                                                                                                               ;
;     -- NUMWORDS_B                         ; 0                                                                                                                                                                                                               ;
;     -- ADDRESS_REG_B                      ; CLOCK1                                                                                                                                                                                                          ;
;     -- OUTDATA_REG_B                      ; UNREGISTERED                                                                                                                                                                                                    ;
;     -- RAM_BLOCK_TYPE                     ; M9K                                                                                                                                                                                                             ;
;     -- READ_DURING_WRITE_MODE_MIXED_PORTS ; DONT_CARE                                                                                                                                                                                                       ;
; Entity Instance                           ; FIR:u_FIR_0|fir_3k4:u_fir_3k4_0|fir_3k4_0002:fir_3k4_inst|fir_3k4_0002_ast:fir_3k4_0002_ast_inst|fir_3k4_0002_rtl_core:\real_passthrough:hpfircore_core|altsyncram:u0_m0_wo0_wi0_r0_memr0_dmem                  ;
;     -- OPERATION_MODE                     ; DUAL_PORT                                                                                                                                                                                                       ;
;     -- WIDTH_A                            ; 8                                                                                                                                                                                                               ;
;     -- NUMWORDS_A                         ; 256                                                                                                                                                                                                             ;
;     -- OUTDATA_REG_A                      ; UNREGISTERED                                                                                                                                                                                                    ;
;     -- WIDTH_B                            ; 8                                                                                                                                                                                                               ;
;     -- NUMWORDS_B                         ; 256                                                                                                                                                                                                             ;
;     -- ADDRESS_REG_B                      ; CLOCK0                                                                                                                                                                                                          ;
;     -- OUTDATA_REG_B                      ; CLOCK0                                                                                                                                                                                                          ;
;     -- RAM_BLOCK_TYPE                     ; M9K                                                                                                                                                                                                             ;
;     -- READ_DURING_WRITE_MODE_MIXED_PORTS ; DONT_CARE                                                                                                                                                                                                       ;
; Entity Instance                           ; FIR:u_FIR_0|fir_3k4:u_fir_3k4_0|fir_3k4_0002:fir_3k4_inst|fir_3k4_0002_ast:fir_3k4_0002_ast_inst|fir_3k4_0002_rtl_core:\real_passthrough:hpfircore_core|altsyncram:u0_m0_wo0_wi0_r0_memr1_dmem                  ;
;     -- OPERATION_MODE                     ; DUAL_PORT                                                                                                                                                                                                       ;
;     -- WIDTH_A                            ; 64                                                                                                                                                                                                              ;
;     -- NUMWORDS_A                         ; 256                                                                                                                                                                                                             ;
;     -- OUTDATA_REG_A                      ; UNREGISTERED                                                                                                                                                                                                    ;
;     -- WIDTH_B                            ; 64                                                                                                                                                                                                              ;
;     -- NUMWORDS_B                         ; 256                                                                                                                                                                                                             ;
;     -- ADDRESS_REG_B                      ; CLOCK0                                                                                                                                                                                                          ;
;     -- OUTDATA_REG_B                      ; CLOCK0                                                                                                                                                                                                          ;
;     -- RAM_BLOCK_TYPE                     ; M9K                                                                                                                                                                                                             ;
;     -- READ_DURING_WRITE_MODE_MIXED_PORTS ; DONT_CARE                                                                                                                                                                                                       ;
; Entity Instance                           ; FIR:u_FIR_0|fir_3k4:u_fir_3k4_0|fir_3k4_0002:fir_3k4_inst|fir_3k4_0002_ast:fir_3k4_0002_ast_inst|fir_3k4_0002_rtl_core:\real_passthrough:hpfircore_core|altsyncram:u0_m0_wo0_cm6_lutmem_dmem                    ;
;     -- OPERATION_MODE                     ; ROM                                                                                                                                                                                                             ;
;     -- WIDTH_A                            ; 8                                                                                                                                                                                                               ;
;     -- NUMWORDS_A                         ; 239                                                                                                                                                                                                             ;
;     -- OUTDATA_REG_A                      ; CLOCK0                                                                                                                                                                                                          ;
;     -- WIDTH_B                            ; 1                                                                                                                                                                                                               ;
;     -- NUMWORDS_B                         ; 0                                                                                                                                                                                                               ;
;     -- ADDRESS_REG_B                      ; CLOCK1                                                                                                                                                                                                          ;
;     -- OUTDATA_REG_B                      ; UNREGISTERED                                                                                                                                                                                                    ;
;     -- RAM_BLOCK_TYPE                     ; M9K                                                                                                                                                                                                             ;
;     -- READ_DURING_WRITE_MODE_MIXED_PORTS ; DONT_CARE                                                                                                                                                                                                       ;
; Entity Instance                           ; FIR:u_FIR_0|fir_3k4:u_fir_3k4_0|fir_3k4_0002:fir_3k4_inst|fir_3k4_0002_ast:fir_3k4_0002_ast_inst|fir_3k4_0002_rtl_core:\real_passthrough:hpfircore_core|altsyncram:u0_m0_wo0_cm7_lutmem_dmem                    ;
;     -- OPERATION_MODE                     ; ROM                                                                                                                                                                                                             ;
;     -- WIDTH_A                            ; 8                                                                                                                                                                                                               ;
;     -- NUMWORDS_A                         ; 239                                                                                                                                                                                                             ;
;     -- OUTDATA_REG_A                      ; CLOCK0                                                                                                                                                                                                          ;
;     -- WIDTH_B                            ; 1                                                                                                                                                                                                               ;
;     -- NUMWORDS_B                         ; 0                                                                                                                                                                                                               ;
;     -- ADDRESS_REG_B                      ; CLOCK1                                                                                                                                                                                                          ;
;     -- OUTDATA_REG_B                      ; UNREGISTERED                                                                                                                                                                                                    ;
;     -- RAM_BLOCK_TYPE                     ; M9K                                                                                                                                                                                                             ;
;     -- READ_DURING_WRITE_MODE_MIXED_PORTS ; DONT_CARE                                                                                                                                                                                                       ;
; Entity Instance                           ; FIR:u_FIR_0|fir_3k4:u_fir_3k4_0|fir_3k4_0002:fir_3k4_inst|fir_3k4_0002_ast:fir_3k4_0002_ast_inst|fir_3k4_0002_rtl_core:\real_passthrough:hpfircore_core|altsyncram:u0_m0_wo0_cm8_lutmem_dmem                    ;
;     -- OPERATION_MODE                     ; ROM                                                                                                                                                                                                             ;
;     -- WIDTH_A                            ; 8                                                                                                                                                                                                               ;
;     -- NUMWORDS_A                         ; 239                                                                                                                                                                                                             ;
;     -- OUTDATA_REG_A                      ; CLOCK0                                                                                                                                                                                                          ;
;     -- WIDTH_B                            ; 1                                                                                                                                                                                                               ;
;     -- NUMWORDS_B                         ; 0                                                                                                                                                                                                               ;
;     -- ADDRESS_REG_B                      ; CLOCK1                                                                                                                                                                                                          ;
;     -- OUTDATA_REG_B                      ; UNREGISTERED                                                                                                                                                                                                    ;
;     -- RAM_BLOCK_TYPE                     ; M9K                                                                                                                                                                                                             ;
;     -- READ_DURING_WRITE_MODE_MIXED_PORTS ; DONT_CARE                                                                                                                                                                                                       ;
; Entity Instance                           ; FIR:u_FIR_0|fir_3k4:u_fir_3k4_0|fir_3k4_0002:fir_3k4_inst|fir_3k4_0002_ast:fir_3k4_0002_ast_inst|fir_3k4_0002_rtl_core:\real_passthrough:hpfircore_core|altsyncram:u0_m0_wo0_wi0_r0_memr9_dmem                  ;
;     -- OPERATION_MODE                     ; DUAL_PORT                                                                                                                                                                                                       ;
;     -- WIDTH_A                            ; 64                                                                                                                                                                                                              ;
;     -- NUMWORDS_A                         ; 256                                                                                                                                                                                                             ;
;     -- OUTDATA_REG_A                      ; UNREGISTERED                                                                                                                                                                                                    ;
;     -- WIDTH_B                            ; 64                                                                                                                                                                                                              ;
;     -- NUMWORDS_B                         ; 256                                                                                                                                                                                                             ;
;     -- ADDRESS_REG_B                      ; CLOCK0                                                                                                                                                                                                          ;
;     -- OUTDATA_REG_B                      ; CLOCK0                                                                                                                                                                                                          ;
;     -- RAM_BLOCK_TYPE                     ; M9K                                                                                                                                                                                                             ;
;     -- READ_DURING_WRITE_MODE_MIXED_PORTS ; DONT_CARE                                                                                                                                                                                                       ;
; Entity Instance                           ; FIR:u_FIR_0|fir_3k4:u_fir_3k4_0|fir_3k4_0002:fir_3k4_inst|fir_3k4_0002_ast:fir_3k4_0002_ast_inst|fir_3k4_0002_rtl_core:\real_passthrough:hpfircore_core|altsyncram:u0_m0_wo0_cm9_lutmem_dmem                    ;
;     -- OPERATION_MODE                     ; ROM                                                                                                                                                                                                             ;
;     -- WIDTH_A                            ; 8                                                                                                                                                                                                               ;
;     -- NUMWORDS_A                         ; 239                                                                                                                                                                                                             ;
;     -- OUTDATA_REG_A                      ; CLOCK0                                                                                                                                                                                                          ;
;     -- WIDTH_B                            ; 1                                                                                                                                                                                                               ;
;     -- NUMWORDS_B                         ; 0                                                                                                                                                                                                               ;
;     -- ADDRESS_REG_B                      ; CLOCK1                                                                                                                                                                                                          ;
;     -- OUTDATA_REG_B                      ; UNREGISTERED                                                                                                                                                                                                    ;
;     -- RAM_BLOCK_TYPE                     ; M9K                                                                                                                                                                                                             ;
;     -- READ_DURING_WRITE_MODE_MIXED_PORTS ; DONT_CARE                                                                                                                                                                                                       ;
; Entity Instance                           ; FIR:u_FIR_0|fir_3k4:u_fir_3k4_0|fir_3k4_0002:fir_3k4_inst|fir_3k4_0002_ast:fir_3k4_0002_ast_inst|fir_3k4_0002_rtl_core:\real_passthrough:hpfircore_core|altsyncram:u0_m0_wo0_cm10_lutmem_dmem                   ;
;     -- OPERATION_MODE                     ; ROM                                                                                                                                                                                                             ;
;     -- WIDTH_A                            ; 8                                                                                                                                                                                                               ;
;     -- NUMWORDS_A                         ; 239                                                                                                                                                                                                             ;
;     -- OUTDATA_REG_A                      ; CLOCK0                                                                                                                                                                                                          ;
;     -- WIDTH_B                            ; 1                                                                                                                                                                                                               ;
;     -- NUMWORDS_B                         ; 0                                                                                                                                                                                                               ;
;     -- ADDRESS_REG_B                      ; CLOCK1                                                                                                                                                                                                          ;
;     -- OUTDATA_REG_B                      ; UNREGISTERED                                                                                                                                                                                                    ;
;     -- RAM_BLOCK_TYPE                     ; M9K                                                                                                                                                                                                             ;
;     -- READ_DURING_WRITE_MODE_MIXED_PORTS ; DONT_CARE                                                                                                                                                                                                       ;
; Entity Instance                           ; FIR:u_FIR_0|fir_3k4:u_fir_3k4_0|fir_3k4_0002:fir_3k4_inst|fir_3k4_0002_ast:fir_3k4_0002_ast_inst|fir_3k4_0002_rtl_core:\real_passthrough:hpfircore_core|altsyncram:u0_m0_wo0_cm11_lutmem_dmem                   ;
;     -- OPERATION_MODE                     ; ROM                                                                                                                                                                                                             ;
;     -- WIDTH_A                            ; 8                                                                                                                                                                                                               ;
;     -- NUMWORDS_A                         ; 239                                                                                                                                                                                                             ;
;     -- OUTDATA_REG_A                      ; CLOCK0                                                                                                                                                                                                          ;
;     -- WIDTH_B                            ; 1                                                                                                                                                                                                               ;
;     -- NUMWORDS_B                         ; 0                                                                                                                                                                                                               ;
;     -- ADDRESS_REG_B                      ; CLOCK1                                                                                                                                                                                                          ;
;     -- OUTDATA_REG_B                      ; UNREGISTERED                                                                                                                                                                                                    ;
;     -- RAM_BLOCK_TYPE                     ; M9K                                                                                                                                                                                                             ;
;     -- READ_DURING_WRITE_MODE_MIXED_PORTS ; DONT_CARE                                                                                                                                                                                                       ;
; Entity Instance                           ; FIR:u_FIR_0|fir_3k4:u_fir_3k4_0|fir_3k4_0002:fir_3k4_inst|fir_3k4_0002_ast:fir_3k4_0002_ast_inst|fir_3k4_0002_rtl_core:\real_passthrough:hpfircore_core|altsyncram:u0_m0_wo0_cm12_lutmem_dmem                   ;
;     -- OPERATION_MODE                     ; ROM                                                                                                                                                                                                             ;
;     -- WIDTH_A                            ; 8                                                                                                                                                                                                               ;
;     -- NUMWORDS_A                         ; 239                                                                                                                                                                                                             ;
;     -- OUTDATA_REG_A                      ; CLOCK0                                                                                                                                                                                                          ;
;     -- WIDTH_B                            ; 1                                                                                                                                                                                                               ;
;     -- NUMWORDS_B                         ; 0                                                                                                                                                                                                               ;
;     -- ADDRESS_REG_B                      ; CLOCK1                                                                                                                                                                                                          ;
;     -- OUTDATA_REG_B                      ; UNREGISTERED                                                                                                                                                                                                    ;
;     -- RAM_BLOCK_TYPE                     ; M9K                                                                                                                                                                                                             ;
;     -- READ_DURING_WRITE_MODE_MIXED_PORTS ; DONT_CARE                                                                                                                                                                                                       ;
; Entity Instance                           ; FIR:u_FIR_0|fir_3k4:u_fir_3k4_0|fir_3k4_0002:fir_3k4_inst|fir_3k4_0002_ast:fir_3k4_0002_ast_inst|fir_3k4_0002_rtl_core:\real_passthrough:hpfircore_core|altsyncram:u0_m0_wo0_cm13_lutmem_dmem                   ;
;     -- OPERATION_MODE                     ; ROM                                                                                                                                                                                                             ;
;     -- WIDTH_A                            ; 8                                                                                                                                                                                                               ;
;     -- NUMWORDS_A                         ; 239                                                                                                                                                                                                             ;
;     -- OUTDATA_REG_A                      ; CLOCK0                                                                                                                                                                                                          ;
;     -- WIDTH_B                            ; 1                                                                                                                                                                                                               ;
;     -- NUMWORDS_B                         ; 0                                                                                                                                                                                                               ;
;     -- ADDRESS_REG_B                      ; CLOCK1                                                                                                                                                                                                          ;
;     -- OUTDATA_REG_B                      ; UNREGISTERED                                                                                                                                                                                                    ;
;     -- RAM_BLOCK_TYPE                     ; M9K                                                                                                                                                                                                             ;
;     -- READ_DURING_WRITE_MODE_MIXED_PORTS ; DONT_CARE                                                                                                                                                                                                       ;
; Entity Instance                           ; FIR:u_FIR_0|fir_3k4:u_fir_3k4_0|fir_3k4_0002:fir_3k4_inst|fir_3k4_0002_ast:fir_3k4_0002_ast_inst|fir_3k4_0002_rtl_core:\real_passthrough:hpfircore_core|altsyncram:u0_m0_wo0_cm14_lutmem_dmem                   ;
;     -- OPERATION_MODE                     ; ROM                                                                                                                                                                                                             ;
;     -- WIDTH_A                            ; 8                                                                                                                                                                                                               ;
;     -- NUMWORDS_A                         ; 239                                                                                                                                                                                                             ;
;     -- OUTDATA_REG_A                      ; CLOCK0                                                                                                                                                                                                          ;
;     -- WIDTH_B                            ; 1                                                                                                                                                                                                               ;
;     -- NUMWORDS_B                         ; 0                                                                                                                                                                                                               ;
;     -- ADDRESS_REG_B                      ; CLOCK1                                                                                                                                                                                                          ;
;     -- OUTDATA_REG_B                      ; UNREGISTERED                                                                                                                                                                                                    ;
;     -- RAM_BLOCK_TYPE                     ; M9K                                                                                                                                                                                                             ;
;     -- READ_DURING_WRITE_MODE_MIXED_PORTS ; DONT_CARE                                                                                                                                                                                                       ;
; Entity Instance                           ; FIR:u_FIR_0|fir_3k4:u_fir_3k4_0|fir_3k4_0002:fir_3k4_inst|fir_3k4_0002_ast:fir_3k4_0002_ast_inst|fir_3k4_0002_rtl_core:\real_passthrough:hpfircore_core|altsyncram:u0_m0_wo0_wi0_r0_memr17_dmem                 ;
;     -- OPERATION_MODE                     ; DUAL_PORT                                                                                                                                                                                                       ;
;     -- WIDTH_A                            ; 32                                                                                                                                                                                                              ;
;     -- NUMWORDS_A                         ; 256                                                                                                                                                                                                             ;
;     -- OUTDATA_REG_A                      ; UNREGISTERED                                                                                                                                                                                                    ;
;     -- WIDTH_B                            ; 32                                                                                                                                                                                                              ;
;     -- NUMWORDS_B                         ; 256                                                                                                                                                                                                             ;
;     -- ADDRESS_REG_B                      ; CLOCK0                                                                                                                                                                                                          ;
;     -- OUTDATA_REG_B                      ; CLOCK0                                                                                                                                                                                                          ;
;     -- RAM_BLOCK_TYPE                     ; M9K                                                                                                                                                                                                             ;
;     -- READ_DURING_WRITE_MODE_MIXED_PORTS ; DONT_CARE                                                                                                                                                                                                       ;
+-------------------------------------------+-----------------------------------------------------------------------------------------------------------------------------------------------------------------------------------------------------------------+


+---------------------------------------------------------------------------------------------------------------------------------------------------------------------------------------------------------------------------------------------+
; lpm_mult Parameter Settings by Entity Instance                                                                                                                                                                                              ;
+---------------------------------------+-----------------------------------------------------------------------------------------------------------------------------------------------------------------------------------------------------+
; Name                                  ; Value                                                                                                                                                                                               ;
+---------------------------------------+-----------------------------------------------------------------------------------------------------------------------------------------------------------------------------------------------------+
; Number of entity instances            ; 9                                                                                                                                                                                                   ;
; Entity Instance                       ; FIR:u_FIR_0|fir_3k4:u_fir_3k4_0|fir_3k4_0002:fir_3k4_inst|fir_3k4_0002_ast:fir_3k4_0002_ast_inst|fir_3k4_0002_rtl_core:\real_passthrough:hpfircore_core|LPM_MULT:u0_m0_wo0_mtree_mult1_14_component ;
;     -- LPM_WIDTHA                     ; 8                                                                                                                                                                                                   ;
;     -- LPM_WIDTHB                     ; 8                                                                                                                                                                                                   ;
;     -- LPM_WIDTHP                     ; 16                                                                                                                                                                                                  ;
;     -- LPM_REPRESENTATION             ; SIGNED                                                                                                                                                                                              ;
;     -- INPUT_A_IS_CONSTANT            ; NO                                                                                                                                                                                                  ;
;     -- INPUT_B_IS_CONSTANT            ; NO                                                                                                                                                                                                  ;
;     -- USE_EAB                        ; OFF                                                                                                                                                                                                 ;
;     -- DEDICATED_MULTIPLIER_CIRCUITRY ; YES                                                                                                                                                                                                 ;
;     -- INPUT_A_FIXED_VALUE            ; Bx                                                                                                                                                                                                  ;
;     -- INPUT_B_FIXED_VALUE            ; Bx                                                                                                                                                                                                  ;
; Entity Instance                       ; FIR:u_FIR_0|fir_3k4:u_fir_3k4_0|fir_3k4_0002:fir_3k4_inst|fir_3k4_0002_ast:fir_3k4_0002_ast_inst|fir_3k4_0002_rtl_core:\real_passthrough:hpfircore_core|LPM_MULT:u0_m0_wo0_mtree_mult1_13_component ;
;     -- LPM_WIDTHA                     ; 8                                                                                                                                                                                                   ;
;     -- LPM_WIDTHB                     ; 8                                                                                                                                                                                                   ;
;     -- LPM_WIDTHP                     ; 16                                                                                                                                                                                                  ;
;     -- LPM_REPRESENTATION             ; SIGNED                                                                                                                                                                                              ;
;     -- INPUT_A_IS_CONSTANT            ; NO                                                                                                                                                                                                  ;
;     -- INPUT_B_IS_CONSTANT            ; NO                                                                                                                                                                                                  ;
;     -- USE_EAB                        ; OFF                                                                                                                                                                                                 ;
;     -- DEDICATED_MULTIPLIER_CIRCUITRY ; YES                                                                                                                                                                                                 ;
;     -- INPUT_A_FIXED_VALUE            ; Bx                                                                                                                                                                                                  ;
;     -- INPUT_B_FIXED_VALUE            ; Bx                                                                                                                                                                                                  ;
; Entity Instance                       ; FIR:u_FIR_0|fir_3k4:u_fir_3k4_0|fir_3k4_0002:fir_3k4_inst|fir_3k4_0002_ast:fir_3k4_0002_ast_inst|fir_3k4_0002_rtl_core:\real_passthrough:hpfircore_core|LPM_MULT:u0_m0_wo0_mtree_mult1_12_component ;
;     -- LPM_WIDTHA                     ; 8                                                                                                                                                                                                   ;
;     -- LPM_WIDTHB                     ; 8                                                                                                                                                                                                   ;
;     -- LPM_WIDTHP                     ; 16                                                                                                                                                                                                  ;
;     -- LPM_REPRESENTATION             ; SIGNED                                                                                                                                                                                              ;
;     -- INPUT_A_IS_CONSTANT            ; NO                                                                                                                                                                                                  ;
;     -- INPUT_B_IS_CONSTANT            ; NO                                                                                                                                                                                                  ;
;     -- USE_EAB                        ; OFF                                                                                                                                                                                                 ;
;     -- DEDICATED_MULTIPLIER_CIRCUITRY ; YES                                                                                                                                                                                                 ;
;     -- INPUT_A_FIXED_VALUE            ; Bx                                                                                                                                                                                                  ;
;     -- INPUT_B_FIXED_VALUE            ; Bx                                                                                                                                                                                                  ;
; Entity Instance                       ; FIR:u_FIR_0|fir_3k4:u_fir_3k4_0|fir_3k4_0002:fir_3k4_inst|fir_3k4_0002_ast:fir_3k4_0002_ast_inst|fir_3k4_0002_rtl_core:\real_passthrough:hpfircore_core|LPM_MULT:u0_m0_wo0_mtree_mult1_11_component ;
;     -- LPM_WIDTHA                     ; 8                                                                                                                                                                                                   ;
;     -- LPM_WIDTHB                     ; 8                                                                                                                                                                                                   ;
;     -- LPM_WIDTHP                     ; 16                                                                                                                                                                                                  ;
;     -- LPM_REPRESENTATION             ; SIGNED                                                                                                                                                                                              ;
;     -- INPUT_A_IS_CONSTANT            ; NO                                                                                                                                                                                                  ;
;     -- INPUT_B_IS_CONSTANT            ; NO                                                                                                                                                                                                  ;
;     -- USE_EAB                        ; OFF                                                                                                                                                                                                 ;
;     -- DEDICATED_MULTIPLIER_CIRCUITRY ; YES                                                                                                                                                                                                 ;
;     -- INPUT_A_FIXED_VALUE            ; Bx                                                                                                                                                                                                  ;
;     -- INPUT_B_FIXED_VALUE            ; Bx                                                                                                                                                                                                  ;
; Entity Instance                       ; FIR:u_FIR_0|fir_3k4:u_fir_3k4_0|fir_3k4_0002:fir_3k4_inst|fir_3k4_0002_ast:fir_3k4_0002_ast_inst|fir_3k4_0002_rtl_core:\real_passthrough:hpfircore_core|LPM_MULT:u0_m0_wo0_mtree_mult1_10_component ;
;     -- LPM_WIDTHA                     ; 8                                                                                                                                                                                                   ;
;     -- LPM_WIDTHB                     ; 8                                                                                                                                                                                                   ;
;     -- LPM_WIDTHP                     ; 16                                                                                                                                                                                                  ;
;     -- LPM_REPRESENTATION             ; SIGNED                                                                                                                                                                                              ;
;     -- INPUT_A_IS_CONSTANT            ; NO                                                                                                                                                                                                  ;
;     -- INPUT_B_IS_CONSTANT            ; NO                                                                                                                                                                                                  ;
;     -- USE_EAB                        ; OFF                                                                                                                                                                                                 ;
;     -- DEDICATED_MULTIPLIER_CIRCUITRY ; YES                                                                                                                                                                                                 ;
;     -- INPUT_A_FIXED_VALUE            ; Bx                                                                                                                                                                                                  ;
;     -- INPUT_B_FIXED_VALUE            ; Bx                                                                                                                                                                                                  ;
; Entity Instance                       ; FIR:u_FIR_0|fir_3k4:u_fir_3k4_0|fir_3k4_0002:fir_3k4_inst|fir_3k4_0002_ast:fir_3k4_0002_ast_inst|fir_3k4_0002_rtl_core:\real_passthrough:hpfircore_core|LPM_MULT:u0_m0_wo0_mtree_mult1_9_component  ;
;     -- LPM_WIDTHA                     ; 8                                                                                                                                                                                                   ;
;     -- LPM_WIDTHB                     ; 8                                                                                                                                                                                                   ;
;     -- LPM_WIDTHP                     ; 16                                                                                                                                                                                                  ;
;     -- LPM_REPRESENTATION             ; SIGNED                                                                                                                                                                                              ;
;     -- INPUT_A_IS_CONSTANT            ; NO                                                                                                                                                                                                  ;
;     -- INPUT_B_IS_CONSTANT            ; NO                                                                                                                                                                                                  ;
;     -- USE_EAB                        ; OFF                                                                                                                                                                                                 ;
;     -- DEDICATED_MULTIPLIER_CIRCUITRY ; YES                                                                                                                                                                                                 ;
;     -- INPUT_A_FIXED_VALUE            ; Bx                                                                                                                                                                                                  ;
;     -- INPUT_B_FIXED_VALUE            ; Bx                                                                                                                                                                                                  ;
; Entity Instance                       ; FIR:u_FIR_0|fir_3k4:u_fir_3k4_0|fir_3k4_0002:fir_3k4_inst|fir_3k4_0002_ast:fir_3k4_0002_ast_inst|fir_3k4_0002_rtl_core:\real_passthrough:hpfircore_core|LPM_MULT:u0_m0_wo0_mtree_mult1_8_component  ;
;     -- LPM_WIDTHA                     ; 8                                                                                                                                                                                                   ;
;     -- LPM_WIDTHB                     ; 8                                                                                                                                                                                                   ;
;     -- LPM_WIDTHP                     ; 16                                                                                                                                                                                                  ;
;     -- LPM_REPRESENTATION             ; SIGNED                                                                                                                                                                                              ;
;     -- INPUT_A_IS_CONSTANT            ; NO                                                                                                                                                                                                  ;
;     -- INPUT_B_IS_CONSTANT            ; NO                                                                                                                                                                                                  ;
;     -- USE_EAB                        ; OFF                                                                                                                                                                                                 ;
;     -- DEDICATED_MULTIPLIER_CIRCUITRY ; YES                                                                                                                                                                                                 ;
;     -- INPUT_A_FIXED_VALUE            ; Bx                                                                                                                                                                                                  ;
;     -- INPUT_B_FIXED_VALUE            ; Bx                                                                                                                                                                                                  ;
; Entity Instance                       ; FIR:u_FIR_0|fir_3k4:u_fir_3k4_0|fir_3k4_0002:fir_3k4_inst|fir_3k4_0002_ast:fir_3k4_0002_ast_inst|fir_3k4_0002_rtl_core:\real_passthrough:hpfircore_core|LPM_MULT:u0_m0_wo0_mtree_mult1_7_component  ;
;     -- LPM_WIDTHA                     ; 8                                                                                                                                                                                                   ;
;     -- LPM_WIDTHB                     ; 8                                                                                                                                                                                                   ;
;     -- LPM_WIDTHP                     ; 16                                                                                                                                                                                                  ;
;     -- LPM_REPRESENTATION             ; SIGNED                                                                                                                                                                                              ;
;     -- INPUT_A_IS_CONSTANT            ; NO                                                                                                                                                                                                  ;
;     -- INPUT_B_IS_CONSTANT            ; NO                                                                                                                                                                                                  ;
;     -- USE_EAB                        ; OFF                                                                                                                                                                                                 ;
;     -- DEDICATED_MULTIPLIER_CIRCUITRY ; YES                                                                                                                                                                                                 ;
;     -- INPUT_A_FIXED_VALUE            ; Bx                                                                                                                                                                                                  ;
;     -- INPUT_B_FIXED_VALUE            ; Bx                                                                                                                                                                                                  ;
; Entity Instance                       ; FIR:u_FIR_0|fir_3k4:u_fir_3k4_0|fir_3k4_0002:fir_3k4_inst|fir_3k4_0002_ast:fir_3k4_0002_ast_inst|fir_3k4_0002_rtl_core:\real_passthrough:hpfircore_core|LPM_MULT:u0_m0_wo0_mtree_mult1_6_component  ;
;     -- LPM_WIDTHA                     ; 8                                                                                                                                                                                                   ;
;     -- LPM_WIDTHB                     ; 8                                                                                                                                                                                                   ;
;     -- LPM_WIDTHP                     ; 16                                                                                                                                                                                                  ;
;     -- LPM_REPRESENTATION             ; SIGNED                                                                                                                                                                                              ;
;     -- INPUT_A_IS_CONSTANT            ; NO                                                                                                                                                                                                  ;
;     -- INPUT_B_IS_CONSTANT            ; NO                                                                                                                                                                                                  ;
;     -- USE_EAB                        ; OFF                                                                                                                                                                                                 ;
;     -- DEDICATED_MULTIPLIER_CIRCUITRY ; YES                                                                                                                                                                                                 ;
;     -- INPUT_A_FIXED_VALUE            ; Bx                                                                                                                                                                                                  ;
;     -- INPUT_B_FIXED_VALUE            ; Bx                                                                                                                                                                                                  ;
+---------------------------------------+-----------------------------------------------------------------------------------------------------------------------------------------------------------------------------------------------------+


+-----------------------------------------------------------------------------------------------------------------------------------+
; Port Connectivity Checks: "FIR:u_FIR_0|fir_3k4:u_fir_3k4_0"                                                                       ;
+-------------------------+--------+----------+-------------------------------------------------------------------------------------+
; Port                    ; Type   ; Severity ; Details                                                                             ;
+-------------------------+--------+----------+-------------------------------------------------------------------------------------+
; ast_sink_error          ; Input  ; Info     ; Stuck at GND                                                                        ;
; ast_source_data[27..20] ; Output ; Info     ; Connected to dangling logic. Logic that only feeds a dangling port will be removed. ;
; ast_source_data[12..0]  ; Output ; Info     ; Connected to dangling logic. Logic that only feeds a dangling port will be removed. ;
; ast_source_valid        ; Output ; Info     ; Connected to dangling logic. Logic that only feeds a dangling port will be removed. ;
; ast_source_error        ; Output ; Info     ; Connected to dangling logic. Logic that only feeds a dangling port will be removed. ;
+-------------------------+--------+----------+-------------------------------------------------------------------------------------+


+------------------------------------------------------------------------------------------------------------------+
; Port Connectivity Checks: "PLL_32M:u_PLL_32M_0"                                                                  ;
+--------+--------+----------+-------------------------------------------------------------------------------------+
; Port   ; Type   ; Severity ; Details                                                                             ;
+--------+--------+----------+-------------------------------------------------------------------------------------+
; locked ; Output ; Info     ; Connected to dangling logic. Logic that only feeds a dangling port will be removed. ;
+--------+--------+----------+-------------------------------------------------------------------------------------+


+-----------------------------------------------------+
; Post-Synthesis Netlist Statistics for Top Partition ;
+-----------------------+-----------------------------+
; Type                  ; Count                       ;
+-----------------------+-----------------------------+
; boundary_port         ; 20                          ;
; cycloneiii_ff         ; 407                         ;
;     CLR               ; 300                         ;
;     ENA CLR           ; 78                          ;
;     ENA CLR SLD       ; 29                          ;
; cycloneiii_lcell_comb ; 323                         ;
;     arith             ; 245                         ;
;         2 data inputs ; 56                          ;
;         3 data inputs ; 189                         ;
;     normal            ; 78                          ;
;         0 data inputs ; 2                           ;
;         1 data inputs ; 22                          ;
;         2 data inputs ; 29                          ;
;         3 data inputs ; 7                           ;
;         4 data inputs ; 18                          ;
; cycloneiii_mac_mult   ; 9                           ;
; cycloneiii_mac_out    ; 9                           ;
; cycloneiii_pll        ; 1                           ;
; cycloneiii_ram_block  ; 200                         ;
;                       ;                             ;
; Max LUT depth         ; 3.90                        ;
; Average LUT depth     ; 1.49                        ;
+-----------------------+-----------------------------+


+-------------------------------+
; Elapsed Time Per Partition    ;
+----------------+--------------+
; Partition Name ; Elapsed Time ;
+----------------+--------------+
; Top            ; 00:00:00     ;
+----------------+--------------+


+-------------------------------+
; Analysis & Synthesis Messages ;
+-------------------------------+
Info: *******************************************************************
Info: Running Quartus Prime Analysis & Synthesis
    Info: Version 17.1.0 Build 590 10/25/2017 SJ Lite Edition
    Info: Processing started: Thu Jul 06 18:48:12 2023
Info: Command: quartus_map --read_settings_files=on --write_settings_files=off FIR_3k4_lowpass -c FIR_3k4_lowpass
Warning (18236): Number of processors has not been specified which may cause overloading on shared machines.  Set the global assignment NUM_PARALLEL_PROCESSORS in your QSF to an appropriate value for best performance.
Info (20030): Parallel compilation is enabled and will use 14 of the 14 processors detected
Info (12021): Found 1 design units, including 1 entities, in source file fir_3k4_lowpass.v
    Info (12023): Found entity 1: FIR_3k4_lowpass File: D:/intelFPGA_lite/test/FIR_3k4_lowpass/FIR_3k4_lowpass.v Line: 1
Info (12021): Found 1 design units, including 1 entities, in source file fir.v
    Info (12023): Found entity 1: FIR File: D:/intelFPGA_lite/test/FIR_3k4_lowpass/FIR.v Line: 1
Info (12021): Found 1 design units, including 1 entities, in source file pll_32m.v
    Info (12023): Found entity 1: PLL_32M File: D:/intelFPGA_lite/test/FIR_3k4_lowpass/PLL_32M.v Line: 39
Info (12021): Found 1 design units, including 1 entities, in source file fir_3k4.v
    Info (12023): Found entity 1: fir_3k4 File: D:/intelFPGA_lite/test/FIR_3k4_lowpass/fir_3k4.v Line: 8
Info (12021): Found 1 design units, including 0 entities, in source file fir_3k4/dspba_library_package.vhd
    Info (12022): Found design unit 1: dspba_library_package (fir_3k4) File: D:/intelFPGA_lite/test/FIR_3k4_lowpass/fir_3k4/dspba_library_package.vhd Line: 17
Info (12021): Found 6 design units, including 3 entities, in source file fir_3k4/dspba_library.vhd
    Info (12022): Found design unit 1: dspba_delay-delay File: D:/intelFPGA_lite/test/FIR_3k4_lowpass/fir_3k4/dspba_library.vhd Line: 34
    Info (12022): Found design unit 2: dspba_sync_reg-sync_reg File: D:/intelFPGA_lite/test/FIR_3k4_lowpass/fir_3k4/dspba_library.vhd Line: 117
    Info (12022): Found design unit 3: dspba_pipe-rtl File: D:/intelFPGA_lite/test/FIR_3k4_lowpass/fir_3k4/dspba_library.vhd Line: 356
    Info (12023): Found entity 1: dspba_delay File: D:/intelFPGA_lite/test/FIR_3k4_lowpass/fir_3k4/dspba_library.vhd Line: 18
    Info (12023): Found entity 2: dspba_sync_reg File: D:/intelFPGA_lite/test/FIR_3k4_lowpass/fir_3k4/dspba_library.vhd Line: 93
    Info (12023): Found entity 3: dspba_pipe File: D:/intelFPGA_lite/test/FIR_3k4_lowpass/fir_3k4/dspba_library.vhd Line: 343
Info (12021): Found 2 design units, including 0 entities, in source file fir_3k4/auk_dspip_math_pkg_hpfir.vhd
    Info (12022): Found design unit 1: auk_dspip_math_pkg_hpfir (fir_3k4) File: D:/intelFPGA_lite/test/FIR_3k4_lowpass/fir_3k4/auk_dspip_math_pkg_hpfir.vhd Line: 54
    Info (12022): Found design unit 2: auk_dspip_math_pkg_hpfir-body File: D:/intelFPGA_lite/test/FIR_3k4_lowpass/fir_3k4/auk_dspip_math_pkg_hpfir.vhd Line: 131
Info (12021): Found 1 design units, including 0 entities, in source file fir_3k4/auk_dspip_lib_pkg_hpfir.vhd
    Info (12022): Found design unit 1: auk_dspip_lib_pkg_hpfir (fir_3k4) File: D:/intelFPGA_lite/test/FIR_3k4_lowpass/fir_3k4/auk_dspip_lib_pkg_hpfir.vhd Line: 22
Info (12021): Found 2 design units, including 1 entities, in source file fir_3k4/auk_dspip_avalon_streaming_controller_hpfir.vhd
    Info (12022): Found design unit 1: auk_dspip_avalon_streaming_controller_hpfir-struct File: D:/intelFPGA_lite/test/FIR_3k4_lowpass/fir_3k4/auk_dspip_avalon_streaming_controller_hpfir.vhd Line: 64
    Info (12023): Found entity 1: auk_dspip_avalon_streaming_controller_hpfir File: D:/intelFPGA_lite/test/FIR_3k4_lowpass/fir_3k4/auk_dspip_avalon_streaming_controller_hpfir.vhd Line: 41
Info (12021): Found 2 design units, including 1 entities, in source file fir_3k4/auk_dspip_avalon_streaming_sink_hpfir.vhd
    Info (12022): Found design unit 1: auk_dspip_avalon_streaming_sink_hpfir-rtl File: D:/intelFPGA_lite/test/FIR_3k4_lowpass/fir_3k4/auk_dspip_avalon_streaming_sink_hpfir.vhd Line: 106
    Info (12023): Found entity 1: auk_dspip_avalon_streaming_sink_hpfir File: D:/intelFPGA_lite/test/FIR_3k4_lowpass/fir_3k4/auk_dspip_avalon_streaming_sink_hpfir.vhd Line: 56
Info (12021): Found 2 design units, including 1 entities, in source file fir_3k4/auk_dspip_avalon_streaming_source_hpfir.vhd
    Info (12022): Found design unit 1: auk_dspip_avalon_streaming_source_hpfir-rtl File: D:/intelFPGA_lite/test/FIR_3k4_lowpass/fir_3k4/auk_dspip_avalon_streaming_source_hpfir.vhd Line: 109
    Info (12023): Found entity 1: auk_dspip_avalon_streaming_source_hpfir File: D:/intelFPGA_lite/test/FIR_3k4_lowpass/fir_3k4/auk_dspip_avalon_streaming_source_hpfir.vhd Line: 70
Info (12021): Found 2 design units, including 1 entities, in source file fir_3k4/auk_dspip_roundsat_hpfir.vhd
    Info (12022): Found design unit 1: auk_dspip_roundsat_hpfir-beh File: D:/intelFPGA_lite/test/FIR_3k4_lowpass/fir_3k4/auk_dspip_roundsat_hpfir.vhd Line: 57
    Info (12023): Found entity 1: auk_dspip_roundsat_hpfir File: D:/intelFPGA_lite/test/FIR_3k4_lowpass/fir_3k4/auk_dspip_roundsat_hpfir.vhd Line: 39
Info (12021): Found 1 design units, including 1 entities, in source file fir_3k4/altera_avalon_sc_fifo.v
    Info (12023): Found entity 1: altera_avalon_sc_fifo File: D:/intelFPGA_lite/test/FIR_3k4_lowpass/fir_3k4/altera_avalon_sc_fifo.v Line: 21
Info (12021): Found 2 design units, including 1 entities, in source file fir_3k4/fir_3k4_0002_rtl_core.vhd
    Info (12022): Found design unit 1: fir_3k4_0002_rtl_core-normal File: D:/intelFPGA_lite/test/FIR_3k4_lowpass/fir_3k4/fir_3k4_0002_rtl_core.vhd Line: 47
    Info (12023): Found entity 1: fir_3k4_0002_rtl_core File: D:/intelFPGA_lite/test/FIR_3k4_lowpass/fir_3k4/fir_3k4_0002_rtl_core.vhd Line: 34
Info (12021): Found 2 design units, including 1 entities, in source file fir_3k4/fir_3k4_0002_ast.vhd
    Info (12022): Found design unit 1: fir_3k4_0002_ast-struct File: D:/intelFPGA_lite/test/FIR_3k4_lowpass/fir_3k4/fir_3k4_0002_ast.vhd Line: 55
    Info (12023): Found entity 1: fir_3k4_0002_ast File: D:/intelFPGA_lite/test/FIR_3k4_lowpass/fir_3k4/fir_3k4_0002_ast.vhd Line: 9
Info (12021): Found 2 design units, including 1 entities, in source file fir_3k4/fir_3k4_0002.vhd
    Info (12022): Found design unit 1: fir_3k4_0002-syn File: D:/intelFPGA_lite/test/FIR_3k4_lowpass/fir_3k4/fir_3k4_0002.vhd Line: 33
    Info (12023): Found entity 1: fir_3k4_0002 File: D:/intelFPGA_lite/test/FIR_3k4_lowpass/fir_3k4/fir_3k4_0002.vhd Line: 19
Info (12021): Found 1 design units, including 1 entities, in source file pll_1m.v
    Info (12023): Found entity 1: PLL_1M File: D:/intelFPGA_lite/test/FIR_3k4_lowpass/PLL_1M.v Line: 39
Warning (10236): Verilog HDL Implicit Net warning at FIR_3k4_lowpass.v(22): created implicit net for "locked" File: D:/intelFPGA_lite/test/FIR_3k4_lowpass/FIR_3k4_lowpass.v Line: 22
Info (12127): Elaborating entity "FIR_3k4_lowpass" for the top level hierarchy
Info (12128): Elaborating entity "PLL_32M" for hierarchy "PLL_32M:u_PLL_32M_0" File: D:/intelFPGA_lite/test/FIR_3k4_lowpass/FIR_3k4_lowpass.v Line: 23
Info (12128): Elaborating entity "altpll" for hierarchy "PLL_32M:u_PLL_32M_0|altpll:altpll_component" File: D:/intelFPGA_lite/test/FIR_3k4_lowpass/PLL_32M.v Line: 103
Info (12130): Elaborated megafunction instantiation "PLL_32M:u_PLL_32M_0|altpll:altpll_component" File: D:/intelFPGA_lite/test/FIR_3k4_lowpass/PLL_32M.v Line: 103
Info (12133): Instantiated megafunction "PLL_32M:u_PLL_32M_0|altpll:altpll_component" with the following parameter: File: D:/intelFPGA_lite/test/FIR_3k4_lowpass/PLL_32M.v Line: 103
    Info (12134): Parameter "bandwidth_type" = "AUTO"
    Info (12134): Parameter "clk0_divide_by" = "25"
    Info (12134): Parameter "clk0_duty_cycle" = "50"
    Info (12134): Parameter "clk0_multiply_by" = "16"
    Info (12134): Parameter "clk0_phase_shift" = "0"
    Info (12134): Parameter "compensate_clock" = "CLK0"
    Info (12134): Parameter "inclk0_input_frequency" = "20000"
    Info (12134): Parameter "intended_device_family" = "Cyclone IV E"
    Info (12134): Parameter "lpm_hint" = "CBX_MODULE_PREFIX=PLL_32M"
    Info (12134): Parameter "lpm_type" = "altpll"
    Info (12134): Parameter "operation_mode" = "NORMAL"
    Info (12134): Parameter "pll_type" = "AUTO"
    Info (12134): Parameter "port_activeclock" = "PORT_UNUSED"
    Info (12134): Parameter "port_areset" = "PORT_USED"
    Info (12134): Parameter "port_clkbad0" = "PORT_UNUSED"
    Info (12134): Parameter "port_clkbad1" = "PORT_UNUSED"
    Info (12134): Parameter "port_clkloss" = "PORT_UNUSED"
    Info (12134): Parameter "port_clkswitch" = "PORT_UNUSED"
    Info (12134): Parameter "port_configupdate" = "PORT_UNUSED"
    Info (12134): Parameter "port_fbin" = "PORT_UNUSED"
    Info (12134): Parameter "port_inclk0" = "PORT_USED"
    Info (12134): Parameter "port_inclk1" = "PORT_UNUSED"
    Info (12134): Parameter "port_locked" = "PORT_USED"
    Info (12134): Parameter "port_pfdena" = "PORT_UNUSED"
    Info (12134): Parameter "port_phasecounterselect" = "PORT_UNUSED"
    Info (12134): Parameter "port_phasedone" = "PORT_UNUSED"
    Info (12134): Parameter "port_phasestep" = "PORT_UNUSED"
    Info (12134): Parameter "port_phaseupdown" = "PORT_UNUSED"
    Info (12134): Parameter "port_pllena" = "PORT_UNUSED"
    Info (12134): Parameter "port_scanaclr" = "PORT_UNUSED"
    Info (12134): Parameter "port_scanclk" = "PORT_UNUSED"
    Info (12134): Parameter "port_scanclkena" = "PORT_UNUSED"
    Info (12134): Parameter "port_scandata" = "PORT_UNUSED"
    Info (12134): Parameter "port_scandataout" = "PORT_UNUSED"
    Info (12134): Parameter "port_scandone" = "PORT_UNUSED"
    Info (12134): Parameter "port_scanread" = "PORT_UNUSED"
    Info (12134): Parameter "port_scanwrite" = "PORT_UNUSED"
    Info (12134): Parameter "port_clk0" = "PORT_USED"
    Info (12134): Parameter "port_clk1" = "PORT_UNUSED"
    Info (12134): Parameter "port_clk2" = "PORT_UNUSED"
    Info (12134): Parameter "port_clk3" = "PORT_UNUSED"
    Info (12134): Parameter "port_clk4" = "PORT_UNUSED"
    Info (12134): Parameter "port_clk5" = "PORT_UNUSED"
    Info (12134): Parameter "port_clkena0" = "PORT_UNUSED"
    Info (12134): Parameter "port_clkena1" = "PORT_UNUSED"
    Info (12134): Parameter "port_clkena2" = "PORT_UNUSED"
    Info (12134): Parameter "port_clkena3" = "PORT_UNUSED"
    Info (12134): Parameter "port_clkena4" = "PORT_UNUSED"
    Info (12134): Parameter "port_clkena5" = "PORT_UNUSED"
    Info (12134): Parameter "port_extclk0" = "PORT_UNUSED"
    Info (12134): Parameter "port_extclk1" = "PORT_UNUSED"
    Info (12134): Parameter "port_extclk2" = "PORT_UNUSED"
    Info (12134): Parameter "port_extclk3" = "PORT_UNUSED"
    Info (12134): Parameter "self_reset_on_loss_lock" = "OFF"
    Info (12134): Parameter "width_clock" = "5"
Info (12021): Found 1 design units, including 1 entities, in source file db/pll_32m_altpll.v
    Info (12023): Found entity 1: PLL_32M_altpll File: D:/intelFPGA_lite/test/FIR_3k4_lowpass/db/pll_32m_altpll.v Line: 30
Info (12128): Elaborating entity "PLL_32M_altpll" for hierarchy "PLL_32M:u_PLL_32M_0|altpll:altpll_component|PLL_32M_altpll:auto_generated" File: d:/intelfpga_lite/17.1/quartus/libraries/megafunctions/altpll.tdf Line: 897
Info (12128): Elaborating entity "FIR" for hierarchy "FIR:u_FIR_0" File: D:/intelFPGA_lite/test/FIR_3k4_lowpass/FIR_3k4_lowpass.v Line: 30
Warning (10230): Verilog HDL assignment warning at FIR.v(49): truncated value with size 29 to match size of target (8) File: D:/intelFPGA_lite/test/FIR_3k4_lowpass/FIR.v Line: 49
Info (12128): Elaborating entity "fir_3k4" for hierarchy "FIR:u_FIR_0|fir_3k4:u_fir_3k4_0" File: D:/intelFPGA_lite/test/FIR_3k4_lowpass/FIR.v Line: 44
Info (12128): Elaborating entity "fir_3k4_0002" for hierarchy "FIR:u_FIR_0|fir_3k4:u_fir_3k4_0|fir_3k4_0002:fir_3k4_inst" File: D:/intelFPGA_lite/test/FIR_3k4_lowpass/fir_3k4.v Line: 28
Warning (10036): Verilog HDL or VHDL warning at fir_3k4_0002.vhd(54): object "coeff_in_read_sig" assigned a value but never read File: D:/intelFPGA_lite/test/FIR_3k4_lowpass/fir_3k4/fir_3k4_0002.vhd Line: 54
Info (12128): Elaborating entity "fir_3k4_0002_ast" for hierarchy "FIR:u_FIR_0|fir_3k4:u_fir_3k4_0|fir_3k4_0002:fir_3k4_inst|fir_3k4_0002_ast:fir_3k4_0002_ast_inst" File: D:/intelFPGA_lite/test/FIR_3k4_lowpass/fir_3k4/fir_3k4_0002.vhd Line: 62
Warning (10541): VHDL Signal Declaration warning at fir_3k4_0002_ast.vhd(208): used implicit default value for signal "core_channel_out_core" because signal was never assigned a value or an explicit default value. Use of implicit default value may introduce unintended design optimizations. File: D:/intelFPGA_lite/test/FIR_3k4_lowpass/fir_3k4/fir_3k4_0002_ast.vhd Line: 208
Info (12128): Elaborating entity "auk_dspip_avalon_streaming_sink_hpfir" for hierarchy "FIR:u_FIR_0|fir_3k4:u_fir_3k4_0|fir_3k4_0002:fir_3k4_inst|fir_3k4_0002_ast:fir_3k4_0002_ast_inst|auk_dspip_avalon_streaming_sink_hpfir:sink" File: D:/intelFPGA_lite/test/FIR_3k4_lowpass/fir_3k4/fir_3k4_0002_ast.vhd Line: 89
Info (12128): Elaborating entity "auk_dspip_avalon_streaming_source_hpfir" for hierarchy "FIR:u_FIR_0|fir_3k4:u_fir_3k4_0|fir_3k4_0002:fir_3k4_inst|fir_3k4_0002_ast:fir_3k4_0002_ast_inst|auk_dspip_avalon_streaming_source_hpfir:source" File: D:/intelFPGA_lite/test/FIR_3k4_lowpass/fir_3k4/fir_3k4_0002_ast.vhd Line: 109
Info (12128): Elaborating entity "auk_dspip_avalon_streaming_controller_hpfir" for hierarchy "FIR:u_FIR_0|fir_3k4:u_fir_3k4_0|fir_3k4_0002:fir_3k4_inst|fir_3k4_0002_ast:fir_3k4_0002_ast_inst|auk_dspip_avalon_streaming_controller_hpfir:intf_ctrl" File: D:/intelFPGA_lite/test/FIR_3k4_lowpass/fir_3k4/fir_3k4_0002_ast.vhd Line: 137
Info (12128): Elaborating entity "fir_3k4_0002_rtl_core" for hierarchy "FIR:u_FIR_0|fir_3k4:u_fir_3k4_0|fir_3k4_0002:fir_3k4_inst|fir_3k4_0002_ast:fir_3k4_0002_ast_inst|fir_3k4_0002_rtl_core:\real_passthrough:hpfircore_core" File: D:/intelFPGA_lite/test/FIR_3k4_lowpass/fir_3k4/fir_3k4_0002_ast.vhd Line: 218
Info (12128): Elaborating entity "dspba_delay" for hierarchy "FIR:u_FIR_0|fir_3k4:u_fir_3k4_0|fir_3k4_0002:fir_3k4_inst|fir_3k4_0002_ast:fir_3k4_0002_ast_inst|fir_3k4_0002_rtl_core:\real_passthrough:hpfircore_core|dspba_delay:u0_m0_wo0_memread" File: D:/intelFPGA_lite/test/FIR_3k4_lowpass/fir_3k4/fir_3k4_0002_rtl_core.vhd Line: 347
Info (12128): Elaborating entity "dspba_delay" for hierarchy "FIR:u_FIR_0|fir_3k4:u_fir_3k4_0|fir_3k4_0002:fir_3k4_inst|fir_3k4_0002_ast:fir_3k4_0002_ast_inst|fir_3k4_0002_rtl_core:\real_passthrough:hpfircore_core|dspba_delay:u0_m0_wo0_compute" File: D:/intelFPGA_lite/test/FIR_3k4_lowpass/fir_3k4/fir_3k4_0002_rtl_core.vhd Line: 357
Info (12128): Elaborating entity "dspba_delay" for hierarchy "FIR:u_FIR_0|fir_3k4:u_fir_3k4_0|fir_3k4_0002:fir_3k4_inst|fir_3k4_0002_ast:fir_3k4_0002_ast_inst|fir_3k4_0002_rtl_core:\real_passthrough:hpfircore_core|dspba_delay:d_u0_m0_wo0_compute_q_20" File: D:/intelFPGA_lite/test/FIR_3k4_lowpass/fir_3k4/fir_3k4_0002_rtl_core.vhd Line: 367
Info (12128): Elaborating entity "altsyncram" for hierarchy "FIR:u_FIR_0|fir_3k4:u_fir_3k4_0|fir_3k4_0002:fir_3k4_inst|fir_3k4_0002_ast:fir_3k4_0002_ast_inst|fir_3k4_0002_rtl_core:\real_passthrough:hpfircore_core|altsyncram:u0_m0_wo0_wi0_r0_ra20_count1_lut_lutmem_dmem" File: D:/intelFPGA_lite/test/FIR_3k4_lowpass/fir_3k4/fir_3k4_0002_rtl_core.vhd Line: 428
Info (12130): Elaborated megafunction instantiation "FIR:u_FIR_0|fir_3k4:u_fir_3k4_0|fir_3k4_0002:fir_3k4_inst|fir_3k4_0002_ast:fir_3k4_0002_ast_inst|fir_3k4_0002_rtl_core:\real_passthrough:hpfircore_core|altsyncram:u0_m0_wo0_wi0_r0_ra20_count1_lut_lutmem_dmem" File: D:/intelFPGA_lite/test/FIR_3k4_lowpass/fir_3k4/fir_3k4_0002_rtl_core.vhd Line: 428
Info (12133): Instantiated megafunction "FIR:u_FIR_0|fir_3k4:u_fir_3k4_0|fir_3k4_0002:fir_3k4_inst|fir_3k4_0002_ast:fir_3k4_0002_ast_inst|fir_3k4_0002_rtl_core:\real_passthrough:hpfircore_core|altsyncram:u0_m0_wo0_wi0_r0_ra20_count1_lut_lutmem_dmem" with the following parameter: File: D:/intelFPGA_lite/test/FIR_3k4_lowpass/fir_3k4/fir_3k4_0002_rtl_core.vhd Line: 428
    Info (12134): Parameter "address_aclr_a" = "UNUSED"
    Info (12134): Parameter "address_aclr_b" = "NONE"
    Info (12134): Parameter "address_reg_b" = "CLOCK1"
    Info (12134): Parameter "byte_size" = "8"
    Info (12134): Parameter "byteena_aclr_a" = "UNUSED"
    Info (12134): Parameter "byteena_aclr_b" = "NONE"
    Info (12134): Parameter "byteena_reg_b" = "CLOCK1"
    Info (12134): Parameter "clock_enable_core_a" = "USE_INPUT_CLKEN"
    Info (12134): Parameter "clock_enable_core_b" = "USE_INPUT_CLKEN"
    Info (12134): Parameter "clock_enable_input_a" = "NORMAL"
    Info (12134): Parameter "clock_enable_input_b" = "NORMAL"
    Info (12134): Parameter "clock_enable_output_a" = "NORMAL"
    Info (12134): Parameter "clock_enable_output_b" = "NORMAL"
    Info (12134): Parameter "intended_device_family" = "Cyclone IV E"
    Info (12134): Parameter "ecc_pipeline_stage_enabled" = "FALSE"
    Info (12134): Parameter "enable_ecc" = "FALSE"
    Info (12134): Parameter "implement_in_les" = "OFF"
    Info (12134): Parameter "indata_aclr_a" = "UNUSED"
    Info (12134): Parameter "indata_aclr_b" = "NONE"
    Info (12134): Parameter "indata_reg_b" = "CLOCK1"
    Info (12134): Parameter "init_file" = "fir_3k4_0002_rtl_core_u0_m0_wo0_wi0_r0_ra20_count1_lut_lutmem.hex"
    Info (12134): Parameter "init_file_layout" = "PORT_A"
    Info (12134): Parameter "maximum_depth" = "0"
    Info (12134): Parameter "numwords_a" = "239"
    Info (12134): Parameter "numwords_b" = "0"
    Info (12134): Parameter "operation_mode" = "ROM"
    Info (12134): Parameter "outdata_aclr_a" = "CLEAR0"
    Info (12134): Parameter "outdata_aclr_b" = "NONE"
    Info (12134): Parameter "outdata_reg_a" = "CLOCK0"
    Info (12134): Parameter "outdata_reg_b" = "UNREGISTERED"
    Info (12134): Parameter "power_up_uninitialized" = "FALSE"
    Info (12134): Parameter "ram_block_type" = "M9K"
    Info (12134): Parameter "rdcontrol_aclr_b" = "NONE"
    Info (12134): Parameter "rdcontrol_reg_b" = "CLOCK1"
    Info (12134): Parameter "read_during_write_mode_mixed_ports" = "DONT_CARE"
    Info (12134): Parameter "read_during_write_mode_port_a" = "NEW_DATA_NO_NBE_READ"
    Info (12134): Parameter "read_during_write_mode_port_b" = "NEW_DATA_NO_NBE_READ"
    Info (12134): Parameter "stratixiv_m144k_allow_dual_clocks" = "ON"
    Info (12134): Parameter "width_a" = "9"
    Info (12134): Parameter "width_b" = "1"
    Info (12134): Parameter "width_byteena_a" = "1"
    Info (12134): Parameter "width_byteena_b" = "1"
    Info (12134): Parameter "width_eccstatus" = "3"
    Info (12134): Parameter "widthad_a" = "8"
    Info (12134): Parameter "widthad_b" = "1"
    Info (12134): Parameter "wrcontrol_aclr_a" = "UNUSED"
    Info (12134): Parameter "wrcontrol_aclr_b" = "NONE"
    Info (12134): Parameter "wrcontrol_wraddress_reg_b" = "CLOCK1"
    Info (12134): Parameter "lpm_hint" = "UNUSED"
    Info (12134): Parameter "lpm_type" = "altsyncram"
Info (12021): Found 1 design units, including 1 entities, in source file db/altsyncram_3bs3.tdf
    Info (12023): Found entity 1: altsyncram_3bs3 File: D:/intelFPGA_lite/test/FIR_3k4_lowpass/db/altsyncram_3bs3.tdf Line: 27
Info (12128): Elaborating entity "altsyncram_3bs3" for hierarchy "FIR:u_FIR_0|fir_3k4:u_fir_3k4_0|fir_3k4_0002:fir_3k4_inst|fir_3k4_0002_ast:fir_3k4_0002_ast_inst|fir_3k4_0002_rtl_core:\real_passthrough:hpfircore_core|altsyncram:u0_m0_wo0_wi0_r0_ra20_count1_lut_lutmem_dmem|altsyncram_3bs3:auto_generated" File: d:/intelfpga_lite/17.1/quartus/libraries/megafunctions/altsyncram.tdf Line: 791
Info (12128): Elaborating entity "dspba_delay" for hierarchy "FIR:u_FIR_0|fir_3k4:u_fir_3k4_0|fir_3k4_0002:fir_3k4_inst|fir_3k4_0002_ast:fir_3k4_0002_ast_inst|fir_3k4_0002_rtl_core:\real_passthrough:hpfircore_core|dspba_delay:d_xIn_0_15" File: D:/intelFPGA_lite/test/FIR_3k4_lowpass/fir_3k4/fir_3k4_0002_rtl_core.vhd Line: 512
Info (12128): Elaborating entity "dspba_delay" for hierarchy "FIR:u_FIR_0|fir_3k4:u_fir_3k4_0|fir_3k4_0002:fir_3k4_inst|fir_3k4_0002_ast:fir_3k4_0002_ast_inst|fir_3k4_0002_rtl_core:\real_passthrough:hpfircore_core|dspba_delay:d_in0_m0_wi0_wo0_assign_id1_q_15" File: D:/intelFPGA_lite/test/FIR_3k4_lowpass/fir_3k4/fir_3k4_0002_rtl_core.vhd Line: 517
Info (12128): Elaborating entity "altsyncram" for hierarchy "FIR:u_FIR_0|fir_3k4:u_fir_3k4_0|fir_3k4_0002:fir_3k4_inst|fir_3k4_0002_ast:fir_3k4_0002_ast_inst|fir_3k4_0002_rtl_core:\real_passthrough:hpfircore_core|altsyncram:u0_m0_wo0_wi0_r0_memr0_dmem" File: D:/intelFPGA_lite/test/FIR_3k4_lowpass/fir_3k4/fir_3k4_0002_rtl_core.vhd Line: 539
Info (12130): Elaborated megafunction instantiation "FIR:u_FIR_0|fir_3k4:u_fir_3k4_0|fir_3k4_0002:fir_3k4_inst|fir_3k4_0002_ast:fir_3k4_0002_ast_inst|fir_3k4_0002_rtl_core:\real_passthrough:hpfircore_core|altsyncram:u0_m0_wo0_wi0_r0_memr0_dmem" File: D:/intelFPGA_lite/test/FIR_3k4_lowpass/fir_3k4/fir_3k4_0002_rtl_core.vhd Line: 539
Info (12133): Instantiated megafunction "FIR:u_FIR_0|fir_3k4:u_fir_3k4_0|fir_3k4_0002:fir_3k4_inst|fir_3k4_0002_ast:fir_3k4_0002_ast_inst|fir_3k4_0002_rtl_core:\real_passthrough:hpfircore_core|altsyncram:u0_m0_wo0_wi0_r0_memr0_dmem" with the following parameter: File: D:/intelFPGA_lite/test/FIR_3k4_lowpass/fir_3k4/fir_3k4_0002_rtl_core.vhd Line: 539
    Info (12134): Parameter "address_aclr_a" = "UNUSED"
    Info (12134): Parameter "address_aclr_b" = "NONE"
    Info (12134): Parameter "address_reg_b" = "CLOCK0"
    Info (12134): Parameter "byte_size" = "8"
    Info (12134): Parameter "byteena_aclr_a" = "UNUSED"
    Info (12134): Parameter "byteena_aclr_b" = "NONE"
    Info (12134): Parameter "byteena_reg_b" = "CLOCK0"
    Info (12134): Parameter "clock_enable_core_a" = "USE_INPUT_CLKEN"
    Info (12134): Parameter "clock_enable_core_b" = "USE_INPUT_CLKEN"
    Info (12134): Parameter "clock_enable_input_a" = "NORMAL"
    Info (12134): Parameter "clock_enable_input_b" = "NORMAL"
    Info (12134): Parameter "clock_enable_output_a" = "NORMAL"
    Info (12134): Parameter "clock_enable_output_b" = "NORMAL"
    Info (12134): Parameter "intended_device_family" = "Cyclone IV E"
    Info (12134): Parameter "ecc_pipeline_stage_enabled" = "FALSE"
    Info (12134): Parameter "enable_ecc" = "FALSE"
    Info (12134): Parameter "implement_in_les" = "OFF"
    Info (12134): Parameter "indata_aclr_a" = "UNUSED"
    Info (12134): Parameter "indata_aclr_b" = "NONE"
    Info (12134): Parameter "indata_reg_b" = "CLOCK0"
    Info (12134): Parameter "init_file" = "UNUSED"
    Info (12134): Parameter "init_file_layout" = "PORT_A"
    Info (12134): Parameter "maximum_depth" = "0"
    Info (12134): Parameter "numwords_a" = "256"
    Info (12134): Parameter "numwords_b" = "256"
    Info (12134): Parameter "operation_mode" = "DUAL_PORT"
    Info (12134): Parameter "outdata_aclr_a" = "NONE"
    Info (12134): Parameter "outdata_aclr_b" = "NONE"
    Info (12134): Parameter "outdata_reg_a" = "UNREGISTERED"
    Info (12134): Parameter "outdata_reg_b" = "CLOCK0"
    Info (12134): Parameter "power_up_uninitialized" = "FALSE"
    Info (12134): Parameter "ram_block_type" = "M9K"
    Info (12134): Parameter "rdcontrol_aclr_b" = "NONE"
    Info (12134): Parameter "rdcontrol_reg_b" = "CLOCK0"
    Info (12134): Parameter "read_during_write_mode_mixed_ports" = "DONT_CARE"
    Info (12134): Parameter "read_during_write_mode_port_a" = "NEW_DATA_NO_NBE_READ"
    Info (12134): Parameter "read_during_write_mode_port_b" = "NEW_DATA_NO_NBE_READ"
    Info (12134): Parameter "stratixiv_m144k_allow_dual_clocks" = "ON"
    Info (12134): Parameter "width_a" = "8"
    Info (12134): Parameter "width_b" = "8"
    Info (12134): Parameter "width_byteena_a" = "1"
    Info (12134): Parameter "width_byteena_b" = "1"
    Info (12134): Parameter "width_eccstatus" = "3"
    Info (12134): Parameter "widthad_a" = "8"
    Info (12134): Parameter "widthad_b" = "8"
    Info (12134): Parameter "wrcontrol_aclr_a" = "UNUSED"
    Info (12134): Parameter "wrcontrol_aclr_b" = "NONE"
    Info (12134): Parameter "wrcontrol_wraddress_reg_b" = "CLOCK0"
    Info (12134): Parameter "lpm_hint" = "UNUSED"
    Info (12134): Parameter "lpm_type" = "altsyncram"
Info (12021): Found 1 design units, including 1 entities, in source file db/altsyncram_cmn3.tdf
    Info (12023): Found entity 1: altsyncram_cmn3 File: D:/intelFPGA_lite/test/FIR_3k4_lowpass/db/altsyncram_cmn3.tdf Line: 27
Info (12128): Elaborating entity "altsyncram_cmn3" for hierarchy "FIR:u_FIR_0|fir_3k4:u_fir_3k4_0|fir_3k4_0002:fir_3k4_inst|fir_3k4_0002_ast:fir_3k4_0002_ast_inst|fir_3k4_0002_rtl_core:\real_passthrough:hpfircore_core|altsyncram:u0_m0_wo0_wi0_r0_memr0_dmem|altsyncram_cmn3:auto_generated" File: d:/intelfpga_lite/17.1/quartus/libraries/megafunctions/altsyncram.tdf Line: 791
Info (12128): Elaborating entity "altsyncram" for hierarchy "FIR:u_FIR_0|fir_3k4:u_fir_3k4_0|fir_3k4_0002:fir_3k4_inst|fir_3k4_0002_ast:fir_3k4_0002_ast_inst|fir_3k4_0002_rtl_core:\real_passthrough:hpfircore_core|altsyncram:u0_m0_wo0_wi0_r0_memr1_dmem" File: D:/intelFPGA_lite/test/FIR_3k4_lowpass/fir_3k4/fir_3k4_0002_rtl_core.vhd Line: 625
Info (12130): Elaborated megafunction instantiation "FIR:u_FIR_0|fir_3k4:u_fir_3k4_0|fir_3k4_0002:fir_3k4_inst|fir_3k4_0002_ast:fir_3k4_0002_ast_inst|fir_3k4_0002_rtl_core:\real_passthrough:hpfircore_core|altsyncram:u0_m0_wo0_wi0_r0_memr1_dmem" File: D:/intelFPGA_lite/test/FIR_3k4_lowpass/fir_3k4/fir_3k4_0002_rtl_core.vhd Line: 625
Info (12133): Instantiated megafunction "FIR:u_FIR_0|fir_3k4:u_fir_3k4_0|fir_3k4_0002:fir_3k4_inst|fir_3k4_0002_ast:fir_3k4_0002_ast_inst|fir_3k4_0002_rtl_core:\real_passthrough:hpfircore_core|altsyncram:u0_m0_wo0_wi0_r0_memr1_dmem" with the following parameter: File: D:/intelFPGA_lite/test/FIR_3k4_lowpass/fir_3k4/fir_3k4_0002_rtl_core.vhd Line: 625
    Info (12134): Parameter "address_aclr_a" = "UNUSED"
    Info (12134): Parameter "address_aclr_b" = "NONE"
    Info (12134): Parameter "address_reg_b" = "CLOCK0"
    Info (12134): Parameter "byte_size" = "8"
    Info (12134): Parameter "byteena_aclr_a" = "UNUSED"
    Info (12134): Parameter "byteena_aclr_b" = "NONE"
    Info (12134): Parameter "byteena_reg_b" = "CLOCK0"
    Info (12134): Parameter "clock_enable_core_a" = "USE_INPUT_CLKEN"
    Info (12134): Parameter "clock_enable_core_b" = "USE_INPUT_CLKEN"
    Info (12134): Parameter "clock_enable_input_a" = "NORMAL"
    Info (12134): Parameter "clock_enable_input_b" = "NORMAL"
    Info (12134): Parameter "clock_enable_output_a" = "NORMAL"
    Info (12134): Parameter "clock_enable_output_b" = "NORMAL"
    Info (12134): Parameter "intended_device_family" = "Cyclone IV E"
    Info (12134): Parameter "ecc_pipeline_stage_enabled" = "FALSE"
    Info (12134): Parameter "enable_ecc" = "FALSE"
    Info (12134): Parameter "implement_in_les" = "OFF"
    Info (12134): Parameter "indata_aclr_a" = "UNUSED"
    Info (12134): Parameter "indata_aclr_b" = "NONE"
    Info (12134): Parameter "indata_reg_b" = "CLOCK0"
    Info (12134): Parameter "init_file" = "UNUSED"
    Info (12134): Parameter "init_file_layout" = "PORT_A"
    Info (12134): Parameter "maximum_depth" = "0"
    Info (12134): Parameter "numwords_a" = "256"
    Info (12134): Parameter "numwords_b" = "256"
    Info (12134): Parameter "operation_mode" = "DUAL_PORT"
    Info (12134): Parameter "outdata_aclr_a" = "NONE"
    Info (12134): Parameter "outdata_aclr_b" = "NONE"
    Info (12134): Parameter "outdata_reg_a" = "UNREGISTERED"
    Info (12134): Parameter "outdata_reg_b" = "CLOCK0"
    Info (12134): Parameter "power_up_uninitialized" = "FALSE"
    Info (12134): Parameter "ram_block_type" = "M9K"
    Info (12134): Parameter "rdcontrol_aclr_b" = "NONE"
    Info (12134): Parameter "rdcontrol_reg_b" = "CLOCK0"
    Info (12134): Parameter "read_during_write_mode_mixed_ports" = "DONT_CARE"
    Info (12134): Parameter "read_during_write_mode_port_a" = "NEW_DATA_NO_NBE_READ"
    Info (12134): Parameter "read_during_write_mode_port_b" = "NEW_DATA_NO_NBE_READ"
    Info (12134): Parameter "stratixiv_m144k_allow_dual_clocks" = "ON"
    Info (12134): Parameter "width_a" = "64"
    Info (12134): Parameter "width_b" = "64"
    Info (12134): Parameter "width_byteena_a" = "1"
    Info (12134): Parameter "width_byteena_b" = "1"
    Info (12134): Parameter "width_eccstatus" = "3"
    Info (12134): Parameter "widthad_a" = "8"
    Info (12134): Parameter "widthad_b" = "8"
    Info (12134): Parameter "wrcontrol_aclr_a" = "UNUSED"
    Info (12134): Parameter "wrcontrol_aclr_b" = "NONE"
    Info (12134): Parameter "wrcontrol_wraddress_reg_b" = "CLOCK0"
    Info (12134): Parameter "lpm_hint" = "UNUSED"
    Info (12134): Parameter "lpm_type" = "altsyncram"
Info (12021): Found 1 design units, including 1 entities, in source file db/altsyncram_gpn3.tdf
    Info (12023): Found entity 1: altsyncram_gpn3 File: D:/intelFPGA_lite/test/FIR_3k4_lowpass/db/altsyncram_gpn3.tdf Line: 27
Info (12128): Elaborating entity "altsyncram_gpn3" for hierarchy "FIR:u_FIR_0|fir_3k4:u_fir_3k4_0|fir_3k4_0002:fir_3k4_inst|fir_3k4_0002_ast:fir_3k4_0002_ast_inst|fir_3k4_0002_rtl_core:\real_passthrough:hpfircore_core|altsyncram:u0_m0_wo0_wi0_r0_memr1_dmem|altsyncram_gpn3:auto_generated" File: d:/intelfpga_lite/17.1/quartus/libraries/megafunctions/altsyncram.tdf Line: 791
Info (12128): Elaborating entity "dspba_delay" for hierarchy "FIR:u_FIR_0|fir_3k4:u_fir_3k4_0|fir_3k4_0002:fir_3k4_inst|fir_3k4_0002_ast:fir_3k4_0002_ast_inst|fir_3k4_0002_rtl_core:\real_passthrough:hpfircore_core|dspba_delay:d_u0_m0_wo0_wi0_r0_split1_g_16" File: D:/intelFPGA_lite/test/FIR_3k4_lowpass/fir_3k4/fir_3k4_0002_rtl_core.vhd Line: 674
Info (12128): Elaborating entity "altsyncram" for hierarchy "FIR:u_FIR_0|fir_3k4:u_fir_3k4_0|fir_3k4_0002:fir_3k4_inst|fir_3k4_0002_ast:fir_3k4_0002_ast_inst|fir_3k4_0002_rtl_core:\real_passthrough:hpfircore_core|altsyncram:u0_m0_wo0_cm6_lutmem_dmem" File: D:/intelFPGA_lite/test/FIR_3k4_lowpass/fir_3k4/fir_3k4_0002_rtl_core.vhd Line: 710
Info (12130): Elaborated megafunction instantiation "FIR:u_FIR_0|fir_3k4:u_fir_3k4_0|fir_3k4_0002:fir_3k4_inst|fir_3k4_0002_ast:fir_3k4_0002_ast_inst|fir_3k4_0002_rtl_core:\real_passthrough:hpfircore_core|altsyncram:u0_m0_wo0_cm6_lutmem_dmem" File: D:/intelFPGA_lite/test/FIR_3k4_lowpass/fir_3k4/fir_3k4_0002_rtl_core.vhd Line: 710
Info (12133): Instantiated megafunction "FIR:u_FIR_0|fir_3k4:u_fir_3k4_0|fir_3k4_0002:fir_3k4_inst|fir_3k4_0002_ast:fir_3k4_0002_ast_inst|fir_3k4_0002_rtl_core:\real_passthrough:hpfircore_core|altsyncram:u0_m0_wo0_cm6_lutmem_dmem" with the following parameter: File: D:/intelFPGA_lite/test/FIR_3k4_lowpass/fir_3k4/fir_3k4_0002_rtl_core.vhd Line: 710
    Info (12134): Parameter "address_aclr_a" = "UNUSED"
    Info (12134): Parameter "address_aclr_b" = "NONE"
    Info (12134): Parameter "address_reg_b" = "CLOCK1"
    Info (12134): Parameter "byte_size" = "8"
    Info (12134): Parameter "byteena_aclr_a" = "UNUSED"
    Info (12134): Parameter "byteena_aclr_b" = "NONE"
    Info (12134): Parameter "byteena_reg_b" = "CLOCK1"
    Info (12134): Parameter "clock_enable_core_a" = "USE_INPUT_CLKEN"
    Info (12134): Parameter "clock_enable_core_b" = "USE_INPUT_CLKEN"
    Info (12134): Parameter "clock_enable_input_a" = "NORMAL"
    Info (12134): Parameter "clock_enable_input_b" = "NORMAL"
    Info (12134): Parameter "clock_enable_output_a" = "NORMAL"
    Info (12134): Parameter "clock_enable_output_b" = "NORMAL"
    Info (12134): Parameter "intended_device_family" = "Cyclone IV E"
    Info (12134): Parameter "ecc_pipeline_stage_enabled" = "FALSE"
    Info (12134): Parameter "enable_ecc" = "FALSE"
    Info (12134): Parameter "implement_in_les" = "OFF"
    Info (12134): Parameter "indata_aclr_a" = "UNUSED"
    Info (12134): Parameter "indata_aclr_b" = "NONE"
    Info (12134): Parameter "indata_reg_b" = "CLOCK1"
    Info (12134): Parameter "init_file" = "fir_3k4_0002_rtl_core_u0_m0_wo0_cm6_lutmem.hex"
    Info (12134): Parameter "init_file_layout" = "PORT_A"
    Info (12134): Parameter "maximum_depth" = "0"
    Info (12134): Parameter "numwords_a" = "239"
    Info (12134): Parameter "numwords_b" = "0"
    Info (12134): Parameter "operation_mode" = "ROM"
    Info (12134): Parameter "outdata_aclr_a" = "CLEAR0"
    Info (12134): Parameter "outdata_aclr_b" = "NONE"
    Info (12134): Parameter "outdata_reg_a" = "CLOCK0"
    Info (12134): Parameter "outdata_reg_b" = "UNREGISTERED"
    Info (12134): Parameter "power_up_uninitialized" = "FALSE"
    Info (12134): Parameter "ram_block_type" = "M9K"
    Info (12134): Parameter "rdcontrol_aclr_b" = "NONE"
    Info (12134): Parameter "rdcontrol_reg_b" = "CLOCK1"
    Info (12134): Parameter "read_during_write_mode_mixed_ports" = "DONT_CARE"
    Info (12134): Parameter "read_during_write_mode_port_a" = "NEW_DATA_NO_NBE_READ"
    Info (12134): Parameter "read_during_write_mode_port_b" = "NEW_DATA_NO_NBE_READ"
    Info (12134): Parameter "stratixiv_m144k_allow_dual_clocks" = "ON"
    Info (12134): Parameter "width_a" = "8"
    Info (12134): Parameter "width_b" = "1"
    Info (12134): Parameter "width_byteena_a" = "1"
    Info (12134): Parameter "width_byteena_b" = "1"
    Info (12134): Parameter "width_eccstatus" = "3"
    Info (12134): Parameter "widthad_a" = "8"
    Info (12134): Parameter "widthad_b" = "1"
    Info (12134): Parameter "wrcontrol_aclr_a" = "UNUSED"
    Info (12134): Parameter "wrcontrol_aclr_b" = "NONE"
    Info (12134): Parameter "wrcontrol_wraddress_reg_b" = "CLOCK1"
    Info (12134): Parameter "lpm_hint" = "UNUSED"
    Info (12134): Parameter "lpm_type" = "altsyncram"
Info (12021): Found 1 design units, including 1 entities, in source file db/altsyncram_miq3.tdf
    Info (12023): Found entity 1: altsyncram_miq3 File: D:/intelFPGA_lite/test/FIR_3k4_lowpass/db/altsyncram_miq3.tdf Line: 27
Info (12128): Elaborating entity "altsyncram_miq3" for hierarchy "FIR:u_FIR_0|fir_3k4:u_fir_3k4_0|fir_3k4_0002:fir_3k4_inst|fir_3k4_0002_ast:fir_3k4_0002_ast_inst|fir_3k4_0002_rtl_core:\real_passthrough:hpfircore_core|altsyncram:u0_m0_wo0_cm6_lutmem_dmem|altsyncram_miq3:auto_generated" File: d:/intelfpga_lite/17.1/quartus/libraries/megafunctions/altsyncram.tdf Line: 791
Info (12128): Elaborating entity "LPM_MULT" for hierarchy "FIR:u_FIR_0|fir_3k4:u_fir_3k4_0|fir_3k4_0002:fir_3k4_inst|fir_3k4_0002_ast:fir_3k4_0002_ast_inst|fir_3k4_0002_rtl_core:\real_passthrough:hpfircore_core|LPM_MULT:u0_m0_wo0_mtree_mult1_14_component" File: D:/intelFPGA_lite/test/FIR_3k4_lowpass/fir_3k4/fir_3k4_0002_rtl_core.vhd Line: 740
Info (12130): Elaborated megafunction instantiation "FIR:u_FIR_0|fir_3k4:u_fir_3k4_0|fir_3k4_0002:fir_3k4_inst|fir_3k4_0002_ast:fir_3k4_0002_ast_inst|fir_3k4_0002_rtl_core:\real_passthrough:hpfircore_core|LPM_MULT:u0_m0_wo0_mtree_mult1_14_component" File: D:/intelFPGA_lite/test/FIR_3k4_lowpass/fir_3k4/fir_3k4_0002_rtl_core.vhd Line: 740
Info (12133): Instantiated megafunction "FIR:u_FIR_0|fir_3k4:u_fir_3k4_0|fir_3k4_0002:fir_3k4_inst|fir_3k4_0002_ast:fir_3k4_0002_ast_inst|fir_3k4_0002_rtl_core:\real_passthrough:hpfircore_core|LPM_MULT:u0_m0_wo0_mtree_mult1_14_component" with the following parameter: File: D:/intelFPGA_lite/test/FIR_3k4_lowpass/fir_3k4/fir_3k4_0002_rtl_core.vhd Line: 740
    Info (12134): Parameter "LPM_WIDTHA" = "8"
    Info (12134): Parameter "LPM_WIDTHB" = "8"
    Info (12134): Parameter "LPM_WIDTHS" = "1"
    Info (12134): Parameter "LPM_WIDTHP" = "16"
    Info (12134): Parameter "LPM_REPRESENTATION" = "SIGNED"
    Info (12134): Parameter "LPM_PIPELINE" = "2"
    Info (12134): Parameter "LPM_TYPE" = "LPM_MULT"
    Info (12134): Parameter "LPM_HINT" = "DEDICATED_MULTIPLIER_CIRCUITRY=YES, MAXIMIZE_SPEED=5"
Info (12021): Found 1 design units, including 1 entities, in source file db/mult_9bu.tdf
    Info (12023): Found entity 1: mult_9bu File: D:/intelFPGA_lite/test/FIR_3k4_lowpass/db/mult_9bu.tdf Line: 28
Info (12128): Elaborating entity "mult_9bu" for hierarchy "FIR:u_FIR_0|fir_3k4:u_fir_3k4_0|fir_3k4_0002:fir_3k4_inst|fir_3k4_0002_ast:fir_3k4_0002_ast_inst|fir_3k4_0002_rtl_core:\real_passthrough:hpfircore_core|LPM_MULT:u0_m0_wo0_mtree_mult1_14_component|mult_9bu:auto_generated" File: d:/intelfpga_lite/17.1/quartus/libraries/megafunctions/lpm_mult.tdf Line: 376
Info (12128): Elaborating entity "altsyncram" for hierarchy "FIR:u_FIR_0|fir_3k4:u_fir_3k4_0|fir_3k4_0002:fir_3k4_inst|fir_3k4_0002_ast:fir_3k4_0002_ast_inst|fir_3k4_0002_rtl_core:\real_passthrough:hpfircore_core|altsyncram:u0_m0_wo0_cm7_lutmem_dmem" File: D:/intelFPGA_lite/test/FIR_3k4_lowpass/fir_3k4/fir_3k4_0002_rtl_core.vhd Line: 764
Info (12130): Elaborated megafunction instantiation "FIR:u_FIR_0|fir_3k4:u_fir_3k4_0|fir_3k4_0002:fir_3k4_inst|fir_3k4_0002_ast:fir_3k4_0002_ast_inst|fir_3k4_0002_rtl_core:\real_passthrough:hpfircore_core|altsyncram:u0_m0_wo0_cm7_lutmem_dmem" File: D:/intelFPGA_lite/test/FIR_3k4_lowpass/fir_3k4/fir_3k4_0002_rtl_core.vhd Line: 764
Info (12133): Instantiated megafunction "FIR:u_FIR_0|fir_3k4:u_fir_3k4_0|fir_3k4_0002:fir_3k4_inst|fir_3k4_0002_ast:fir_3k4_0002_ast_inst|fir_3k4_0002_rtl_core:\real_passthrough:hpfircore_core|altsyncram:u0_m0_wo0_cm7_lutmem_dmem" with the following parameter: File: D:/intelFPGA_lite/test/FIR_3k4_lowpass/fir_3k4/fir_3k4_0002_rtl_core.vhd Line: 764
    Info (12134): Parameter "address_aclr_a" = "UNUSED"
    Info (12134): Parameter "address_aclr_b" = "NONE"
    Info (12134): Parameter "address_reg_b" = "CLOCK1"
    Info (12134): Parameter "byte_size" = "8"
    Info (12134): Parameter "byteena_aclr_a" = "UNUSED"
    Info (12134): Parameter "byteena_aclr_b" = "NONE"
    Info (12134): Parameter "byteena_reg_b" = "CLOCK1"
    Info (12134): Parameter "clock_enable_core_a" = "USE_INPUT_CLKEN"
    Info (12134): Parameter "clock_enable_core_b" = "USE_INPUT_CLKEN"
    Info (12134): Parameter "clock_enable_input_a" = "NORMAL"
    Info (12134): Parameter "clock_enable_input_b" = "NORMAL"
    Info (12134): Parameter "clock_enable_output_a" = "NORMAL"
    Info (12134): Parameter "clock_enable_output_b" = "NORMAL"
    Info (12134): Parameter "intended_device_family" = "Cyclone IV E"
    Info (12134): Parameter "ecc_pipeline_stage_enabled" = "FALSE"
    Info (12134): Parameter "enable_ecc" = "FALSE"
    Info (12134): Parameter "implement_in_les" = "OFF"
    Info (12134): Parameter "indata_aclr_a" = "UNUSED"
    Info (12134): Parameter "indata_aclr_b" = "NONE"
    Info (12134): Parameter "indata_reg_b" = "CLOCK1"
    Info (12134): Parameter "init_file" = "fir_3k4_0002_rtl_core_u0_m0_wo0_cm7_lutmem.hex"
    Info (12134): Parameter "init_file_layout" = "PORT_A"
    Info (12134): Parameter "maximum_depth" = "0"
    Info (12134): Parameter "numwords_a" = "239"
    Info (12134): Parameter "numwords_b" = "0"
    Info (12134): Parameter "operation_mode" = "ROM"
    Info (12134): Parameter "outdata_aclr_a" = "CLEAR0"
    Info (12134): Parameter "outdata_aclr_b" = "NONE"
    Info (12134): Parameter "outdata_reg_a" = "CLOCK0"
    Info (12134): Parameter "outdata_reg_b" = "UNREGISTERED"
    Info (12134): Parameter "power_up_uninitialized" = "FALSE"
    Info (12134): Parameter "ram_block_type" = "M9K"
    Info (12134): Parameter "rdcontrol_aclr_b" = "NONE"
    Info (12134): Parameter "rdcontrol_reg_b" = "CLOCK1"
    Info (12134): Parameter "read_during_write_mode_mixed_ports" = "DONT_CARE"
    Info (12134): Parameter "read_during_write_mode_port_a" = "NEW_DATA_NO_NBE_READ"
    Info (12134): Parameter "read_during_write_mode_port_b" = "NEW_DATA_NO_NBE_READ"
    Info (12134): Parameter "stratixiv_m144k_allow_dual_clocks" = "ON"
    Info (12134): Parameter "width_a" = "8"
    Info (12134): Parameter "width_b" = "1"
    Info (12134): Parameter "width_byteena_a" = "1"
    Info (12134): Parameter "width_byteena_b" = "1"
    Info (12134): Parameter "width_eccstatus" = "3"
    Info (12134): Parameter "widthad_a" = "8"
    Info (12134): Parameter "widthad_b" = "1"
    Info (12134): Parameter "wrcontrol_aclr_a" = "UNUSED"
    Info (12134): Parameter "wrcontrol_aclr_b" = "NONE"
    Info (12134): Parameter "wrcontrol_wraddress_reg_b" = "CLOCK1"
    Info (12134): Parameter "lpm_hint" = "UNUSED"
    Info (12134): Parameter "lpm_type" = "altsyncram"
Info (12021): Found 1 design units, including 1 entities, in source file db/altsyncram_niq3.tdf
    Info (12023): Found entity 1: altsyncram_niq3 File: D:/intelFPGA_lite/test/FIR_3k4_lowpass/db/altsyncram_niq3.tdf Line: 27
Info (12128): Elaborating entity "altsyncram_niq3" for hierarchy "FIR:u_FIR_0|fir_3k4:u_fir_3k4_0|fir_3k4_0002:fir_3k4_inst|fir_3k4_0002_ast:fir_3k4_0002_ast_inst|fir_3k4_0002_rtl_core:\real_passthrough:hpfircore_core|altsyncram:u0_m0_wo0_cm7_lutmem_dmem|altsyncram_niq3:auto_generated" File: d:/intelfpga_lite/17.1/quartus/libraries/megafunctions/altsyncram.tdf Line: 791
Info (12128): Elaborating entity "altsyncram" for hierarchy "FIR:u_FIR_0|fir_3k4:u_fir_3k4_0|fir_3k4_0002:fir_3k4_inst|fir_3k4_0002_ast:fir_3k4_0002_ast_inst|fir_3k4_0002_rtl_core:\real_passthrough:hpfircore_core|altsyncram:u0_m0_wo0_cm8_lutmem_dmem" File: D:/intelFPGA_lite/test/FIR_3k4_lowpass/fir_3k4/fir_3k4_0002_rtl_core.vhd Line: 818
Info (12130): Elaborated megafunction instantiation "FIR:u_FIR_0|fir_3k4:u_fir_3k4_0|fir_3k4_0002:fir_3k4_inst|fir_3k4_0002_ast:fir_3k4_0002_ast_inst|fir_3k4_0002_rtl_core:\real_passthrough:hpfircore_core|altsyncram:u0_m0_wo0_cm8_lutmem_dmem" File: D:/intelFPGA_lite/test/FIR_3k4_lowpass/fir_3k4/fir_3k4_0002_rtl_core.vhd Line: 818
Info (12133): Instantiated megafunction "FIR:u_FIR_0|fir_3k4:u_fir_3k4_0|fir_3k4_0002:fir_3k4_inst|fir_3k4_0002_ast:fir_3k4_0002_ast_inst|fir_3k4_0002_rtl_core:\real_passthrough:hpfircore_core|altsyncram:u0_m0_wo0_cm8_lutmem_dmem" with the following parameter: File: D:/intelFPGA_lite/test/FIR_3k4_lowpass/fir_3k4/fir_3k4_0002_rtl_core.vhd Line: 818
    Info (12134): Parameter "address_aclr_a" = "UNUSED"
    Info (12134): Parameter "address_aclr_b" = "NONE"
    Info (12134): Parameter "address_reg_b" = "CLOCK1"
    Info (12134): Parameter "byte_size" = "8"
    Info (12134): Parameter "byteena_aclr_a" = "UNUSED"
    Info (12134): Parameter "byteena_aclr_b" = "NONE"
    Info (12134): Parameter "byteena_reg_b" = "CLOCK1"
    Info (12134): Parameter "clock_enable_core_a" = "USE_INPUT_CLKEN"
    Info (12134): Parameter "clock_enable_core_b" = "USE_INPUT_CLKEN"
    Info (12134): Parameter "clock_enable_input_a" = "NORMAL"
    Info (12134): Parameter "clock_enable_input_b" = "NORMAL"
    Info (12134): Parameter "clock_enable_output_a" = "NORMAL"
    Info (12134): Parameter "clock_enable_output_b" = "NORMAL"
    Info (12134): Parameter "intended_device_family" = "Cyclone IV E"
    Info (12134): Parameter "ecc_pipeline_stage_enabled" = "FALSE"
    Info (12134): Parameter "enable_ecc" = "FALSE"
    Info (12134): Parameter "implement_in_les" = "OFF"
    Info (12134): Parameter "indata_aclr_a" = "UNUSED"
    Info (12134): Parameter "indata_aclr_b" = "NONE"
    Info (12134): Parameter "indata_reg_b" = "CLOCK1"
    Info (12134): Parameter "init_file" = "fir_3k4_0002_rtl_core_u0_m0_wo0_cm8_lutmem.hex"
    Info (12134): Parameter "init_file_layout" = "PORT_A"
    Info (12134): Parameter "maximum_depth" = "0"
    Info (12134): Parameter "numwords_a" = "239"
    Info (12134): Parameter "numwords_b" = "0"
    Info (12134): Parameter "operation_mode" = "ROM"
    Info (12134): Parameter "outdata_aclr_a" = "CLEAR0"
    Info (12134): Parameter "outdata_aclr_b" = "NONE"
    Info (12134): Parameter "outdata_reg_a" = "CLOCK0"
    Info (12134): Parameter "outdata_reg_b" = "UNREGISTERED"
    Info (12134): Parameter "power_up_uninitialized" = "FALSE"
    Info (12134): Parameter "ram_block_type" = "M9K"
    Info (12134): Parameter "rdcontrol_aclr_b" = "NONE"
    Info (12134): Parameter "rdcontrol_reg_b" = "CLOCK1"
    Info (12134): Parameter "read_during_write_mode_mixed_ports" = "DONT_CARE"
    Info (12134): Parameter "read_during_write_mode_port_a" = "NEW_DATA_NO_NBE_READ"
    Info (12134): Parameter "read_during_write_mode_port_b" = "NEW_DATA_NO_NBE_READ"
    Info (12134): Parameter "stratixiv_m144k_allow_dual_clocks" = "ON"
    Info (12134): Parameter "width_a" = "8"
    Info (12134): Parameter "width_b" = "1"
    Info (12134): Parameter "width_byteena_a" = "1"
    Info (12134): Parameter "width_byteena_b" = "1"
    Info (12134): Parameter "width_eccstatus" = "3"
    Info (12134): Parameter "widthad_a" = "8"
    Info (12134): Parameter "widthad_b" = "1"
    Info (12134): Parameter "wrcontrol_aclr_a" = "UNUSED"
    Info (12134): Parameter "wrcontrol_aclr_b" = "NONE"
    Info (12134): Parameter "wrcontrol_wraddress_reg_b" = "CLOCK1"
    Info (12134): Parameter "lpm_hint" = "UNUSED"
    Info (12134): Parameter "lpm_type" = "altsyncram"
Info (12021): Found 1 design units, including 1 entities, in source file db/altsyncram_oiq3.tdf
    Info (12023): Found entity 1: altsyncram_oiq3 File: D:/intelFPGA_lite/test/FIR_3k4_lowpass/db/altsyncram_oiq3.tdf Line: 27
Info (12128): Elaborating entity "altsyncram_oiq3" for hierarchy "FIR:u_FIR_0|fir_3k4:u_fir_3k4_0|fir_3k4_0002:fir_3k4_inst|fir_3k4_0002_ast:fir_3k4_0002_ast_inst|fir_3k4_0002_rtl_core:\real_passthrough:hpfircore_core|altsyncram:u0_m0_wo0_cm8_lutmem_dmem|altsyncram_oiq3:auto_generated" File: d:/intelfpga_lite/17.1/quartus/libraries/megafunctions/altsyncram.tdf Line: 791
Info (12128): Elaborating entity "altsyncram" for hierarchy "FIR:u_FIR_0|fir_3k4:u_fir_3k4_0|fir_3k4_0002:fir_3k4_inst|fir_3k4_0002_ast:fir_3k4_0002_ast_inst|fir_3k4_0002_rtl_core:\real_passthrough:hpfircore_core|altsyncram:u0_m0_wo0_cm9_lutmem_dmem" File: D:/intelFPGA_lite/test/FIR_3k4_lowpass/fir_3k4/fir_3k4_0002_rtl_core.vhd Line: 953
Info (12130): Elaborated megafunction instantiation "FIR:u_FIR_0|fir_3k4:u_fir_3k4_0|fir_3k4_0002:fir_3k4_inst|fir_3k4_0002_ast:fir_3k4_0002_ast_inst|fir_3k4_0002_rtl_core:\real_passthrough:hpfircore_core|altsyncram:u0_m0_wo0_cm9_lutmem_dmem" File: D:/intelFPGA_lite/test/FIR_3k4_lowpass/fir_3k4/fir_3k4_0002_rtl_core.vhd Line: 953
Info (12133): Instantiated megafunction "FIR:u_FIR_0|fir_3k4:u_fir_3k4_0|fir_3k4_0002:fir_3k4_inst|fir_3k4_0002_ast:fir_3k4_0002_ast_inst|fir_3k4_0002_rtl_core:\real_passthrough:hpfircore_core|altsyncram:u0_m0_wo0_cm9_lutmem_dmem" with the following parameter: File: D:/intelFPGA_lite/test/FIR_3k4_lowpass/fir_3k4/fir_3k4_0002_rtl_core.vhd Line: 953
    Info (12134): Parameter "address_aclr_a" = "UNUSED"
    Info (12134): Parameter "address_aclr_b" = "NONE"
    Info (12134): Parameter "address_reg_b" = "CLOCK1"
    Info (12134): Parameter "byte_size" = "8"
    Info (12134): Parameter "byteena_aclr_a" = "UNUSED"
    Info (12134): Parameter "byteena_aclr_b" = "NONE"
    Info (12134): Parameter "byteena_reg_b" = "CLOCK1"
    Info (12134): Parameter "clock_enable_core_a" = "USE_INPUT_CLKEN"
    Info (12134): Parameter "clock_enable_core_b" = "USE_INPUT_CLKEN"
    Info (12134): Parameter "clock_enable_input_a" = "NORMAL"
    Info (12134): Parameter "clock_enable_input_b" = "NORMAL"
    Info (12134): Parameter "clock_enable_output_a" = "NORMAL"
    Info (12134): Parameter "clock_enable_output_b" = "NORMAL"
    Info (12134): Parameter "intended_device_family" = "Cyclone IV E"
    Info (12134): Parameter "ecc_pipeline_stage_enabled" = "FALSE"
    Info (12134): Parameter "enable_ecc" = "FALSE"
    Info (12134): Parameter "implement_in_les" = "OFF"
    Info (12134): Parameter "indata_aclr_a" = "UNUSED"
    Info (12134): Parameter "indata_aclr_b" = "NONE"
    Info (12134): Parameter "indata_reg_b" = "CLOCK1"
    Info (12134): Parameter "init_file" = "fir_3k4_0002_rtl_core_u0_m0_wo0_cm9_lutmem.hex"
    Info (12134): Parameter "init_file_layout" = "PORT_A"
    Info (12134): Parameter "maximum_depth" = "0"
    Info (12134): Parameter "numwords_a" = "239"
    Info (12134): Parameter "numwords_b" = "0"
    Info (12134): Parameter "operation_mode" = "ROM"
    Info (12134): Parameter "outdata_aclr_a" = "CLEAR0"
    Info (12134): Parameter "outdata_aclr_b" = "NONE"
    Info (12134): Parameter "outdata_reg_a" = "CLOCK0"
    Info (12134): Parameter "outdata_reg_b" = "UNREGISTERED"
    Info (12134): Parameter "power_up_uninitialized" = "FALSE"
    Info (12134): Parameter "ram_block_type" = "M9K"
    Info (12134): Parameter "rdcontrol_aclr_b" = "NONE"
    Info (12134): Parameter "rdcontrol_reg_b" = "CLOCK1"
    Info (12134): Parameter "read_during_write_mode_mixed_ports" = "DONT_CARE"
    Info (12134): Parameter "read_during_write_mode_port_a" = "NEW_DATA_NO_NBE_READ"
    Info (12134): Parameter "read_during_write_mode_port_b" = "NEW_DATA_NO_NBE_READ"
    Info (12134): Parameter "stratixiv_m144k_allow_dual_clocks" = "ON"
    Info (12134): Parameter "width_a" = "8"
    Info (12134): Parameter "width_b" = "1"
    Info (12134): Parameter "width_byteena_a" = "1"
    Info (12134): Parameter "width_byteena_b" = "1"
    Info (12134): Parameter "width_eccstatus" = "3"
    Info (12134): Parameter "widthad_a" = "8"
    Info (12134): Parameter "widthad_b" = "1"
    Info (12134): Parameter "wrcontrol_aclr_a" = "UNUSED"
    Info (12134): Parameter "wrcontrol_aclr_b" = "NONE"
    Info (12134): Parameter "wrcontrol_wraddress_reg_b" = "CLOCK1"
    Info (12134): Parameter "lpm_hint" = "UNUSED"
    Info (12134): Parameter "lpm_type" = "altsyncram"
Info (12021): Found 1 design units, including 1 entities, in source file db/altsyncram_piq3.tdf
    Info (12023): Found entity 1: altsyncram_piq3 File: D:/intelFPGA_lite/test/FIR_3k4_lowpass/db/altsyncram_piq3.tdf Line: 27
Info (12128): Elaborating entity "altsyncram_piq3" for hierarchy "FIR:u_FIR_0|fir_3k4:u_fir_3k4_0|fir_3k4_0002:fir_3k4_inst|fir_3k4_0002_ast:fir_3k4_0002_ast_inst|fir_3k4_0002_rtl_core:\real_passthrough:hpfircore_core|altsyncram:u0_m0_wo0_cm9_lutmem_dmem|altsyncram_piq3:auto_generated" File: d:/intelfpga_lite/17.1/quartus/libraries/megafunctions/altsyncram.tdf Line: 791
Info (12128): Elaborating entity "altsyncram" for hierarchy "FIR:u_FIR_0|fir_3k4:u_fir_3k4_0|fir_3k4_0002:fir_3k4_inst|fir_3k4_0002_ast:fir_3k4_0002_ast_inst|fir_3k4_0002_rtl_core:\real_passthrough:hpfircore_core|altsyncram:u0_m0_wo0_cm10_lutmem_dmem" File: D:/intelFPGA_lite/test/FIR_3k4_lowpass/fir_3k4/fir_3k4_0002_rtl_core.vhd Line: 1007
Info (12130): Elaborated megafunction instantiation "FIR:u_FIR_0|fir_3k4:u_fir_3k4_0|fir_3k4_0002:fir_3k4_inst|fir_3k4_0002_ast:fir_3k4_0002_ast_inst|fir_3k4_0002_rtl_core:\real_passthrough:hpfircore_core|altsyncram:u0_m0_wo0_cm10_lutmem_dmem" File: D:/intelFPGA_lite/test/FIR_3k4_lowpass/fir_3k4/fir_3k4_0002_rtl_core.vhd Line: 1007
Info (12133): Instantiated megafunction "FIR:u_FIR_0|fir_3k4:u_fir_3k4_0|fir_3k4_0002:fir_3k4_inst|fir_3k4_0002_ast:fir_3k4_0002_ast_inst|fir_3k4_0002_rtl_core:\real_passthrough:hpfircore_core|altsyncram:u0_m0_wo0_cm10_lutmem_dmem" with the following parameter: File: D:/intelFPGA_lite/test/FIR_3k4_lowpass/fir_3k4/fir_3k4_0002_rtl_core.vhd Line: 1007
    Info (12134): Parameter "address_aclr_a" = "UNUSED"
    Info (12134): Parameter "address_aclr_b" = "NONE"
    Info (12134): Parameter "address_reg_b" = "CLOCK1"
    Info (12134): Parameter "byte_size" = "8"
    Info (12134): Parameter "byteena_aclr_a" = "UNUSED"
    Info (12134): Parameter "byteena_aclr_b" = "NONE"
    Info (12134): Parameter "byteena_reg_b" = "CLOCK1"
    Info (12134): Parameter "clock_enable_core_a" = "USE_INPUT_CLKEN"
    Info (12134): Parameter "clock_enable_core_b" = "USE_INPUT_CLKEN"
    Info (12134): Parameter "clock_enable_input_a" = "NORMAL"
    Info (12134): Parameter "clock_enable_input_b" = "NORMAL"
    Info (12134): Parameter "clock_enable_output_a" = "NORMAL"
    Info (12134): Parameter "clock_enable_output_b" = "NORMAL"
    Info (12134): Parameter "intended_device_family" = "Cyclone IV E"
    Info (12134): Parameter "ecc_pipeline_stage_enabled" = "FALSE"
    Info (12134): Parameter "enable_ecc" = "FALSE"
    Info (12134): Parameter "implement_in_les" = "OFF"
    Info (12134): Parameter "indata_aclr_a" = "UNUSED"
    Info (12134): Parameter "indata_aclr_b" = "NONE"
    Info (12134): Parameter "indata_reg_b" = "CLOCK1"
    Info (12134): Parameter "init_file" = "fir_3k4_0002_rtl_core_u0_m0_wo0_cm10_lutmem.hex"
    Info (12134): Parameter "init_file_layout" = "PORT_A"
    Info (12134): Parameter "maximum_depth" = "0"
    Info (12134): Parameter "numwords_a" = "239"
    Info (12134): Parameter "numwords_b" = "0"
    Info (12134): Parameter "operation_mode" = "ROM"
    Info (12134): Parameter "outdata_aclr_a" = "CLEAR0"
    Info (12134): Parameter "outdata_aclr_b" = "NONE"
    Info (12134): Parameter "outdata_reg_a" = "CLOCK0"
    Info (12134): Parameter "outdata_reg_b" = "UNREGISTERED"
    Info (12134): Parameter "power_up_uninitialized" = "FALSE"
    Info (12134): Parameter "ram_block_type" = "M9K"
    Info (12134): Parameter "rdcontrol_aclr_b" = "NONE"
    Info (12134): Parameter "rdcontrol_reg_b" = "CLOCK1"
    Info (12134): Parameter "read_during_write_mode_mixed_ports" = "DONT_CARE"
    Info (12134): Parameter "read_during_write_mode_port_a" = "NEW_DATA_NO_NBE_READ"
    Info (12134): Parameter "read_during_write_mode_port_b" = "NEW_DATA_NO_NBE_READ"
    Info (12134): Parameter "stratixiv_m144k_allow_dual_clocks" = "ON"
    Info (12134): Parameter "width_a" = "8"
    Info (12134): Parameter "width_b" = "1"
    Info (12134): Parameter "width_byteena_a" = "1"
    Info (12134): Parameter "width_byteena_b" = "1"
    Info (12134): Parameter "width_eccstatus" = "3"
    Info (12134): Parameter "widthad_a" = "8"
    Info (12134): Parameter "widthad_b" = "1"
    Info (12134): Parameter "wrcontrol_aclr_a" = "UNUSED"
    Info (12134): Parameter "wrcontrol_aclr_b" = "NONE"
    Info (12134): Parameter "wrcontrol_wraddress_reg_b" = "CLOCK1"
    Info (12134): Parameter "lpm_hint" = "UNUSED"
    Info (12134): Parameter "lpm_type" = "altsyncram"
Info (12021): Found 1 design units, including 1 entities, in source file db/altsyncram_1kq3.tdf
    Info (12023): Found entity 1: altsyncram_1kq3 File: D:/intelFPGA_lite/test/FIR_3k4_lowpass/db/altsyncram_1kq3.tdf Line: 27
Info (12128): Elaborating entity "altsyncram_1kq3" for hierarchy "FIR:u_FIR_0|fir_3k4:u_fir_3k4_0|fir_3k4_0002:fir_3k4_inst|fir_3k4_0002_ast:fir_3k4_0002_ast_inst|fir_3k4_0002_rtl_core:\real_passthrough:hpfircore_core|altsyncram:u0_m0_wo0_cm10_lutmem_dmem|altsyncram_1kq3:auto_generated" File: d:/intelfpga_lite/17.1/quartus/libraries/megafunctions/altsyncram.tdf Line: 791
Info (12128): Elaborating entity "altsyncram" for hierarchy "FIR:u_FIR_0|fir_3k4:u_fir_3k4_0|fir_3k4_0002:fir_3k4_inst|fir_3k4_0002_ast:fir_3k4_0002_ast_inst|fir_3k4_0002_rtl_core:\real_passthrough:hpfircore_core|altsyncram:u0_m0_wo0_cm11_lutmem_dmem" File: D:/intelFPGA_lite/test/FIR_3k4_lowpass/fir_3k4/fir_3k4_0002_rtl_core.vhd Line: 1074
Info (12130): Elaborated megafunction instantiation "FIR:u_FIR_0|fir_3k4:u_fir_3k4_0|fir_3k4_0002:fir_3k4_inst|fir_3k4_0002_ast:fir_3k4_0002_ast_inst|fir_3k4_0002_rtl_core:\real_passthrough:hpfircore_core|altsyncram:u0_m0_wo0_cm11_lutmem_dmem" File: D:/intelFPGA_lite/test/FIR_3k4_lowpass/fir_3k4/fir_3k4_0002_rtl_core.vhd Line: 1074
Info (12133): Instantiated megafunction "FIR:u_FIR_0|fir_3k4:u_fir_3k4_0|fir_3k4_0002:fir_3k4_inst|fir_3k4_0002_ast:fir_3k4_0002_ast_inst|fir_3k4_0002_rtl_core:\real_passthrough:hpfircore_core|altsyncram:u0_m0_wo0_cm11_lutmem_dmem" with the following parameter: File: D:/intelFPGA_lite/test/FIR_3k4_lowpass/fir_3k4/fir_3k4_0002_rtl_core.vhd Line: 1074
    Info (12134): Parameter "address_aclr_a" = "UNUSED"
    Info (12134): Parameter "address_aclr_b" = "NONE"
    Info (12134): Parameter "address_reg_b" = "CLOCK1"
    Info (12134): Parameter "byte_size" = "8"
    Info (12134): Parameter "byteena_aclr_a" = "UNUSED"
    Info (12134): Parameter "byteena_aclr_b" = "NONE"
    Info (12134): Parameter "byteena_reg_b" = "CLOCK1"
    Info (12134): Parameter "clock_enable_core_a" = "USE_INPUT_CLKEN"
    Info (12134): Parameter "clock_enable_core_b" = "USE_INPUT_CLKEN"
    Info (12134): Parameter "clock_enable_input_a" = "NORMAL"
    Info (12134): Parameter "clock_enable_input_b" = "NORMAL"
    Info (12134): Parameter "clock_enable_output_a" = "NORMAL"
    Info (12134): Parameter "clock_enable_output_b" = "NORMAL"
    Info (12134): Parameter "intended_device_family" = "Cyclone IV E"
    Info (12134): Parameter "ecc_pipeline_stage_enabled" = "FALSE"
    Info (12134): Parameter "enable_ecc" = "FALSE"
    Info (12134): Parameter "implement_in_les" = "OFF"
    Info (12134): Parameter "indata_aclr_a" = "UNUSED"
    Info (12134): Parameter "indata_aclr_b" = "NONE"
    Info (12134): Parameter "indata_reg_b" = "CLOCK1"
    Info (12134): Parameter "init_file" = "fir_3k4_0002_rtl_core_u0_m0_wo0_cm11_lutmem.hex"
    Info (12134): Parameter "init_file_layout" = "PORT_A"
    Info (12134): Parameter "maximum_depth" = "0"
    Info (12134): Parameter "numwords_a" = "239"
    Info (12134): Parameter "numwords_b" = "0"
    Info (12134): Parameter "operation_mode" = "ROM"
    Info (12134): Parameter "outdata_aclr_a" = "CLEAR0"
    Info (12134): Parameter "outdata_aclr_b" = "NONE"
    Info (12134): Parameter "outdata_reg_a" = "CLOCK0"
    Info (12134): Parameter "outdata_reg_b" = "UNREGISTERED"
    Info (12134): Parameter "power_up_uninitialized" = "FALSE"
    Info (12134): Parameter "ram_block_type" = "M9K"
    Info (12134): Parameter "rdcontrol_aclr_b" = "NONE"
    Info (12134): Parameter "rdcontrol_reg_b" = "CLOCK1"
    Info (12134): Parameter "read_during_write_mode_mixed_ports" = "DONT_CARE"
    Info (12134): Parameter "read_during_write_mode_port_a" = "NEW_DATA_NO_NBE_READ"
    Info (12134): Parameter "read_during_write_mode_port_b" = "NEW_DATA_NO_NBE_READ"
    Info (12134): Parameter "stratixiv_m144k_allow_dual_clocks" = "ON"
    Info (12134): Parameter "width_a" = "8"
    Info (12134): Parameter "width_b" = "1"
    Info (12134): Parameter "width_byteena_a" = "1"
    Info (12134): Parameter "width_byteena_b" = "1"
    Info (12134): Parameter "width_eccstatus" = "3"
    Info (12134): Parameter "widthad_a" = "8"
    Info (12134): Parameter "widthad_b" = "1"
    Info (12134): Parameter "wrcontrol_aclr_a" = "UNUSED"
    Info (12134): Parameter "wrcontrol_aclr_b" = "NONE"
    Info (12134): Parameter "wrcontrol_wraddress_reg_b" = "CLOCK1"
    Info (12134): Parameter "lpm_hint" = "UNUSED"
    Info (12134): Parameter "lpm_type" = "altsyncram"
Info (12021): Found 1 design units, including 1 entities, in source file db/altsyncram_2kq3.tdf
    Info (12023): Found entity 1: altsyncram_2kq3 File: D:/intelFPGA_lite/test/FIR_3k4_lowpass/db/altsyncram_2kq3.tdf Line: 27
Info (12128): Elaborating entity "altsyncram_2kq3" for hierarchy "FIR:u_FIR_0|fir_3k4:u_fir_3k4_0|fir_3k4_0002:fir_3k4_inst|fir_3k4_0002_ast:fir_3k4_0002_ast_inst|fir_3k4_0002_rtl_core:\real_passthrough:hpfircore_core|altsyncram:u0_m0_wo0_cm11_lutmem_dmem|altsyncram_2kq3:auto_generated" File: d:/intelfpga_lite/17.1/quartus/libraries/megafunctions/altsyncram.tdf Line: 791
Info (12128): Elaborating entity "altsyncram" for hierarchy "FIR:u_FIR_0|fir_3k4:u_fir_3k4_0|fir_3k4_0002:fir_3k4_inst|fir_3k4_0002_ast:fir_3k4_0002_ast_inst|fir_3k4_0002_rtl_core:\real_passthrough:hpfircore_core|altsyncram:u0_m0_wo0_cm12_lutmem_dmem" File: D:/intelFPGA_lite/test/FIR_3k4_lowpass/fir_3k4/fir_3k4_0002_rtl_core.vhd Line: 1128
Info (12130): Elaborated megafunction instantiation "FIR:u_FIR_0|fir_3k4:u_fir_3k4_0|fir_3k4_0002:fir_3k4_inst|fir_3k4_0002_ast:fir_3k4_0002_ast_inst|fir_3k4_0002_rtl_core:\real_passthrough:hpfircore_core|altsyncram:u0_m0_wo0_cm12_lutmem_dmem" File: D:/intelFPGA_lite/test/FIR_3k4_lowpass/fir_3k4/fir_3k4_0002_rtl_core.vhd Line: 1128
Info (12133): Instantiated megafunction "FIR:u_FIR_0|fir_3k4:u_fir_3k4_0|fir_3k4_0002:fir_3k4_inst|fir_3k4_0002_ast:fir_3k4_0002_ast_inst|fir_3k4_0002_rtl_core:\real_passthrough:hpfircore_core|altsyncram:u0_m0_wo0_cm12_lutmem_dmem" with the following parameter: File: D:/intelFPGA_lite/test/FIR_3k4_lowpass/fir_3k4/fir_3k4_0002_rtl_core.vhd Line: 1128
    Info (12134): Parameter "address_aclr_a" = "UNUSED"
    Info (12134): Parameter "address_aclr_b" = "NONE"
    Info (12134): Parameter "address_reg_b" = "CLOCK1"
    Info (12134): Parameter "byte_size" = "8"
    Info (12134): Parameter "byteena_aclr_a" = "UNUSED"
    Info (12134): Parameter "byteena_aclr_b" = "NONE"
    Info (12134): Parameter "byteena_reg_b" = "CLOCK1"
    Info (12134): Parameter "clock_enable_core_a" = "USE_INPUT_CLKEN"
    Info (12134): Parameter "clock_enable_core_b" = "USE_INPUT_CLKEN"
    Info (12134): Parameter "clock_enable_input_a" = "NORMAL"
    Info (12134): Parameter "clock_enable_input_b" = "NORMAL"
    Info (12134): Parameter "clock_enable_output_a" = "NORMAL"
    Info (12134): Parameter "clock_enable_output_b" = "NORMAL"
    Info (12134): Parameter "intended_device_family" = "Cyclone IV E"
    Info (12134): Parameter "ecc_pipeline_stage_enabled" = "FALSE"
    Info (12134): Parameter "enable_ecc" = "FALSE"
    Info (12134): Parameter "implement_in_les" = "OFF"
    Info (12134): Parameter "indata_aclr_a" = "UNUSED"
    Info (12134): Parameter "indata_aclr_b" = "NONE"
    Info (12134): Parameter "indata_reg_b" = "CLOCK1"
    Info (12134): Parameter "init_file" = "fir_3k4_0002_rtl_core_u0_m0_wo0_cm12_lutmem.hex"
    Info (12134): Parameter "init_file_layout" = "PORT_A"
    Info (12134): Parameter "maximum_depth" = "0"
    Info (12134): Parameter "numwords_a" = "239"
    Info (12134): Parameter "numwords_b" = "0"
    Info (12134): Parameter "operation_mode" = "ROM"
    Info (12134): Parameter "outdata_aclr_a" = "CLEAR0"
    Info (12134): Parameter "outdata_aclr_b" = "NONE"
    Info (12134): Parameter "outdata_reg_a" = "CLOCK0"
    Info (12134): Parameter "outdata_reg_b" = "UNREGISTERED"
    Info (12134): Parameter "power_up_uninitialized" = "FALSE"
    Info (12134): Parameter "ram_block_type" = "M9K"
    Info (12134): Parameter "rdcontrol_aclr_b" = "NONE"
    Info (12134): Parameter "rdcontrol_reg_b" = "CLOCK1"
    Info (12134): Parameter "read_during_write_mode_mixed_ports" = "DONT_CARE"
    Info (12134): Parameter "read_during_write_mode_port_a" = "NEW_DATA_NO_NBE_READ"
    Info (12134): Parameter "read_during_write_mode_port_b" = "NEW_DATA_NO_NBE_READ"
    Info (12134): Parameter "stratixiv_m144k_allow_dual_clocks" = "ON"
    Info (12134): Parameter "width_a" = "8"
    Info (12134): Parameter "width_b" = "1"
    Info (12134): Parameter "width_byteena_a" = "1"
    Info (12134): Parameter "width_byteena_b" = "1"
    Info (12134): Parameter "width_eccstatus" = "3"
    Info (12134): Parameter "widthad_a" = "8"
    Info (12134): Parameter "widthad_b" = "1"
    Info (12134): Parameter "wrcontrol_aclr_a" = "UNUSED"
    Info (12134): Parameter "wrcontrol_aclr_b" = "NONE"
    Info (12134): Parameter "wrcontrol_wraddress_reg_b" = "CLOCK1"
    Info (12134): Parameter "lpm_hint" = "UNUSED"
    Info (12134): Parameter "lpm_type" = "altsyncram"
Info (12021): Found 1 design units, including 1 entities, in source file db/altsyncram_3kq3.tdf
    Info (12023): Found entity 1: altsyncram_3kq3 File: D:/intelFPGA_lite/test/FIR_3k4_lowpass/db/altsyncram_3kq3.tdf Line: 27
Info (12128): Elaborating entity "altsyncram_3kq3" for hierarchy "FIR:u_FIR_0|fir_3k4:u_fir_3k4_0|fir_3k4_0002:fir_3k4_inst|fir_3k4_0002_ast:fir_3k4_0002_ast_inst|fir_3k4_0002_rtl_core:\real_passthrough:hpfircore_core|altsyncram:u0_m0_wo0_cm12_lutmem_dmem|altsyncram_3kq3:auto_generated" File: d:/intelfpga_lite/17.1/quartus/libraries/megafunctions/altsyncram.tdf Line: 791
Info (12128): Elaborating entity "dspba_delay" for hierarchy "FIR:u_FIR_0|fir_3k4:u_fir_3k4_0|fir_3k4_0002:fir_3k4_inst|fir_3k4_0002_ast:fir_3k4_0002_ast_inst|fir_3k4_0002_rtl_core:\real_passthrough:hpfircore_core|dspba_delay:d_u0_m0_wo0_wi0_r0_split9_f_17" File: D:/intelFPGA_lite/test/FIR_3k4_lowpass/fir_3k4/fir_3k4_0002_rtl_core.vhd Line: 1219
Info (12128): Elaborating entity "altsyncram" for hierarchy "FIR:u_FIR_0|fir_3k4:u_fir_3k4_0|fir_3k4_0002:fir_3k4_inst|fir_3k4_0002_ast:fir_3k4_0002_ast_inst|fir_3k4_0002_rtl_core:\real_passthrough:hpfircore_core|altsyncram:u0_m0_wo0_cm13_lutmem_dmem" File: D:/intelFPGA_lite/test/FIR_3k4_lowpass/fir_3k4/fir_3k4_0002_rtl_core.vhd Line: 1231
Info (12130): Elaborated megafunction instantiation "FIR:u_FIR_0|fir_3k4:u_fir_3k4_0|fir_3k4_0002:fir_3k4_inst|fir_3k4_0002_ast:fir_3k4_0002_ast_inst|fir_3k4_0002_rtl_core:\real_passthrough:hpfircore_core|altsyncram:u0_m0_wo0_cm13_lutmem_dmem" File: D:/intelFPGA_lite/test/FIR_3k4_lowpass/fir_3k4/fir_3k4_0002_rtl_core.vhd Line: 1231
Info (12133): Instantiated megafunction "FIR:u_FIR_0|fir_3k4:u_fir_3k4_0|fir_3k4_0002:fir_3k4_inst|fir_3k4_0002_ast:fir_3k4_0002_ast_inst|fir_3k4_0002_rtl_core:\real_passthrough:hpfircore_core|altsyncram:u0_m0_wo0_cm13_lutmem_dmem" with the following parameter: File: D:/intelFPGA_lite/test/FIR_3k4_lowpass/fir_3k4/fir_3k4_0002_rtl_core.vhd Line: 1231
    Info (12134): Parameter "address_aclr_a" = "UNUSED"
    Info (12134): Parameter "address_aclr_b" = "NONE"
    Info (12134): Parameter "address_reg_b" = "CLOCK1"
    Info (12134): Parameter "byte_size" = "8"
    Info (12134): Parameter "byteena_aclr_a" = "UNUSED"
    Info (12134): Parameter "byteena_aclr_b" = "NONE"
    Info (12134): Parameter "byteena_reg_b" = "CLOCK1"
    Info (12134): Parameter "clock_enable_core_a" = "USE_INPUT_CLKEN"
    Info (12134): Parameter "clock_enable_core_b" = "USE_INPUT_CLKEN"
    Info (12134): Parameter "clock_enable_input_a" = "NORMAL"
    Info (12134): Parameter "clock_enable_input_b" = "NORMAL"
    Info (12134): Parameter "clock_enable_output_a" = "NORMAL"
    Info (12134): Parameter "clock_enable_output_b" = "NORMAL"
    Info (12134): Parameter "intended_device_family" = "Cyclone IV E"
    Info (12134): Parameter "ecc_pipeline_stage_enabled" = "FALSE"
    Info (12134): Parameter "enable_ecc" = "FALSE"
    Info (12134): Parameter "implement_in_les" = "OFF"
    Info (12134): Parameter "indata_aclr_a" = "UNUSED"
    Info (12134): Parameter "indata_aclr_b" = "NONE"
    Info (12134): Parameter "indata_reg_b" = "CLOCK1"
    Info (12134): Parameter "init_file" = "fir_3k4_0002_rtl_core_u0_m0_wo0_cm13_lutmem.hex"
    Info (12134): Parameter "init_file_layout" = "PORT_A"
    Info (12134): Parameter "maximum_depth" = "0"
    Info (12134): Parameter "numwords_a" = "239"
    Info (12134): Parameter "numwords_b" = "0"
    Info (12134): Parameter "operation_mode" = "ROM"
    Info (12134): Parameter "outdata_aclr_a" = "CLEAR0"
    Info (12134): Parameter "outdata_aclr_b" = "NONE"
    Info (12134): Parameter "outdata_reg_a" = "CLOCK0"
    Info (12134): Parameter "outdata_reg_b" = "UNREGISTERED"
    Info (12134): Parameter "power_up_uninitialized" = "FALSE"
    Info (12134): Parameter "ram_block_type" = "M9K"
    Info (12134): Parameter "rdcontrol_aclr_b" = "NONE"
    Info (12134): Parameter "rdcontrol_reg_b" = "CLOCK1"
    Info (12134): Parameter "read_during_write_mode_mixed_ports" = "DONT_CARE"
    Info (12134): Parameter "read_during_write_mode_port_a" = "NEW_DATA_NO_NBE_READ"
    Info (12134): Parameter "read_during_write_mode_port_b" = "NEW_DATA_NO_NBE_READ"
    Info (12134): Parameter "stratixiv_m144k_allow_dual_clocks" = "ON"
    Info (12134): Parameter "width_a" = "8"
    Info (12134): Parameter "width_b" = "1"
    Info (12134): Parameter "width_byteena_a" = "1"
    Info (12134): Parameter "width_byteena_b" = "1"
    Info (12134): Parameter "width_eccstatus" = "3"
    Info (12134): Parameter "widthad_a" = "8"
    Info (12134): Parameter "widthad_b" = "1"
    Info (12134): Parameter "wrcontrol_aclr_a" = "UNUSED"
    Info (12134): Parameter "wrcontrol_aclr_b" = "NONE"
    Info (12134): Parameter "wrcontrol_wraddress_reg_b" = "CLOCK1"
    Info (12134): Parameter "lpm_hint" = "UNUSED"
    Info (12134): Parameter "lpm_type" = "altsyncram"
Info (12021): Found 1 design units, including 1 entities, in source file db/altsyncram_4kq3.tdf
    Info (12023): Found entity 1: altsyncram_4kq3 File: D:/intelFPGA_lite/test/FIR_3k4_lowpass/db/altsyncram_4kq3.tdf Line: 27
Info (12128): Elaborating entity "altsyncram_4kq3" for hierarchy "FIR:u_FIR_0|fir_3k4:u_fir_3k4_0|fir_3k4_0002:fir_3k4_inst|fir_3k4_0002_ast:fir_3k4_0002_ast_inst|fir_3k4_0002_rtl_core:\real_passthrough:hpfircore_core|altsyncram:u0_m0_wo0_cm13_lutmem_dmem|altsyncram_4kq3:auto_generated" File: d:/intelfpga_lite/17.1/quartus/libraries/megafunctions/altsyncram.tdf Line: 791
Info (12128): Elaborating entity "altsyncram" for hierarchy "FIR:u_FIR_0|fir_3k4:u_fir_3k4_0|fir_3k4_0002:fir_3k4_inst|fir_3k4_0002_ast:fir_3k4_0002_ast_inst|fir_3k4_0002_rtl_core:\real_passthrough:hpfircore_core|altsyncram:u0_m0_wo0_cm14_lutmem_dmem" File: D:/intelFPGA_lite/test/FIR_3k4_lowpass/fir_3k4/fir_3k4_0002_rtl_core.vhd Line: 1290
Info (12130): Elaborated megafunction instantiation "FIR:u_FIR_0|fir_3k4:u_fir_3k4_0|fir_3k4_0002:fir_3k4_inst|fir_3k4_0002_ast:fir_3k4_0002_ast_inst|fir_3k4_0002_rtl_core:\real_passthrough:hpfircore_core|altsyncram:u0_m0_wo0_cm14_lutmem_dmem" File: D:/intelFPGA_lite/test/FIR_3k4_lowpass/fir_3k4/fir_3k4_0002_rtl_core.vhd Line: 1290
Info (12133): Instantiated megafunction "FIR:u_FIR_0|fir_3k4:u_fir_3k4_0|fir_3k4_0002:fir_3k4_inst|fir_3k4_0002_ast:fir_3k4_0002_ast_inst|fir_3k4_0002_rtl_core:\real_passthrough:hpfircore_core|altsyncram:u0_m0_wo0_cm14_lutmem_dmem" with the following parameter: File: D:/intelFPGA_lite/test/FIR_3k4_lowpass/fir_3k4/fir_3k4_0002_rtl_core.vhd Line: 1290
    Info (12134): Parameter "address_aclr_a" = "UNUSED"
    Info (12134): Parameter "address_aclr_b" = "NONE"
    Info (12134): Parameter "address_reg_b" = "CLOCK1"
    Info (12134): Parameter "byte_size" = "8"
    Info (12134): Parameter "byteena_aclr_a" = "UNUSED"
    Info (12134): Parameter "byteena_aclr_b" = "NONE"
    Info (12134): Parameter "byteena_reg_b" = "CLOCK1"
    Info (12134): Parameter "clock_enable_core_a" = "USE_INPUT_CLKEN"
    Info (12134): Parameter "clock_enable_core_b" = "USE_INPUT_CLKEN"
    Info (12134): Parameter "clock_enable_input_a" = "NORMAL"
    Info (12134): Parameter "clock_enable_input_b" = "NORMAL"
    Info (12134): Parameter "clock_enable_output_a" = "NORMAL"
    Info (12134): Parameter "clock_enable_output_b" = "NORMAL"
    Info (12134): Parameter "intended_device_family" = "Cyclone IV E"
    Info (12134): Parameter "ecc_pipeline_stage_enabled" = "FALSE"
    Info (12134): Parameter "enable_ecc" = "FALSE"
    Info (12134): Parameter "implement_in_les" = "OFF"
    Info (12134): Parameter "indata_aclr_a" = "UNUSED"
    Info (12134): Parameter "indata_aclr_b" = "NONE"
    Info (12134): Parameter "indata_reg_b" = "CLOCK1"
    Info (12134): Parameter "init_file" = "fir_3k4_0002_rtl_core_u0_m0_wo0_cm14_lutmem.hex"
    Info (12134): Parameter "init_file_layout" = "PORT_A"
    Info (12134): Parameter "maximum_depth" = "0"
    Info (12134): Parameter "numwords_a" = "239"
    Info (12134): Parameter "numwords_b" = "0"
    Info (12134): Parameter "operation_mode" = "ROM"
    Info (12134): Parameter "outdata_aclr_a" = "CLEAR0"
    Info (12134): Parameter "outdata_aclr_b" = "NONE"
    Info (12134): Parameter "outdata_reg_a" = "CLOCK0"
    Info (12134): Parameter "outdata_reg_b" = "UNREGISTERED"
    Info (12134): Parameter "power_up_uninitialized" = "FALSE"
    Info (12134): Parameter "ram_block_type" = "M9K"
    Info (12134): Parameter "rdcontrol_aclr_b" = "NONE"
    Info (12134): Parameter "rdcontrol_reg_b" = "CLOCK1"
    Info (12134): Parameter "read_during_write_mode_mixed_ports" = "DONT_CARE"
    Info (12134): Parameter "read_during_write_mode_port_a" = "NEW_DATA_NO_NBE_READ"
    Info (12134): Parameter "read_during_write_mode_port_b" = "NEW_DATA_NO_NBE_READ"
    Info (12134): Parameter "stratixiv_m144k_allow_dual_clocks" = "ON"
    Info (12134): Parameter "width_a" = "8"
    Info (12134): Parameter "width_b" = "1"
    Info (12134): Parameter "width_byteena_a" = "1"
    Info (12134): Parameter "width_byteena_b" = "1"
    Info (12134): Parameter "width_eccstatus" = "3"
    Info (12134): Parameter "widthad_a" = "8"
    Info (12134): Parameter "widthad_b" = "1"
    Info (12134): Parameter "wrcontrol_aclr_a" = "UNUSED"
    Info (12134): Parameter "wrcontrol_aclr_b" = "NONE"
    Info (12134): Parameter "wrcontrol_wraddress_reg_b" = "CLOCK1"
    Info (12134): Parameter "lpm_hint" = "UNUSED"
    Info (12134): Parameter "lpm_type" = "altsyncram"
Info (12021): Found 1 design units, including 1 entities, in source file db/altsyncram_5kq3.tdf
    Info (12023): Found entity 1: altsyncram_5kq3 File: D:/intelFPGA_lite/test/FIR_3k4_lowpass/db/altsyncram_5kq3.tdf Line: 27
Info (12128): Elaborating entity "altsyncram_5kq3" for hierarchy "FIR:u_FIR_0|fir_3k4:u_fir_3k4_0|fir_3k4_0002:fir_3k4_inst|fir_3k4_0002_ast:fir_3k4_0002_ast_inst|fir_3k4_0002_rtl_core:\real_passthrough:hpfircore_core|altsyncram:u0_m0_wo0_cm14_lutmem_dmem|altsyncram_5kq3:auto_generated" File: d:/intelfpga_lite/17.1/quartus/libraries/megafunctions/altsyncram.tdf Line: 791
Info (12128): Elaborating entity "altsyncram" for hierarchy "FIR:u_FIR_0|fir_3k4:u_fir_3k4_0|fir_3k4_0002:fir_3k4_inst|fir_3k4_0002_ast:fir_3k4_0002_ast_inst|fir_3k4_0002_rtl_core:\real_passthrough:hpfircore_core|altsyncram:u0_m0_wo0_wi0_r0_memr17_dmem" File: D:/intelFPGA_lite/test/FIR_3k4_lowpass/fir_3k4/fir_3k4_0002_rtl_core.vhd Line: 1437
Info (12130): Elaborated megafunction instantiation "FIR:u_FIR_0|fir_3k4:u_fir_3k4_0|fir_3k4_0002:fir_3k4_inst|fir_3k4_0002_ast:fir_3k4_0002_ast_inst|fir_3k4_0002_rtl_core:\real_passthrough:hpfircore_core|altsyncram:u0_m0_wo0_wi0_r0_memr17_dmem" File: D:/intelFPGA_lite/test/FIR_3k4_lowpass/fir_3k4/fir_3k4_0002_rtl_core.vhd Line: 1437
Info (12133): Instantiated megafunction "FIR:u_FIR_0|fir_3k4:u_fir_3k4_0|fir_3k4_0002:fir_3k4_inst|fir_3k4_0002_ast:fir_3k4_0002_ast_inst|fir_3k4_0002_rtl_core:\real_passthrough:hpfircore_core|altsyncram:u0_m0_wo0_wi0_r0_memr17_dmem" with the following parameter: File: D:/intelFPGA_lite/test/FIR_3k4_lowpass/fir_3k4/fir_3k4_0002_rtl_core.vhd Line: 1437
    Info (12134): Parameter "address_aclr_a" = "UNUSED"
    Info (12134): Parameter "address_aclr_b" = "NONE"
    Info (12134): Parameter "address_reg_b" = "CLOCK0"
    Info (12134): Parameter "byte_size" = "8"
    Info (12134): Parameter "byteena_aclr_a" = "UNUSED"
    Info (12134): Parameter "byteena_aclr_b" = "NONE"
    Info (12134): Parameter "byteena_reg_b" = "CLOCK0"
    Info (12134): Parameter "clock_enable_core_a" = "USE_INPUT_CLKEN"
    Info (12134): Parameter "clock_enable_core_b" = "USE_INPUT_CLKEN"
    Info (12134): Parameter "clock_enable_input_a" = "NORMAL"
    Info (12134): Parameter "clock_enable_input_b" = "NORMAL"
    Info (12134): Parameter "clock_enable_output_a" = "NORMAL"
    Info (12134): Parameter "clock_enable_output_b" = "NORMAL"
    Info (12134): Parameter "intended_device_family" = "Cyclone IV E"
    Info (12134): Parameter "ecc_pipeline_stage_enabled" = "FALSE"
    Info (12134): Parameter "enable_ecc" = "FALSE"
    Info (12134): Parameter "implement_in_les" = "OFF"
    Info (12134): Parameter "indata_aclr_a" = "UNUSED"
    Info (12134): Parameter "indata_aclr_b" = "NONE"
    Info (12134): Parameter "indata_reg_b" = "CLOCK0"
    Info (12134): Parameter "init_file" = "UNUSED"
    Info (12134): Parameter "init_file_layout" = "PORT_A"
    Info (12134): Parameter "maximum_depth" = "0"
    Info (12134): Parameter "numwords_a" = "256"
    Info (12134): Parameter "numwords_b" = "256"
    Info (12134): Parameter "operation_mode" = "DUAL_PORT"
    Info (12134): Parameter "outdata_aclr_a" = "NONE"
    Info (12134): Parameter "outdata_aclr_b" = "NONE"
    Info (12134): Parameter "outdata_reg_a" = "UNREGISTERED"
    Info (12134): Parameter "outdata_reg_b" = "CLOCK0"
    Info (12134): Parameter "power_up_uninitialized" = "FALSE"
    Info (12134): Parameter "ram_block_type" = "M9K"
    Info (12134): Parameter "rdcontrol_aclr_b" = "NONE"
    Info (12134): Parameter "rdcontrol_reg_b" = "CLOCK0"
    Info (12134): Parameter "read_during_write_mode_mixed_ports" = "DONT_CARE"
    Info (12134): Parameter "read_during_write_mode_port_a" = "NEW_DATA_NO_NBE_READ"
    Info (12134): Parameter "read_during_write_mode_port_b" = "NEW_DATA_NO_NBE_READ"
    Info (12134): Parameter "stratixiv_m144k_allow_dual_clocks" = "ON"
    Info (12134): Parameter "width_a" = "32"
    Info (12134): Parameter "width_b" = "32"
    Info (12134): Parameter "width_byteena_a" = "1"
    Info (12134): Parameter "width_byteena_b" = "1"
    Info (12134): Parameter "width_eccstatus" = "3"
    Info (12134): Parameter "widthad_a" = "8"
    Info (12134): Parameter "widthad_b" = "8"
    Info (12134): Parameter "wrcontrol_aclr_a" = "UNUSED"
    Info (12134): Parameter "wrcontrol_aclr_b" = "NONE"
    Info (12134): Parameter "wrcontrol_wraddress_reg_b" = "CLOCK0"
    Info (12134): Parameter "lpm_hint" = "UNUSED"
    Info (12134): Parameter "lpm_type" = "altsyncram"
Info (12021): Found 1 design units, including 1 entities, in source file db/altsyncram_6pn3.tdf
    Info (12023): Found entity 1: altsyncram_6pn3 File: D:/intelFPGA_lite/test/FIR_3k4_lowpass/db/altsyncram_6pn3.tdf Line: 27
Info (12128): Elaborating entity "altsyncram_6pn3" for hierarchy "FIR:u_FIR_0|fir_3k4:u_fir_3k4_0|fir_3k4_0002:fir_3k4_inst|fir_3k4_0002_ast:fir_3k4_0002_ast_inst|fir_3k4_0002_rtl_core:\real_passthrough:hpfircore_core|altsyncram:u0_m0_wo0_wi0_r0_memr17_dmem|altsyncram_6pn3:auto_generated" File: d:/intelfpga_lite/17.1/quartus/libraries/megafunctions/altsyncram.tdf Line: 791
Info (12128): Elaborating entity "auk_dspip_roundsat_hpfir" for hierarchy "FIR:u_FIR_0|fir_3k4:u_fir_3k4_0|fir_3k4_0002:fir_3k4_inst|fir_3k4_0002_ast:fir_3k4_0002_ast_inst|auk_dspip_roundsat_hpfir:\real_passthrough:gen_outp_blk:0:outp_blk" File: D:/intelFPGA_lite/test/FIR_3k4_lowpass/fir_3k4/fir_3k4_0002_ast.vhd Line: 244
Info (13000): Registers with preset signals will power-up high File: D:/intelFPGA_lite/test/FIR_3k4_lowpass/fir_3k4/fir_3k4_0002_rtl_core.vhd Line: 458
Info (13003): DEV_CLRn pin will set, and not reset, register with preset signal due to NOT Gate Push-Back
Info (286030): Timing-Driven Synthesis is running
Info (17049): 5 registers lost all their fanouts during netlist optimizations.
Info (16010): Generating hard_block partition "hard_block:auto_generated_inst"
    Info (16011): Adding 1 node(s), including 0 DDIO, 1 PLL, 0 transceiver and 0 LCELL
Info (21057): Implemented 685 device resources after synthesis - the final resource count might be different
    Info (21058): Implemented 10 input pins
    Info (21059): Implemented 10 output pins
    Info (21061): Implemented 455 logic cells
    Info (21064): Implemented 200 RAM segments
    Info (21065): Implemented 1 PLLs
    Info (21062): Implemented 9 DSP elements
Info: Quartus Prime Analysis & Synthesis was successful. 0 errors, 5 warnings
    Info: Peak virtual memory: 4890 megabytes
    Info: Processing ended: Thu Jul 06 18:49:21 2023
    Info: Elapsed time: 00:01:09
    Info: Total CPU time (on all processors): 00:00:29


