Fitter report for FIR_3k4_lowpass
Thu Jul 06 18:49:25 2023
Quartus Prime Version 17.1.0 Build 590 10/25/2017 SJ Lite Edition


---------------------
; Table of Contents ;
---------------------
  1. Legal Notice
  2. Fitter Summary
  3. Fitter Settings
  4. Parallel Compilation
  5. Incremental Compilation Preservation Summary
  6. Incremental Compilation Partition Settings
  7. Incremental Compilation Placement Preservation
  8. Pin-Out File
  9. Fitter Resource Usage Summary
 10. Fitter Partition Statistics
 11. Input Pins
 12. Output Pins
 13. Dual Purpose and Dedicated Pins
 14. I/O Bank Usage
 15. All Package Pins
 16. PLL Summary
 17. PLL Usage
 18. I/O Assignment Warnings
 19. Fitter Resource Utilization by Entity
 20. Delay Chain Summary
 21. Pad To Core Delay Chain Fanout
 22. Control Signals
 23. Global & Other Fast Signals
 24. Fitter RAM Summary
 25. |FIR_3k4_lowpass|FIR:u_FIR_0|fir_3k4:u_fir_3k4_0|fir_3k4_0002:fir_3k4_inst|fir_3k4_0002_ast:fir_3k4_0002_ast_inst|fir_3k4_0002_rtl_core:\real_passthrough:hpfircore_core|altsyncram:u0_m0_wo0_cm13_lutmem_dmem|altsyncram_4kq3:auto_generated|ALTSYNCRAM
 26. |FIR_3k4_lowpass|FIR:u_FIR_0|fir_3k4:u_fir_3k4_0|fir_3k4_0002:fir_3k4_inst|fir_3k4_0002_ast:fir_3k4_0002_ast_inst|fir_3k4_0002_rtl_core:\real_passthrough:hpfircore_core|altsyncram:u0_m0_wo0_cm14_lutmem_dmem|altsyncram_5kq3:auto_generated|ALTSYNCRAM
 27. |FIR_3k4_lowpass|FIR:u_FIR_0|fir_3k4:u_fir_3k4_0|fir_3k4_0002:fir_3k4_inst|fir_3k4_0002_ast:fir_3k4_0002_ast_inst|fir_3k4_0002_rtl_core:\real_passthrough:hpfircore_core|altsyncram:u0_m0_wo0_cm6_lutmem_dmem|altsyncram_miq3:auto_generated|ALTSYNCRAM
 28. |FIR_3k4_lowpass|FIR:u_FIR_0|fir_3k4:u_fir_3k4_0|fir_3k4_0002:fir_3k4_inst|fir_3k4_0002_ast:fir_3k4_0002_ast_inst|fir_3k4_0002_rtl_core:\real_passthrough:hpfircore_core|altsyncram:u0_m0_wo0_cm8_lutmem_dmem|altsyncram_oiq3:auto_generated|ALTSYNCRAM
 29. |FIR_3k4_lowpass|FIR:u_FIR_0|fir_3k4:u_fir_3k4_0|fir_3k4_0002:fir_3k4_inst|fir_3k4_0002_ast:fir_3k4_0002_ast_inst|fir_3k4_0002_rtl_core:\real_passthrough:hpfircore_core|altsyncram:u0_m0_wo0_cm9_lutmem_dmem|altsyncram_piq3:auto_generated|ALTSYNCRAM
 30. |FIR_3k4_lowpass|FIR:u_FIR_0|fir_3k4:u_fir_3k4_0|fir_3k4_0002:fir_3k4_inst|fir_3k4_0002_ast:fir_3k4_0002_ast_inst|fir_3k4_0002_rtl_core:\real_passthrough:hpfircore_core|altsyncram:u0_m0_wo0_cm12_lutmem_dmem|altsyncram_3kq3:auto_generated|ALTSYNCRAM
 31. |FIR_3k4_lowpass|FIR:u_FIR_0|fir_3k4:u_fir_3k4_0|fir_3k4_0002:fir_3k4_inst|fir_3k4_0002_ast:fir_3k4_0002_ast_inst|fir_3k4_0002_rtl_core:\real_passthrough:hpfircore_core|altsyncram:u0_m0_wo0_cm11_lutmem_dmem|altsyncram_2kq3:auto_generated|ALTSYNCRAM
 32. |FIR_3k4_lowpass|FIR:u_FIR_0|fir_3k4:u_fir_3k4_0|fir_3k4_0002:fir_3k4_inst|fir_3k4_0002_ast:fir_3k4_0002_ast_inst|fir_3k4_0002_rtl_core:\real_passthrough:hpfircore_core|altsyncram:u0_m0_wo0_cm10_lutmem_dmem|altsyncram_1kq3:auto_generated|ALTSYNCRAM
 33. |FIR_3k4_lowpass|FIR:u_FIR_0|fir_3k4:u_fir_3k4_0|fir_3k4_0002:fir_3k4_inst|fir_3k4_0002_ast:fir_3k4_0002_ast_inst|fir_3k4_0002_rtl_core:\real_passthrough:hpfircore_core|altsyncram:u0_m0_wo0_cm7_lutmem_dmem|altsyncram_niq3:auto_generated|ALTSYNCRAM
 34. |FIR_3k4_lowpass|FIR:u_FIR_0|fir_3k4:u_fir_3k4_0|fir_3k4_0002:fir_3k4_inst|fir_3k4_0002_ast:fir_3k4_0002_ast_inst|fir_3k4_0002_rtl_core:\real_passthrough:hpfircore_core|altsyncram:u0_m0_wo0_wi0_r0_ra20_count1_lut_lutmem_dmem|altsyncram_3bs3:auto_generated|ALTSYNCRAM
 35. Fitter DSP Block Usage Summary
 36. DSP Block Details
 37. Routing Usage Summary
 38. LAB Logic Elements
 39. LAB-wide Signals
 40. LAB Signals Sourced
 41. LAB Signals Sourced Out
 42. LAB Distinct Inputs
 43. I/O Rules Summary
 44. I/O Rules Details
 45. I/O Rules Matrix
 46. Fitter Device Options
 47. Operating Settings and Conditions
 48. Estimated Delay Added for Hold Timing Summary
 49. Estimated Delay Added for Hold Timing Details
 50. Fitter Messages
 51. Fitter Suppressed Messages



----------------
; Legal Notice ;
----------------
Copyright (C) 2017  Intel Corporation. All rights reserved.
Your use of Intel Corporation's design tools, logic functions 
and other software and tools, and its AMPP partner logic 
functions, and any output files from any of the foregoing 
(including device programming or simulation files), and any 
associated documentation or information are expressly subject 
to the terms and conditions of the Intel Program License 
Subscription Agreement, the Intel Quartus Prime License Agreement,
the Intel FPGA IP License Agreement, or other applicable license
agreement, including, without limitation, that your use is for
the sole purpose of programming logic devices manufactured by
Intel and sold by Intel or its authorized distributors.  Please
refer to the applicable agreement for further details.



+----------------------------------------------------------------------------------+
; Fitter Summary                                                                   ;
+------------------------------------+---------------------------------------------+
; Fitter Status                      ; Successful - Thu Jul 06 18:49:25 2023       ;
; Quartus Prime Version              ; 17.1.0 Build 590 10/25/2017 SJ Lite Edition ;
; Revision Name                      ; FIR_3k4_lowpass                             ;
; Top-level Entity Name              ; FIR_3k4_lowpass                             ;
; Family                             ; Cyclone IV E                                ;
; Device                             ; EP4CE6F17C8                                 ;
; Timing Models                      ; Final                                       ;
; Total logic elements               ; 448 / 6,272 ( 7 % )                         ;
;     Total combinational functions  ; 323 / 6,272 ( 5 % )                         ;
;     Dedicated logic registers      ; 407 / 6,272 ( 6 % )                         ;
; Total registers                    ; 407                                         ;
; Total pins                         ; 20 / 180 ( 11 % )                           ;
; Total virtual pins                 ; 0                                           ;
; Total memory bits                  ; 49,840 / 276,480 ( 18 % )                   ;
; Embedded Multiplier 9-bit elements ; 9 / 30 ( 30 % )                             ;
; Total PLLs                         ; 1 / 2 ( 50 % )                              ;
+------------------------------------+---------------------------------------------+


+------------------------------------------------------------------------------------------------------------------------------------------------------------+
; Fitter Settings                                                                                                                                            ;
+----------------------------------------------------------------------------+---------------------------------------+---------------------------------------+
; Option                                                                     ; Setting                               ; Default Value                         ;
+----------------------------------------------------------------------------+---------------------------------------+---------------------------------------+
; Device                                                                     ; EP4CE6F17C8                           ;                                       ;
; Nominal Core Supply Voltage                                                ; 1.2V                                  ;                                       ;
; Minimum Core Junction Temperature                                          ; 0                                     ;                                       ;
; Maximum Core Junction Temperature                                          ; 85                                    ;                                       ;
; Fit Attempts to Skip                                                       ; 0                                     ; 0.0                                   ;
; Use smart compilation                                                      ; Off                                   ; Off                                   ;
; Enable parallel Assembler and TimeQuest Timing Analyzer during compilation ; On                                    ; On                                    ;
; Enable compact report table                                                ; Off                                   ; Off                                   ;
; Auto Merge PLLs                                                            ; On                                    ; On                                    ;
; Router Timing Optimization Level                                           ; Normal                                ; Normal                                ;
; Perform Clocking Topology Analysis During Routing                          ; Off                                   ; Off                                   ;
; Placement Effort Multiplier                                                ; 1.0                                   ; 1.0                                   ;
; Router Effort Multiplier                                                   ; 1.0                                   ; 1.0                                   ;
; Optimize Hold Timing                                                       ; All Paths                             ; All Paths                             ;
; Optimize Multi-Corner Timing                                               ; On                                    ; On                                    ;
; Power Optimization During Fitting                                          ; Normal compilation                    ; Normal compilation                    ;
; SSN Optimization                                                           ; Off                                   ; Off                                   ;
; Optimize Timing                                                            ; Normal compilation                    ; Normal compilation                    ;
; Optimize Timing for ECOs                                                   ; Off                                   ; Off                                   ;
; Regenerate Full Fit Report During ECO Compiles                             ; Off                                   ; Off                                   ;
; Optimize IOC Register Placement for Timing                                 ; Normal                                ; Normal                                ;
; Limit to One Fitting Attempt                                               ; Off                                   ; Off                                   ;
; Final Placement Optimizations                                              ; Automatically                         ; Automatically                         ;
; Fitter Aggressive Routability Optimizations                                ; Automatically                         ; Automatically                         ;
; Fitter Initial Placement Seed                                              ; 1                                     ; 1                                     ;
; Periphery to Core Placement and Routing Optimization                       ; Off                                   ; Off                                   ;
; PCI I/O                                                                    ; Off                                   ; Off                                   ;
; Weak Pull-Up Resistor                                                      ; Off                                   ; Off                                   ;
; Enable Bus-Hold Circuitry                                                  ; Off                                   ; Off                                   ;
; Auto Packed Registers                                                      ; Auto                                  ; Auto                                  ;
; Auto Delay Chains                                                          ; On                                    ; On                                    ;
; Auto Delay Chains for High Fanout Input Pins                               ; Off                                   ; Off                                   ;
; Allow Single-ended Buffer for Differential-XSTL Input                      ; Off                                   ; Off                                   ;
; Treat Bidirectional Pin as Output Pin                                      ; Off                                   ; Off                                   ;
; Perform Physical Synthesis for Combinational Logic for Fitting             ; Off                                   ; Off                                   ;
; Perform Physical Synthesis for Combinational Logic for Performance         ; Off                                   ; Off                                   ;
; Perform Register Duplication for Performance                               ; Off                                   ; Off                                   ;
; Perform Logic to Memory Mapping for Fitting                                ; Off                                   ; Off                                   ;
; Perform Register Retiming for Performance                                  ; Off                                   ; Off                                   ;
; Perform Asynchronous Signal Pipelining                                     ; Off                                   ; Off                                   ;
; Fitter Effort                                                              ; Auto Fit                              ; Auto Fit                              ;
; Physical Synthesis Effort Level                                            ; Normal                                ; Normal                                ;
; Logic Cell Insertion - Logic Duplication                                   ; Auto                                  ; Auto                                  ;
; Auto Register Duplication                                                  ; Auto                                  ; Auto                                  ;
; Auto Global Clock                                                          ; On                                    ; On                                    ;
; Auto Global Register Control Signals                                       ; On                                    ; On                                    ;
; Reserve all unused pins                                                    ; As input tri-stated with weak pull-up ; As input tri-stated with weak pull-up ;
; Synchronizer Identification                                                ; Auto                                  ; Auto                                  ;
; Enable Beneficial Skew Optimization                                        ; On                                    ; On                                    ;
; Optimize Design for Metastability                                          ; On                                    ; On                                    ;
; Force Fitter to Avoid Periphery Placement Warnings                         ; Off                                   ; Off                                   ;
; Enable input tri-state on active configuration pins in user mode           ; Off                                   ; Off                                   ;
+----------------------------------------------------------------------------+---------------------------------------+---------------------------------------+


+------------------------------------------+
; Parallel Compilation                     ;
+----------------------------+-------------+
; Processors                 ; Number      ;
+----------------------------+-------------+
; Number detected on machine ; 20          ;
; Maximum allowed            ; 14          ;
;                            ;             ;
; Average used               ; 1.22        ;
; Maximum used               ; 14          ;
;                            ;             ;
; Usage by Processor         ; % Time Used ;
;     Processor 1            ; 100.0%      ;
;     Processor 2            ;   2.3%      ;
;     Processor 3            ;   2.0%      ;
;     Processor 4            ;   1.9%      ;
;     Processor 5            ;   1.8%      ;
;     Processor 6            ;   1.7%      ;
;     Processor 7            ;   1.6%      ;
;     Processor 8            ;   1.6%      ;
;     Processors 9-14        ;   1.5%      ;
+----------------------------+-------------+


+---------------------------------------------------------------------------------------------------+
; Incremental Compilation Preservation Summary                                                      ;
+---------------------+---------------------+----------------------------+--------------------------+
; Type                ; Total [A + B]       ; From Design Partitions [A] ; From Rapid Recompile [B] ;
+---------------------+---------------------+----------------------------+--------------------------+
; Placement (by node) ;                     ;                            ;                          ;
;     -- Requested    ; 0.00 % ( 0 / 1002 ) ; 0.00 % ( 0 / 1002 )        ; 0.00 % ( 0 / 1002 )      ;
;     -- Achieved     ; 0.00 % ( 0 / 1002 ) ; 0.00 % ( 0 / 1002 )        ; 0.00 % ( 0 / 1002 )      ;
;                     ;                     ;                            ;                          ;
; Routing (by net)    ;                     ;                            ;                          ;
;     -- Requested    ; 0.00 % ( 0 / 0 )    ; 0.00 % ( 0 / 0 )           ; 0.00 % ( 0 / 0 )         ;
;     -- Achieved     ; 0.00 % ( 0 / 0 )    ; 0.00 % ( 0 / 0 )           ; 0.00 % ( 0 / 0 )         ;
+---------------------+---------------------+----------------------------+--------------------------+


+----------------------------------------------------------------------------------------------------------------------------------------------------------------------------------------+
; Incremental Compilation Partition Settings                                                                                                                                             ;
+--------------------------------+----------------+-------------------+-------------------------+------------------------+------------------------------+--------------------------------+
; Partition Name                 ; Partition Type ; Netlist Type Used ; Preservation Level Used ; Netlist Type Requested ; Preservation Level Requested ; Contents                       ;
+--------------------------------+----------------+-------------------+-------------------------+------------------------+------------------------------+--------------------------------+
; Top                            ; User-created   ; Source File       ; N/A                     ; Source File            ; N/A                          ;                                ;
; hard_block:auto_generated_inst ; Auto-generated ; Source File       ; N/A                     ; Source File            ; N/A                          ; hard_block:auto_generated_inst ;
+--------------------------------+----------------+-------------------+-------------------------+------------------------+------------------------------+--------------------------------+


+------------------------------------------------------------------------------------------------------------------------------------+
; Incremental Compilation Placement Preservation                                                                                     ;
+--------------------------------+-----------------------+-------------------------+-------------------+---------------------+-------+
; Partition Name                 ; Preservation Achieved ; Preservation Level Used ; Netlist Type Used ; Preservation Method ; Notes ;
+--------------------------------+-----------------------+-------------------------+-------------------+---------------------+-------+
; Top                            ; 0.00 % ( 0 / 990 )    ; N/A                     ; Source File       ; N/A                 ;       ;
; hard_block:auto_generated_inst ; 0.00 % ( 0 / 12 )     ; N/A                     ; Source File       ; N/A                 ;       ;
+--------------------------------+-----------------------+-------------------------+-------------------+---------------------+-------+


+--------------+
; Pin-Out File ;
+--------------+
The pin-out file can be found in D:/intelFPGA_lite/test/FIR_3k4_lowpass/output_files/FIR_3k4_lowpass.pin.


+-------------------------------------------------------------------------+
; Fitter Resource Usage Summary                                           ;
+---------------------------------------------+---------------------------+
; Resource                                    ; Usage                     ;
+---------------------------------------------+---------------------------+
; Total logic elements                        ; 448 / 6,272 ( 7 % )       ;
;     -- Combinational with no register       ; 41                        ;
;     -- Register only                        ; 125                       ;
;     -- Combinational with a register        ; 282                       ;
;                                             ;                           ;
; Logic element usage by number of LUT inputs ;                           ;
;     -- 4 input functions                    ; 18                        ;
;     -- 3 input functions                    ; 196                       ;
;     -- <=2 input functions                  ; 109                       ;
;     -- Register only                        ; 125                       ;
;                                             ;                           ;
; Logic elements by mode                      ;                           ;
;     -- normal mode                          ; 78                        ;
;     -- arithmetic mode                      ; 245                       ;
;                                             ;                           ;
; Total registers*                            ; 407 / 7,124 ( 6 % )       ;
;     -- Dedicated logic registers            ; 407 / 6,272 ( 6 % )       ;
;     -- I/O registers                        ; 0 / 852 ( 0 % )           ;
;                                             ;                           ;
; Total LABs:  partially or completely used   ; 50 / 392 ( 13 % )         ;
; Virtual pins                                ; 0                         ;
; I/O pins                                    ; 20 / 180 ( 11 % )         ;
;     -- Clock pins                           ; 1 / 3 ( 33 % )            ;
;     -- Dedicated input pins                 ; 0 / 9 ( 0 % )             ;
;                                             ;                           ;
; M9Ks                                        ; 10 / 30 ( 33 % )          ;
; Total block memory bits                     ; 49,840 / 276,480 ( 18 % ) ;
; Total block memory implementation bits      ; 92,160 / 276,480 ( 33 % ) ;
; Embedded Multiplier 9-bit elements          ; 9 / 30 ( 30 % )           ;
; PLLs                                        ; 1 / 2 ( 50 % )            ;
; Global signals                              ; 2                         ;
;     -- Global clocks                        ; 2 / 10 ( 20 % )           ;
; JTAGs                                       ; 0 / 1 ( 0 % )             ;
; CRC blocks                                  ; 0 / 1 ( 0 % )             ;
; ASMI blocks                                 ; 0 / 1 ( 0 % )             ;
; Oscillator blocks                           ; 0 / 1 ( 0 % )             ;
; Impedance control blocks                    ; 0 / 4 ( 0 % )             ;
; Average interconnect usage (total/H/V)      ; 2.5% / 2.7% / 2.3%        ;
; Peak interconnect usage (total/H/V)         ; 9.9% / 10.7% / 8.9%       ;
; Maximum fan-out                             ; 440                       ;
; Highest non-global fan-out                  ; 431                       ;
; Total fan-out                               ; 2608                      ;
; Average fan-out                             ; 2.90                      ;
+---------------------------------------------+---------------------------+
*  Register count does not include registers inside RAM blocks or DSP blocks.



+---------------------------------------------------------------------------------------------------+
; Fitter Partition Statistics                                                                       ;
+---------------------------------------------+--------------------+--------------------------------+
; Statistic                                   ; Top                ; hard_block:auto_generated_inst ;
+---------------------------------------------+--------------------+--------------------------------+
; Difficulty Clustering Region                ; Low                ; Low                            ;
;                                             ;                    ;                                ;
; Total logic elements                        ; 448 / 6272 ( 7 % ) ; 0 / 6272 ( 0 % )               ;
;     -- Combinational with no register       ; 41                 ; 0                              ;
;     -- Register only                        ; 125                ; 0                              ;
;     -- Combinational with a register        ; 282                ; 0                              ;
;                                             ;                    ;                                ;
; Logic element usage by number of LUT inputs ;                    ;                                ;
;     -- 4 input functions                    ; 18                 ; 0                              ;
;     -- 3 input functions                    ; 196                ; 0                              ;
;     -- <=2 input functions                  ; 109                ; 0                              ;
;     -- Register only                        ; 125                ; 0                              ;
;                                             ;                    ;                                ;
; Logic elements by mode                      ;                    ;                                ;
;     -- normal mode                          ; 78                 ; 0                              ;
;     -- arithmetic mode                      ; 245                ; 0                              ;
;                                             ;                    ;                                ;
; Total registers                             ; 407                ; 0                              ;
;     -- Dedicated logic registers            ; 407 / 6272 ( 6 % ) ; 0 / 6272 ( 0 % )               ;
;     -- I/O registers                        ; 0                  ; 0                              ;
;                                             ;                    ;                                ;
; Total LABs:  partially or completely used   ; 50 / 392 ( 13 % )  ; 0 / 392 ( 0 % )                ;
;                                             ;                    ;                                ;
; Virtual pins                                ; 0                  ; 0                              ;
; I/O pins                                    ; 20                 ; 0                              ;
; Embedded Multiplier 9-bit elements          ; 9 / 30 ( 30 % )    ; 0 / 30 ( 0 % )                 ;
; Total memory bits                           ; 49840              ; 0                              ;
; Total RAM block bits                        ; 92160              ; 0                              ;
; PLL                                         ; 0 / 2 ( 0 % )      ; 1 / 2 ( 50 % )                 ;
; M9K                                         ; 10 / 30 ( 33 % )   ; 0 / 30 ( 0 % )                 ;
; Clock control block                         ; 1 / 12 ( 8 % )     ; 1 / 12 ( 8 % )                 ;
;                                             ;                    ;                                ;
; Connections                                 ;                    ;                                ;
;     -- Input Connections                    ; 1                  ; 2                              ;
;     -- Registered Input Connections         ; 0                  ; 0                              ;
;     -- Output Connections                   ; 2                  ; 1                              ;
;     -- Registered Output Connections        ; 0                  ; 0                              ;
;                                             ;                    ;                                ;
; Internal Connections                        ;                    ;                                ;
;     -- Total Connections                    ; 2971               ; 10                             ;
;     -- Registered Connections               ; 1233               ; 0                              ;
;                                             ;                    ;                                ;
; External Connections                        ;                    ;                                ;
;     -- Top                                  ; 0                  ; 3                              ;
;     -- hard_block:auto_generated_inst       ; 3                  ; 0                              ;
;                                             ;                    ;                                ;
; Partition Interface                         ;                    ;                                ;
;     -- Input Ports                          ; 10                 ; 2                              ;
;     -- Output Ports                         ; 10                 ; 1                              ;
;     -- Bidir Ports                          ; 0                  ; 0                              ;
;                                             ;                    ;                                ;
; Registered Ports                            ;                    ;                                ;
;     -- Registered Input Ports               ; 0                  ; 0                              ;
;     -- Registered Output Ports              ; 0                  ; 0                              ;
;                                             ;                    ;                                ;
; Port Connectivity                           ;                    ;                                ;
;     -- Input Ports driven by GND            ; 0                  ; 0                              ;
;     -- Output Ports driven by GND           ; 0                  ; 0                              ;
;     -- Input Ports driven by VCC            ; 0                  ; 0                              ;
;     -- Output Ports driven by VCC           ; 0                  ; 0                              ;
;     -- Input Ports with no Source           ; 0                  ; 0                              ;
;     -- Output Ports with no Source          ; 0                  ; 0                              ;
;     -- Input Ports with no Fanout           ; 0                  ; 0                              ;
;     -- Output Ports with no Fanout          ; 0                  ; 0                              ;
+---------------------------------------------+--------------------+--------------------------------+


+-----------------------------------------------------------------------------------------------------------------------------------------------------------------------------------------------------------------------------------------------------------------------------------------------+
; Input Pins                                                                                                                                                                                                                                                                                    ;
+--------------+-------+----------+--------------+--------------+--------------+-----------------------+--------------------+--------+----------------+---------------+-----------------+----------+--------------+--------------+---------------------------+----------------------+-----------+
; Name         ; Pin # ; I/O Bank ; X coordinate ; Y coordinate ; Z coordinate ; Combinational Fan-Out ; Registered Fan-Out ; Global ; Input Register ; Power Up High ; PCI I/O Enabled ; Bus Hold ; Weak Pull Up ; I/O Standard ; Termination Control Block ; Location assigned by ; Slew Rate ;
+--------------+-------+----------+--------------+--------------+--------------+-----------------------+--------------------+--------+----------------+---------------+-----------------+----------+--------------+--------------+---------------------------+----------------------+-----------+
; adc_value[0] ; T5    ; 3        ; 9            ; 0            ; 0            ; 1                     ; 0                  ; no     ; no             ; no            ; yes             ; no       ; Off          ; 2.5 V        ; --                        ; User                 ; no        ;
; adc_value[1] ; R5    ; 3        ; 9            ; 0            ; 7            ; 1                     ; 0                  ; no     ; no             ; no            ; yes             ; no       ; Off          ; 2.5 V        ; --                        ; User                 ; no        ;
; adc_value[2] ; T4    ; 3        ; 5            ; 0            ; 14           ; 1                     ; 0                  ; no     ; no             ; no            ; yes             ; no       ; Off          ; 2.5 V        ; --                        ; User                 ; no        ;
; adc_value[3] ; R3    ; 3        ; 1            ; 0            ; 7            ; 1                     ; 0                  ; no     ; no             ; no            ; yes             ; no       ; Off          ; 2.5 V        ; --                        ; User                 ; no        ;
; adc_value[4] ; T3    ; 3        ; 1            ; 0            ; 0            ; 1                     ; 0                  ; no     ; no             ; no            ; yes             ; no       ; Off          ; 2.5 V        ; --                        ; User                 ; no        ;
; adc_value[5] ; P3    ; 3        ; 1            ; 0            ; 14           ; 1                     ; 0                  ; no     ; no             ; no            ; yes             ; no       ; Off          ; 2.5 V        ; --                        ; User                 ; no        ;
; adc_value[6] ; T2    ; 3        ; 3            ; 0            ; 0            ; 1                     ; 0                  ; no     ; no             ; no            ; yes             ; no       ; Off          ; 2.5 V        ; --                        ; User                 ; no        ;
; adc_value[7] ; M9    ; 4        ; 21           ; 0            ; 21           ; 1                     ; 0                  ; no     ; no             ; no            ; yes             ; no       ; Off          ; 2.5 V        ; --                        ; User                 ; no        ;
; clk_50M      ; E1    ; 1        ; 0            ; 11           ; 7            ; 442                   ; 0                  ; yes    ; no             ; no            ; yes             ; no       ; Off          ; 2.5 V        ; --                        ; User                 ; no        ;
; rst_n        ; N13   ; 5        ; 34           ; 2            ; 21           ; 431                   ; 0                  ; no     ; no             ; no            ; yes             ; no       ; Off          ; 2.5 V        ; --                        ; User                 ; no        ;
+--------------+-------+----------+--------------+--------------+--------------+-----------------------+--------------------+--------+----------------+---------------+-----------------+----------+--------------+--------------+---------------------------+----------------------+-----------+


+---------------------------------------------------------------------------------------------------------------------------------------------------------------------------------------------------------------------------------------------------------------------------------------------------------------------------------------------------------------------------------------------------------------------------------------------------------------+
; Output Pins                                                                                                                                                                                                                                                                                                                                                                                                                                                   ;
+--------------+-------+----------+--------------+--------------+--------------+-----------------+------------------------+---------------+-----------+-----------------+------------+---------------+----------+--------------+--------------+------------------+-----------------------------------+---------------------------+----------------------------+-----------------------------+----------------------+----------------------+---------------------+
; Name         ; Pin # ; I/O Bank ; X coordinate ; Y coordinate ; Z coordinate ; Output Register ; Output Enable Register ; Power Up High ; Slew Rate ; PCI I/O Enabled ; Open Drain ; TRI Primitive ; Bus Hold ; Weak Pull Up ; I/O Standard ; Current Strength ; Termination                       ; Termination Control Block ; Output Buffer Pre-emphasis ; Voltage Output Differential ; Location assigned by ; Output Enable Source ; Output Enable Group ;
+--------------+-------+----------+--------------+--------------+--------------+-----------------+------------------------+---------------+-----------+-----------------+------------+---------------+----------+--------------+--------------+------------------+-----------------------------------+---------------------------+----------------------------+-----------------------------+----------------------+----------------------+---------------------+
; adc_clk      ; L10   ; 4        ; 25           ; 0            ; 7            ; no              ; no                     ; no            ; 2         ; no              ; no         ; no            ; no       ; Off          ; 2.5 V        ; Default          ; Series 50 Ohm without Calibration ; --                        ; no                         ; no                          ; User                 ; -                    ; -                   ;
; dac_clk      ; T13   ; 4        ; 28           ; 0            ; 7            ; no              ; no                     ; no            ; 2         ; no              ; no         ; no            ; no       ; Off          ; 2.5 V        ; Default          ; Series 50 Ohm without Calibration ; --                        ; no                         ; no                          ; User                 ; -                    ; -                   ;
; dac_value[0] ; T9    ; 4        ; 18           ; 0            ; 14           ; no              ; no                     ; no            ; 2         ; no              ; no         ; no            ; no       ; Off          ; 2.5 V        ; Default          ; Series 50 Ohm without Calibration ; --                        ; no                         ; no                          ; User                 ; -                    ; -                   ;
; dac_value[1] ; R9    ; 4        ; 18           ; 0            ; 21           ; no              ; no                     ; no            ; 2         ; no              ; no         ; no            ; no       ; Off          ; 2.5 V        ; Default          ; Series 50 Ohm without Calibration ; --                        ; no                         ; no                          ; User                 ; -                    ; -                   ;
; dac_value[2] ; T10   ; 4        ; 21           ; 0            ; 0            ; no              ; no                     ; no            ; 2         ; no              ; no         ; no            ; no       ; Off          ; 2.5 V        ; Default          ; Series 50 Ohm without Calibration ; --                        ; no                         ; no                          ; User                 ; -                    ; -                   ;
; dac_value[3] ; R10   ; 4        ; 21           ; 0            ; 7            ; no              ; no                     ; no            ; 2         ; no              ; no         ; no            ; no       ; Off          ; 2.5 V        ; Default          ; Series 50 Ohm without Calibration ; --                        ; no                         ; no                          ; User                 ; -                    ; -                   ;
; dac_value[4] ; T11   ; 4        ; 23           ; 0            ; 7            ; no              ; no                     ; no            ; 2         ; no              ; no         ; no            ; no       ; Off          ; 2.5 V        ; Default          ; Series 50 Ohm without Calibration ; --                        ; no                         ; no                          ; User                 ; -                    ; -                   ;
; dac_value[5] ; R11   ; 4        ; 23           ; 0            ; 14           ; no              ; no                     ; no            ; 2         ; no              ; no         ; no            ; no       ; Off          ; 2.5 V        ; Default          ; Series 50 Ohm without Calibration ; --                        ; no                         ; no                          ; User                 ; -                    ; -                   ;
; dac_value[6] ; T12   ; 4        ; 25           ; 0            ; 21           ; no              ; no                     ; no            ; 2         ; no              ; no         ; no            ; no       ; Off          ; 2.5 V        ; Default          ; Series 50 Ohm without Calibration ; --                        ; no                         ; no                          ; User                 ; -                    ; -                   ;
; dac_value[7] ; R12   ; 4        ; 23           ; 0            ; 0            ; no              ; no                     ; no            ; 2         ; no              ; no         ; no            ; no       ; Off          ; 2.5 V        ; Default          ; Series 50 Ohm without Calibration ; --                        ; no                         ; no                          ; User                 ; -                    ; -                   ;
+--------------+-------+----------+--------------+--------------+--------------+-----------------+------------------------+---------------+-----------+-----------------+------------+---------------+----------+--------------+--------------+------------------+-----------------------------------+---------------------------+----------------------------+-----------------------------+----------------------+----------------------+---------------------+


+-------------------------------------------------------------------------------------------------------------------------+
; Dual Purpose and Dedicated Pins                                                                                         ;
+----------+-----------------------------+--------------------------+-------------------------+---------------------------+
; Location ; Pin Name                    ; Reserved As              ; User Signal Name        ; Pin Type                  ;
+----------+-----------------------------+--------------------------+-------------------------+---------------------------+
; C1       ; DIFFIO_L1n, DATA1, ASDO     ; As input tri-stated      ; ~ALTERA_ASDO_DATA1~     ; Dual Purpose Pin          ;
; D2       ; DIFFIO_L2p, FLASH_nCE, nCSO ; As input tri-stated      ; ~ALTERA_FLASH_nCE_nCSO~ ; Dual Purpose Pin          ;
; F4       ; nSTATUS                     ; -                        ; -                       ; Dedicated Programming Pin ;
; H1       ; DCLK                        ; As output driving ground ; ~ALTERA_DCLK~           ; Dual Purpose Pin          ;
; H2       ; DATA0                       ; As input tri-stated      ; ~ALTERA_DATA0~          ; Dual Purpose Pin          ;
; H5       ; nCONFIG                     ; -                        ; -                       ; Dedicated Programming Pin ;
; J3       ; nCE                         ; -                        ; -                       ; Dedicated Programming Pin ;
; H14      ; CONF_DONE                   ; -                        ; -                       ; Dedicated Programming Pin ;
; H13      ; MSEL0                       ; -                        ; -                       ; Dedicated Programming Pin ;
; H12      ; MSEL1                       ; -                        ; -                       ; Dedicated Programming Pin ;
; G12      ; MSEL2                       ; -                        ; -                       ; Dedicated Programming Pin ;
; G12      ; MSEL3                       ; -                        ; -                       ; Dedicated Programming Pin ;
; F16      ; DIFFIO_R3n, nCEO            ; Use as programming pin   ; ~ALTERA_nCEO~           ; Dual Purpose Pin          ;
+----------+-----------------------------+--------------------------+-------------------------+---------------------------+


+------------------------------------------------------------+
; I/O Bank Usage                                             ;
+----------+------------------+---------------+--------------+
; I/O Bank ; Usage            ; VCCIO Voltage ; VREF Voltage ;
+----------+------------------+---------------+--------------+
; 1        ; 5 / 17 ( 29 % )  ; 2.5V          ; --           ;
; 2        ; 0 / 19 ( 0 % )   ; 2.5V          ; --           ;
; 3        ; 7 / 26 ( 27 % )  ; 2.5V          ; --           ;
; 4        ; 11 / 27 ( 41 % ) ; 2.5V          ; --           ;
; 5        ; 1 / 25 ( 4 % )   ; 2.5V          ; --           ;
; 6        ; 1 / 14 ( 7 % )   ; 2.5V          ; --           ;
; 7        ; 0 / 26 ( 0 % )   ; 2.5V          ; --           ;
; 8        ; 0 / 26 ( 0 % )   ; 2.5V          ; --           ;
+----------+------------------+---------------+--------------+


+-----------------------------------------------------------------------------------------------------------------------------------------------------------------------------------------+
; All Package Pins                                                                                                                                                                        ;
+----------+------------+----------+-----------------------------------------------------------+--------+--------------+---------+------------+-----------------+----------+--------------+
; Location ; Pad Number ; I/O Bank ; Pin Name/Usage                                            ; Dir.   ; I/O Standard ; Voltage ; I/O Type   ; User Assignment ; Bus Hold ; Weak Pull Up ;
+----------+------------+----------+-----------------------------------------------------------+--------+--------------+---------+------------+-----------------+----------+--------------+
; A1       ;            ; 8        ; VCCIO8                                                    ; power  ;              ; 2.5V    ; --         ;                 ; --       ; --           ;
; A2       ; 194        ; 8        ; RESERVED_INPUT_WITH_WEAK_PULLUP                           ;        ;              ;         ; Column I/O ;                 ; no       ; On           ;
; A3       ; 200        ; 8        ; RESERVED_INPUT_WITH_WEAK_PULLUP                           ;        ;              ;         ; Column I/O ;                 ; no       ; On           ;
; A4       ; 196        ; 8        ; RESERVED_INPUT_WITH_WEAK_PULLUP                           ;        ;              ;         ; Column I/O ;                 ; no       ; On           ;
; A5       ; 192        ; 8        ; RESERVED_INPUT_WITH_WEAK_PULLUP                           ;        ;              ;         ; Column I/O ;                 ; no       ; On           ;
; A6       ; 188        ; 8        ; RESERVED_INPUT_WITH_WEAK_PULLUP                           ;        ;              ;         ; Column I/O ;                 ; no       ; On           ;
; A7       ; 183        ; 8        ; RESERVED_INPUT_WITH_WEAK_PULLUP                           ;        ;              ;         ; Column I/O ;                 ; no       ; On           ;
; A8       ; 177        ; 8        ; RESERVED_INPUT_WITH_WEAK_PULLUP                           ;        ;              ;         ; Column I/O ;                 ; no       ; On           ;
; A9       ; 175        ; 7        ; RESERVED_INPUT_WITH_WEAK_PULLUP                           ;        ;              ;         ; Column I/O ;                 ; no       ; On           ;
; A10      ; 168        ; 7        ; RESERVED_INPUT_WITH_WEAK_PULLUP                           ;        ;              ;         ; Column I/O ;                 ; no       ; On           ;
; A11      ; 161        ; 7        ; RESERVED_INPUT_WITH_WEAK_PULLUP                           ;        ;              ;         ; Column I/O ;                 ; no       ; On           ;
; A12      ; 159        ; 7        ; RESERVED_INPUT_WITH_WEAK_PULLUP                           ;        ;              ;         ; Column I/O ;                 ; no       ; On           ;
; A13      ; 153        ; 7        ; RESERVED_INPUT_WITH_WEAK_PULLUP                           ;        ;              ;         ; Column I/O ;                 ; no       ; On           ;
; A14      ; 155        ; 7        ; RESERVED_INPUT_WITH_WEAK_PULLUP                           ;        ;              ;         ; Column I/O ;                 ; no       ; On           ;
; A15      ; 167        ; 7        ; RESERVED_INPUT_WITH_WEAK_PULLUP                           ;        ;              ;         ; Column I/O ;                 ; no       ; On           ;
; A16      ;            ; 7        ; VCCIO7                                                    ; power  ;              ; 2.5V    ; --         ;                 ; --       ; --           ;
; B1       ; 3          ; 1        ; RESERVED_INPUT_WITH_WEAK_PULLUP                           ;        ;              ;         ; Row I/O    ;                 ; no       ; On           ;
; B2       ;            ;          ; GND                                                       ; gnd    ;              ;         ; --         ;                 ; --       ; --           ;
; B3       ; 201        ; 8        ; RESERVED_INPUT_WITH_WEAK_PULLUP                           ;        ;              ;         ; Column I/O ;                 ; no       ; On           ;
; B4       ; 197        ; 8        ; RESERVED_INPUT_WITH_WEAK_PULLUP                           ;        ;              ;         ; Column I/O ;                 ; no       ; On           ;
; B5       ; 195        ; 8        ; RESERVED_INPUT_WITH_WEAK_PULLUP                           ;        ;              ;         ; Column I/O ;                 ; no       ; On           ;
; B6       ; 189        ; 8        ; RESERVED_INPUT_WITH_WEAK_PULLUP                           ;        ;              ;         ; Column I/O ;                 ; no       ; On           ;
; B7       ; 184        ; 8        ; RESERVED_INPUT_WITH_WEAK_PULLUP                           ;        ;              ;         ; Column I/O ;                 ; no       ; On           ;
; B8       ; 178        ; 8        ; RESERVED_INPUT_WITH_WEAK_PULLUP                           ;        ;              ;         ; Column I/O ;                 ; no       ; On           ;
; B9       ; 176        ; 7        ; RESERVED_INPUT_WITH_WEAK_PULLUP                           ;        ;              ;         ; Column I/O ;                 ; no       ; On           ;
; B10      ; 169        ; 7        ; RESERVED_INPUT_WITH_WEAK_PULLUP                           ;        ;              ;         ; Column I/O ;                 ; no       ; On           ;
; B11      ; 162        ; 7        ; RESERVED_INPUT_WITH_WEAK_PULLUP                           ;        ;              ;         ; Column I/O ;                 ; no       ; On           ;
; B12      ; 160        ; 7        ; RESERVED_INPUT_WITH_WEAK_PULLUP                           ;        ;              ;         ; Column I/O ;                 ; no       ; On           ;
; B13      ; 154        ; 7        ; RESERVED_INPUT_WITH_WEAK_PULLUP                           ;        ;              ;         ; Column I/O ;                 ; no       ; On           ;
; B14      ; 156        ; 7        ; RESERVED_INPUT_WITH_WEAK_PULLUP                           ;        ;              ;         ; Column I/O ;                 ; no       ; On           ;
; B15      ;            ;          ; GND                                                       ; gnd    ;              ;         ; --         ;                 ; --       ; --           ;
; B16      ; 141        ; 6        ; RESERVED_INPUT_WITH_WEAK_PULLUP                           ;        ;              ;         ; Row I/O    ;                 ; no       ; On           ;
; C1       ; 5          ; 1        ; ~ALTERA_ASDO_DATA1~ / RESERVED_INPUT_WITH_WEAK_PULLUP     ; input  ; 2.5 V        ;         ; Row I/O    ; N               ; no       ; On           ;
; C2       ; 4          ; 1        ; RESERVED_INPUT_WITH_WEAK_PULLUP                           ;        ;              ;         ; Row I/O    ;                 ; no       ; On           ;
; C3       ; 202        ; 8        ; RESERVED_INPUT_WITH_WEAK_PULLUP                           ;        ;              ;         ; Column I/O ;                 ; no       ; On           ;
; C4       ;            ; 8        ; VCCIO8                                                    ; power  ;              ; 2.5V    ; --         ;                 ; --       ; --           ;
; C5       ;            ;          ; GND                                                       ; gnd    ;              ;         ; --         ;                 ; --       ; --           ;
; C6       ; 187        ; 8        ; RESERVED_INPUT_WITH_WEAK_PULLUP                           ;        ;              ;         ; Column I/O ;                 ; --       ; --           ;
; C7       ;            ; 8        ; VCCIO8                                                    ; power  ;              ; 2.5V    ; --         ;                 ; --       ; --           ;
; C8       ; 179        ; 8        ; RESERVED_INPUT_WITH_WEAK_PULLUP                           ;        ;              ;         ; Column I/O ;                 ; no       ; On           ;
; C9       ; 172        ; 7        ; RESERVED_INPUT_WITH_WEAK_PULLUP                           ;        ;              ;         ; Column I/O ;                 ; no       ; On           ;
; C10      ;            ; 7        ; VCCIO7                                                    ; power  ;              ; 2.5V    ; --         ;                 ; --       ; --           ;
; C11      ; 163        ; 7        ; RESERVED_INPUT_WITH_WEAK_PULLUP                           ;        ;              ;         ; Column I/O ;                 ; --       ; --           ;
; C12      ;            ;          ; GND                                                       ; gnd    ;              ;         ; --         ;                 ; --       ; --           ;
; C13      ;            ; 7        ; VCCIO7                                                    ; power  ;              ; 2.5V    ; --         ;                 ; --       ; --           ;
; C14      ; 149        ; 7        ; RESERVED_INPUT_WITH_WEAK_PULLUP                           ;        ;              ;         ; Column I/O ;                 ; no       ; On           ;
; C15      ; 147        ; 6        ; RESERVED_INPUT_WITH_WEAK_PULLUP                           ;        ;              ;         ; Row I/O    ;                 ; no       ; On           ;
; C16      ; 146        ; 6        ; RESERVED_INPUT_WITH_WEAK_PULLUP                           ;        ;              ;         ; Row I/O    ;                 ; no       ; On           ;
; D1       ; 8          ; 1        ; RESERVED_INPUT_WITH_WEAK_PULLUP                           ;        ;              ;         ; Row I/O    ;                 ; no       ; On           ;
; D2       ; 7          ; 1        ; ~ALTERA_FLASH_nCE_nCSO~ / RESERVED_INPUT_WITH_WEAK_PULLUP ; input  ; 2.5 V        ;         ; Row I/O    ; N               ; no       ; On           ;
; D3       ; 203        ; 8        ; RESERVED_INPUT_WITH_WEAK_PULLUP                           ;        ;              ;         ; Column I/O ;                 ; no       ; On           ;
; D4       ; 0          ; 1        ; RESERVED_INPUT_WITH_WEAK_PULLUP                           ;        ;              ;         ; Row I/O    ;                 ; no       ; On           ;
; D5       ; 198        ; 8        ; RESERVED_INPUT_WITH_WEAK_PULLUP                           ;        ;              ;         ; Column I/O ;                 ; no       ; On           ;
; D6       ; 199        ; 8        ; RESERVED_INPUT_WITH_WEAK_PULLUP                           ;        ;              ;         ; Column I/O ;                 ; no       ; On           ;
; D7       ;            ;          ; GND                                                       ; gnd    ;              ;         ; --         ;                 ; --       ; --           ;
; D8       ; 180        ; 8        ; RESERVED_INPUT_WITH_WEAK_PULLUP                           ;        ;              ;         ; Column I/O ;                 ; no       ; On           ;
; D9       ; 173        ; 7        ; RESERVED_INPUT_WITH_WEAK_PULLUP                           ;        ;              ;         ; Column I/O ;                 ; no       ; On           ;
; D10      ;            ;          ; GND                                                       ; gnd    ;              ;         ; --         ;                 ; --       ; --           ;
; D11      ; 151        ; 7        ; RESERVED_INPUT_WITH_WEAK_PULLUP                           ;        ;              ;         ; Column I/O ;                 ; no       ; On           ;
; D12      ; 152        ; 7        ; RESERVED_INPUT_WITH_WEAK_PULLUP                           ;        ;              ;         ; Column I/O ;                 ; no       ; On           ;
; D13      ;            ;          ; VCCD_PLL2                                                 ; power  ;              ; 1.2V    ; --         ;                 ; --       ; --           ;
; D14      ; 150        ; 7        ; RESERVED_INPUT_WITH_WEAK_PULLUP                           ;        ;              ;         ; Column I/O ;                 ; no       ; On           ;
; D15      ; 144        ; 6        ; RESERVED_INPUT_WITH_WEAK_PULLUP                           ;        ;              ;         ; Row I/O    ;                 ; no       ; On           ;
; D16      ; 143        ; 6        ; RESERVED_INPUT_WITH_WEAK_PULLUP                           ;        ;              ;         ; Row I/O    ;                 ; no       ; On           ;
; E1       ; 24         ; 1        ; clk_50M                                                   ; input  ; 2.5 V        ;         ; Row I/O    ; Y               ; no       ; Off          ;
; E2       ;            ;          ; GND                                                       ; gnd    ;              ;         ; --         ;                 ; --       ; --           ;
; E3       ;            ; 1        ; VCCIO1                                                    ; power  ;              ; 2.5V    ; --         ;                 ; --       ; --           ;
; E4       ;            ;          ; GND                                                       ; gnd    ;              ;         ; --         ;                 ; --       ; --           ;
; E5       ; 1          ; 1        ; RESERVED_INPUT_WITH_WEAK_PULLUP                           ;        ;              ;         ; Row I/O    ;                 ; no       ; On           ;
; E6       ; 191        ; 8        ; RESERVED_INPUT_WITH_WEAK_PULLUP                           ;        ;              ;         ; Column I/O ;                 ; no       ; On           ;
; E7       ; 190        ; 8        ; RESERVED_INPUT_WITH_WEAK_PULLUP                           ;        ;              ;         ; Column I/O ;                 ; no       ; On           ;
; E8       ; 181        ; 8        ; RESERVED_INPUT_WITH_WEAK_PULLUP                           ;        ;              ;         ; Column I/O ;                 ; no       ; On           ;
; E9       ; 174        ; 7        ; RESERVED_INPUT_WITH_WEAK_PULLUP                           ;        ;              ;         ; Column I/O ;                 ; no       ; On           ;
; E10      ; 158        ; 7        ; RESERVED_INPUT_WITH_WEAK_PULLUP                           ;        ;              ;         ; Column I/O ;                 ; no       ; On           ;
; E11      ; 157        ; 7        ; RESERVED_INPUT_WITH_WEAK_PULLUP                           ;        ;              ;         ; Column I/O ;                 ; no       ; On           ;
; E12      ;            ;          ; GNDA2                                                     ; gnd    ;              ;         ; --         ;                 ; --       ; --           ;
; E13      ;            ;          ; GND                                                       ; gnd    ;              ;         ; --         ;                 ; --       ; --           ;
; E14      ;            ; 6        ; VCCIO6                                                    ; power  ;              ; 2.5V    ; --         ;                 ; --       ; --           ;
; E15      ; 128        ; 6        ; GND+                                                      ;        ;              ;         ; Row I/O    ;                 ; --       ; --           ;
; E16      ; 127        ; 6        ; GND+                                                      ;        ;              ;         ; Row I/O    ;                 ; --       ; --           ;
; F1       ; 12         ; 1        ; RESERVED_INPUT_WITH_WEAK_PULLUP                           ;        ;              ;         ; Row I/O    ;                 ; no       ; On           ;
; F2       ; 11         ; 1        ; RESERVED_INPUT_WITH_WEAK_PULLUP                           ;        ;              ;         ; Row I/O    ;                 ; no       ; On           ;
; F3       ; 6          ; 1        ; RESERVED_INPUT_WITH_WEAK_PULLUP                           ;        ;              ;         ; Row I/O    ;                 ; --       ; --           ;
; F4       ; 9          ; 1        ; ^nSTATUS                                                  ;        ;              ;         ; --         ;                 ; --       ; --           ;
; F5       ; 2          ; 1        ; RESERVED_INPUT_WITH_WEAK_PULLUP                           ;        ;              ;         ; Row I/O    ;                 ; no       ; On           ;
; F6       ; 185        ; 8        ; RESERVED_INPUT_WITH_WEAK_PULLUP                           ;        ;              ;         ; Column I/O ;                 ; no       ; On           ;
; F7       ; 186        ; 8        ; RESERVED_INPUT_WITH_WEAK_PULLUP                           ;        ;              ;         ; Column I/O ;                 ; no       ; On           ;
; F8       ; 182        ; 8        ; RESERVED_INPUT_WITH_WEAK_PULLUP                           ;        ;              ;         ; Column I/O ;                 ; no       ; On           ;
; F9       ; 165        ; 7        ; RESERVED_INPUT_WITH_WEAK_PULLUP                           ;        ;              ;         ; Column I/O ;                 ; no       ; On           ;
; F10      ; 164        ; 7        ; RESERVED_INPUT_WITH_WEAK_PULLUP                           ;        ;              ;         ; Column I/O ;                 ; no       ; On           ;
; F11      ; 166        ; 7        ; RESERVED_INPUT_WITH_WEAK_PULLUP                           ;        ;              ;         ; Column I/O ;                 ; no       ; On           ;
; F12      ;            ; --       ; VCCA2                                                     ; power  ;              ; 2.5V    ; --         ;                 ; --       ; --           ;
; F13      ; 138        ; 6        ; RESERVED_INPUT_WITH_WEAK_PULLUP                           ;        ;              ;         ; Row I/O    ;                 ; no       ; On           ;
; F14      ; 142        ; 6        ; RESERVED_INPUT_WITH_WEAK_PULLUP                           ;        ;              ;         ; Row I/O    ;                 ; --       ; --           ;
; F15      ; 140        ; 6        ; RESERVED_INPUT_WITH_WEAK_PULLUP                           ;        ;              ;         ; Row I/O    ;                 ; no       ; On           ;
; F16      ; 139        ; 6        ; ~ALTERA_nCEO~ / RESERVED_OUTPUT_OPEN_DRAIN                ; output ; 2.5 V        ;         ; Row I/O    ; N               ; no       ; Off          ;
; G1       ; 14         ; 1        ; RESERVED_INPUT_WITH_WEAK_PULLUP                           ;        ;              ;         ; Row I/O    ;                 ; no       ; On           ;
; G2       ; 13         ; 1        ; RESERVED_INPUT_WITH_WEAK_PULLUP                           ;        ;              ;         ; Row I/O    ;                 ; no       ; On           ;
; G3       ;            ; 1        ; VCCIO1                                                    ; power  ;              ; 2.5V    ; --         ;                 ; --       ; --           ;
; G4       ;            ;          ; GND                                                       ; gnd    ;              ;         ; --         ;                 ; --       ; --           ;
; G5       ; 10         ; 1        ; RESERVED_INPUT_WITH_WEAK_PULLUP                           ;        ;              ;         ; Row I/O    ;                 ; no       ; On           ;
; G6       ;            ;          ; VCCINT                                                    ; power  ;              ; 1.2V    ; --         ;                 ; --       ; --           ;
; G7       ;            ;          ; VCCINT                                                    ; power  ;              ; 1.2V    ; --         ;                 ; --       ; --           ;
; G8       ;            ;          ; VCCINT                                                    ; power  ;              ; 1.2V    ; --         ;                 ; --       ; --           ;
; G9       ;            ;          ; VCCINT                                                    ; power  ;              ; 1.2V    ; --         ;                 ; --       ; --           ;
; G10      ;            ;          ; VCCINT                                                    ; power  ;              ; 1.2V    ; --         ;                 ; --       ; --           ;
; G11      ; 145        ; 6        ; RESERVED_INPUT_WITH_WEAK_PULLUP                           ;        ;              ;         ; Row I/O    ;                 ; no       ; On           ;
; G12      ; 132        ; 6        ; ^MSEL2                                                    ;        ;              ;         ; --         ;                 ; --       ; --           ;
; G12      ; 133        ; 6        ; ^MSEL3                                                    ;        ;              ;         ; --         ;                 ; --       ; --           ;
; G13      ;            ;          ; GND                                                       ; gnd    ;              ;         ; --         ;                 ; --       ; --           ;
; G14      ;            ; 6        ; VCCIO6                                                    ; power  ;              ; 2.5V    ; --         ;                 ; --       ; --           ;
; G15      ; 137        ; 6        ; RESERVED_INPUT_WITH_WEAK_PULLUP                           ;        ;              ;         ; Row I/O    ;                 ; no       ; On           ;
; G16      ; 136        ; 6        ; RESERVED_INPUT_WITH_WEAK_PULLUP                           ;        ;              ;         ; Row I/O    ;                 ; no       ; On           ;
; H1       ; 15         ; 1        ; ~ALTERA_DCLK~                                             ; output ; 2.5 V        ;         ; Row I/O    ; N               ; no       ; On           ;
; H2       ; 16         ; 1        ; ~ALTERA_DATA0~ / RESERVED_INPUT_WITH_WEAK_PULLUP          ; input  ; 2.5 V        ;         ; Row I/O    ; N               ; no       ; On           ;
; H3       ; 19         ; 1        ; #TCK                                                      ; input  ;              ;         ; --         ;                 ; --       ; --           ;
; H4       ; 18         ; 1        ; #TDI                                                      ; input  ;              ;         ; --         ;                 ; --       ; --           ;
; H5       ; 17         ; 1        ; ^nCONFIG                                                  ;        ;              ;         ; --         ;                 ; --       ; --           ;
; H6       ;            ;          ; VCCINT                                                    ; power  ;              ; 1.2V    ; --         ;                 ; --       ; --           ;
; H7       ;            ;          ; GND                                                       ; gnd    ;              ;         ; --         ;                 ; --       ; --           ;
; H8       ;            ;          ; GND                                                       ; gnd    ;              ;         ; --         ;                 ; --       ; --           ;
; H9       ;            ;          ; GND                                                       ; gnd    ;              ;         ; --         ;                 ; --       ; --           ;
; H10      ;            ;          ; GND                                                       ; gnd    ;              ;         ; --         ;                 ; --       ; --           ;
; H11      ;            ;          ; VCCINT                                                    ; power  ;              ; 1.2V    ; --         ;                 ; --       ; --           ;
; H12      ; 131        ; 6        ; ^MSEL1                                                    ;        ;              ;         ; --         ;                 ; --       ; --           ;
; H13      ; 130        ; 6        ; ^MSEL0                                                    ;        ;              ;         ; --         ;                 ; --       ; --           ;
; H14      ; 129        ; 6        ; ^CONF_DONE                                                ;        ;              ;         ; --         ;                 ; --       ; --           ;
; H15      ;            ;          ; GND                                                       ; gnd    ;              ;         ; --         ;                 ; --       ; --           ;
; H16      ;            ;          ; GND                                                       ; gnd    ;              ;         ; --         ;                 ; --       ; --           ;
; J1       ; 28         ; 2        ; RESERVED_INPUT_WITH_WEAK_PULLUP                           ;        ;              ;         ; Row I/O    ;                 ; no       ; On           ;
; J2       ; 27         ; 2        ; RESERVED_INPUT_WITH_WEAK_PULLUP                           ;        ;              ;         ; Row I/O    ;                 ; no       ; On           ;
; J3       ; 22         ; 1        ; ^nCE                                                      ;        ;              ;         ; --         ;                 ; --       ; --           ;
; J4       ; 21         ; 1        ; #TDO                                                      ; output ;              ;         ; --         ;                 ; --       ; --           ;
; J5       ; 20         ; 1        ; #TMS                                                      ; input  ;              ;         ; --         ;                 ; --       ; --           ;
; J6       ; 29         ; 2        ; RESERVED_INPUT_WITH_WEAK_PULLUP                           ;        ;              ;         ; Row I/O    ;                 ; no       ; On           ;
; J7       ;            ;          ; GND                                                       ; gnd    ;              ;         ; --         ;                 ; --       ; --           ;
; J8       ;            ;          ; GND                                                       ; gnd    ;              ;         ; --         ;                 ; --       ; --           ;
; J9       ;            ;          ; GND                                                       ; gnd    ;              ;         ; --         ;                 ; --       ; --           ;
; J10      ;            ;          ; GND                                                       ; gnd    ;              ;         ; --         ;                 ; --       ; --           ;
; J11      ; 117        ; 5        ; RESERVED_INPUT_WITH_WEAK_PULLUP                           ;        ;              ;         ; Row I/O    ;                 ; no       ; On           ;
; J12      ; 123        ; 5        ; RESERVED_INPUT_WITH_WEAK_PULLUP                           ;        ;              ;         ; Row I/O    ;                 ; no       ; On           ;
; J13      ; 124        ; 5        ; RESERVED_INPUT_WITH_WEAK_PULLUP                           ;        ;              ;         ; Row I/O    ;                 ; no       ; On           ;
; J14      ; 122        ; 5        ; RESERVED_INPUT_WITH_WEAK_PULLUP                           ;        ;              ;         ; Row I/O    ;                 ; no       ; On           ;
; J15      ; 121        ; 5        ; RESERVED_INPUT_WITH_WEAK_PULLUP                           ;        ;              ;         ; Row I/O    ;                 ; no       ; On           ;
; J16      ; 120        ; 5        ; RESERVED_INPUT_WITH_WEAK_PULLUP                           ;        ;              ;         ; Row I/O    ;                 ; no       ; On           ;
; K1       ; 33         ; 2        ; RESERVED_INPUT_WITH_WEAK_PULLUP                           ;        ;              ;         ; Row I/O    ;                 ; no       ; On           ;
; K2       ; 32         ; 2        ; RESERVED_INPUT_WITH_WEAK_PULLUP                           ;        ;              ;         ; Row I/O    ;                 ; no       ; On           ;
; K3       ;            ; 2        ; VCCIO2                                                    ; power  ;              ; 2.5V    ; --         ;                 ; --       ; --           ;
; K4       ;            ;          ; GND                                                       ; gnd    ;              ;         ; --         ;                 ; --       ; --           ;
; K5       ; 39         ; 2        ; RESERVED_INPUT_WITH_WEAK_PULLUP                           ;        ;              ;         ; Row I/O    ;                 ; no       ; On           ;
; K6       ; 30         ; 2        ; RESERVED_INPUT_WITH_WEAK_PULLUP                           ;        ;              ;         ; Row I/O    ;                 ; no       ; On           ;
; K7       ;            ;          ; VCCINT                                                    ; power  ;              ; 1.2V    ; --         ;                 ; --       ; --           ;
; K8       ; 60         ; 3        ; RESERVED_INPUT_WITH_WEAK_PULLUP                           ;        ;              ;         ; Column I/O ;                 ; no       ; On           ;
; K9       ; 76         ; 4        ; RESERVED_INPUT_WITH_WEAK_PULLUP                           ;        ;              ;         ; Column I/O ;                 ; no       ; On           ;
; K10      ; 87         ; 4        ; RESERVED_INPUT_WITH_WEAK_PULLUP                           ;        ;              ;         ; Column I/O ;                 ; no       ; On           ;
; K11      ; 110        ; 5        ; RESERVED_INPUT_WITH_WEAK_PULLUP                           ;        ;              ;         ; Row I/O    ;                 ; no       ; On           ;
; K12      ; 105        ; 5        ; RESERVED_INPUT_WITH_WEAK_PULLUP                           ;        ;              ;         ; Row I/O    ;                 ; no       ; On           ;
; K13      ;            ;          ; GND                                                       ; gnd    ;              ;         ; --         ;                 ; --       ; --           ;
; K14      ;            ; 5        ; VCCIO5                                                    ; power  ;              ; 2.5V    ; --         ;                 ; --       ; --           ;
; K15      ; 119        ; 5        ; RESERVED_INPUT_WITH_WEAK_PULLUP                           ;        ;              ;         ; Row I/O    ;                 ; no       ; On           ;
; K16      ; 118        ; 5        ; RESERVED_INPUT_WITH_WEAK_PULLUP                           ;        ;              ;         ; Row I/O    ;                 ; no       ; On           ;
; L1       ; 35         ; 2        ; RESERVED_INPUT_WITH_WEAK_PULLUP                           ;        ;              ;         ; Row I/O    ;                 ; no       ; On           ;
; L2       ; 34         ; 2        ; RESERVED_INPUT_WITH_WEAK_PULLUP                           ;        ;              ;         ; Row I/O    ;                 ; no       ; On           ;
; L3       ; 36         ; 2        ; RESERVED_INPUT_WITH_WEAK_PULLUP                           ;        ;              ;         ; Row I/O    ;                 ; --       ; --           ;
; L4       ; 40         ; 2        ; RESERVED_INPUT_WITH_WEAK_PULLUP                           ;        ;              ;         ; Row I/O    ;                 ; no       ; On           ;
; L5       ;            ; --       ; VCCA1                                                     ; power  ;              ; 2.5V    ; --         ;                 ; --       ; --           ;
; L6       ; 31         ; 2        ; RESERVED_INPUT_WITH_WEAK_PULLUP                           ;        ;              ;         ; Row I/O    ;                 ; no       ; On           ;
; L7       ; 65         ; 3        ; RESERVED_INPUT_WITH_WEAK_PULLUP                           ;        ;              ;         ; Column I/O ;                 ; no       ; On           ;
; L8       ; 68         ; 3        ; RESERVED_INPUT_WITH_WEAK_PULLUP                           ;        ;              ;         ; Column I/O ;                 ; no       ; On           ;
; L9       ; 77         ; 4        ; RESERVED_INPUT_WITH_WEAK_PULLUP                           ;        ;              ;         ; Column I/O ;                 ; no       ; On           ;
; L10      ; 88         ; 4        ; adc_clk                                                   ; output ; 2.5 V        ;         ; Column I/O ; Y               ; no       ; Off          ;
; L11      ; 99         ; 4        ; RESERVED_INPUT_WITH_WEAK_PULLUP                           ;        ;              ;         ; Column I/O ;                 ; no       ; On           ;
; L12      ; 104        ; 5        ; RESERVED_INPUT_WITH_WEAK_PULLUP                           ;        ;              ;         ; Row I/O    ;                 ; no       ; On           ;
; L13      ; 114        ; 5        ; RESERVED_INPUT_WITH_WEAK_PULLUP                           ;        ;              ;         ; Row I/O    ;                 ; no       ; On           ;
; L14      ; 113        ; 5        ; RESERVED_INPUT_WITH_WEAK_PULLUP                           ;        ;              ;         ; Row I/O    ;                 ; --       ; --           ;
; L15      ; 116        ; 5        ; RESERVED_INPUT_WITH_WEAK_PULLUP                           ;        ;              ;         ; Row I/O    ;                 ; no       ; On           ;
; L16      ; 115        ; 5        ; RESERVED_INPUT_WITH_WEAK_PULLUP                           ;        ;              ;         ; Row I/O    ;                 ; no       ; On           ;
; M1       ; 26         ; 2        ; GND+                                                      ;        ;              ;         ; Row I/O    ;                 ; --       ; --           ;
; M2       ; 25         ; 2        ; GND+                                                      ;        ;              ;         ; Row I/O    ;                 ; --       ; --           ;
; M3       ;            ; 2        ; VCCIO2                                                    ; power  ;              ; 2.5V    ; --         ;                 ; --       ; --           ;
; M4       ;            ;          ; GND                                                       ; gnd    ;              ;         ; --         ;                 ; --       ; --           ;
; M5       ;            ;          ; GNDA1                                                     ; gnd    ;              ;         ; --         ;                 ; --       ; --           ;
; M6       ; 57         ; 3        ; RESERVED_INPUT_WITH_WEAK_PULLUP                           ;        ;              ;         ; Column I/O ;                 ; no       ; On           ;
; M7       ; 59         ; 3        ; RESERVED_INPUT_WITH_WEAK_PULLUP                           ;        ;              ;         ; Column I/O ;                 ; no       ; On           ;
; M8       ; 69         ; 3        ; RESERVED_INPUT_WITH_WEAK_PULLUP                           ;        ;              ;         ; Column I/O ;                 ; no       ; On           ;
; M9       ; 78         ; 4        ; adc_value[7]                                              ; input  ; 2.5 V        ;         ; Column I/O ; Y               ; no       ; Off          ;
; M10      ; 93         ; 4        ; RESERVED_INPUT_WITH_WEAK_PULLUP                           ;        ;              ;         ; Column I/O ;                 ; no       ; On           ;
; M11      ; 100        ; 4        ; RESERVED_INPUT_WITH_WEAK_PULLUP                           ;        ;              ;         ; Column I/O ;                 ; no       ; On           ;
; M12      ; 103        ; 5        ; RESERVED_INPUT_WITH_WEAK_PULLUP                           ;        ;              ;         ; Row I/O    ;                 ; no       ; On           ;
; M13      ;            ;          ; GND                                                       ; gnd    ;              ;         ; --         ;                 ; --       ; --           ;
; M14      ;            ; 5        ; VCCIO5                                                    ; power  ;              ; 2.5V    ; --         ;                 ; --       ; --           ;
; M15      ; 126        ; 5        ; GND+                                                      ;        ;              ;         ; Row I/O    ;                 ; --       ; --           ;
; M16      ; 125        ; 5        ; GND+                                                      ;        ;              ;         ; Row I/O    ;                 ; --       ; --           ;
; N1       ; 38         ; 2        ; RESERVED_INPUT_WITH_WEAK_PULLUP                           ;        ;              ;         ; Row I/O    ;                 ; no       ; On           ;
; N2       ; 37         ; 2        ; RESERVED_INPUT_WITH_WEAK_PULLUP                           ;        ;              ;         ; Row I/O    ;                 ; no       ; On           ;
; N3       ; 45         ; 3        ; RESERVED_INPUT_WITH_WEAK_PULLUP                           ;        ;              ;         ; Column I/O ;                 ; no       ; On           ;
; N4       ;            ;          ; VCCD_PLL1                                                 ; power  ;              ; 1.2V    ; --         ;                 ; --       ; --           ;
; N5       ; 55         ; 3        ; RESERVED_INPUT_WITH_WEAK_PULLUP                           ;        ;              ;         ; Column I/O ;                 ; no       ; On           ;
; N6       ; 56         ; 3        ; RESERVED_INPUT_WITH_WEAK_PULLUP                           ;        ;              ;         ; Column I/O ;                 ; no       ; On           ;
; N7       ;            ;          ; GND                                                       ; gnd    ;              ;         ; --         ;                 ; --       ; --           ;
; N8       ; 70         ; 3        ; RESERVED_INPUT_WITH_WEAK_PULLUP                           ;        ;              ;         ; Column I/O ;                 ; no       ; On           ;
; N9       ; 79         ; 4        ; RESERVED_INPUT_WITH_WEAK_PULLUP                           ;        ;              ;         ; Column I/O ;                 ; no       ; On           ;
; N10      ;            ;          ; GND                                                       ; gnd    ;              ;         ; --         ;                 ; --       ; --           ;
; N11      ; 94         ; 4        ; RESERVED_INPUT_WITH_WEAK_PULLUP                           ;        ;              ;         ; Column I/O ;                 ; no       ; On           ;
; N12      ; 101        ; 4        ; RESERVED_INPUT_WITH_WEAK_PULLUP                           ;        ;              ;         ; Column I/O ;                 ; no       ; On           ;
; N13      ; 102        ; 5        ; rst_n                                                     ; input  ; 2.5 V        ;         ; Row I/O    ; Y               ; no       ; Off          ;
; N14      ; 106        ; 5        ; RESERVED_INPUT_WITH_WEAK_PULLUP                           ;        ;              ;         ; Row I/O    ;                 ; no       ; On           ;
; N15      ; 112        ; 5        ; RESERVED_INPUT_WITH_WEAK_PULLUP                           ;        ;              ;         ; Row I/O    ;                 ; no       ; On           ;
; N16      ; 111        ; 5        ; RESERVED_INPUT_WITH_WEAK_PULLUP                           ;        ;              ;         ; Row I/O    ;                 ; no       ; On           ;
; P1       ; 44         ; 2        ; RESERVED_INPUT_WITH_WEAK_PULLUP                           ;        ;              ;         ; Row I/O    ;                 ; no       ; On           ;
; P2       ; 43         ; 2        ; RESERVED_INPUT_WITH_WEAK_PULLUP                           ;        ;              ;         ; Row I/O    ;                 ; no       ; On           ;
; P3       ; 46         ; 3        ; adc_value[5]                                              ; input  ; 2.5 V        ;         ; Column I/O ; Y               ; no       ; Off          ;
; P4       ;            ; 3        ; VCCIO3                                                    ; power  ;              ; 2.5V    ; --         ;                 ; --       ; --           ;
; P5       ;            ;          ; GND                                                       ; gnd    ;              ;         ; --         ;                 ; --       ; --           ;
; P6       ; 58         ; 3        ; RESERVED_INPUT_WITH_WEAK_PULLUP                           ;        ;              ;         ; Column I/O ;                 ; --       ; --           ;
; P7       ;            ; 3        ; VCCIO3                                                    ; power  ;              ; 2.5V    ; --         ;                 ; --       ; --           ;
; P8       ; 71         ; 3        ; RESERVED_INPUT_WITH_WEAK_PULLUP                           ;        ;              ;         ; Column I/O ;                 ; no       ; On           ;
; P9       ; 89         ; 4        ; RESERVED_INPUT_WITH_WEAK_PULLUP                           ;        ;              ;         ; Column I/O ;                 ; no       ; On           ;
; P10      ;            ; 4        ; VCCIO4                                                    ; power  ;              ; 2.5V    ; --         ;                 ; --       ; --           ;
; P11      ; 90         ; 4        ; RESERVED_INPUT_WITH_WEAK_PULLUP                           ;        ;              ;         ; Column I/O ;                 ; --       ; --           ;
; P12      ;            ;          ; GND                                                       ; gnd    ;              ;         ; --         ;                 ; --       ; --           ;
; P13      ;            ; 4        ; VCCIO4                                                    ; power  ;              ; 2.5V    ; --         ;                 ; --       ; --           ;
; P14      ; 98         ; 4        ; RESERVED_INPUT_WITH_WEAK_PULLUP                           ;        ;              ;         ; Column I/O ;                 ; no       ; On           ;
; P15      ; 107        ; 5        ; RESERVED_INPUT_WITH_WEAK_PULLUP                           ;        ;              ;         ; Row I/O    ;                 ; no       ; On           ;
; P16      ; 108        ; 5        ; RESERVED_INPUT_WITH_WEAK_PULLUP                           ;        ;              ;         ; Row I/O    ;                 ; no       ; On           ;
; R1       ; 42         ; 2        ; RESERVED_INPUT_WITH_WEAK_PULLUP                           ;        ;              ;         ; Row I/O    ;                 ; no       ; On           ;
; R2       ;            ;          ; GND                                                       ; gnd    ;              ;         ; --         ;                 ; --       ; --           ;
; R3       ; 47         ; 3        ; adc_value[3]                                              ; input  ; 2.5 V        ;         ; Column I/O ; Y               ; no       ; Off          ;
; R4       ; 53         ; 3        ; RESERVED_INPUT_WITH_WEAK_PULLUP                           ;        ;              ;         ; Column I/O ;                 ; no       ; On           ;
; R5       ; 61         ; 3        ; adc_value[1]                                              ; input  ; 2.5 V        ;         ; Column I/O ; Y               ; no       ; Off          ;
; R6       ; 63         ; 3        ; RESERVED_INPUT_WITH_WEAK_PULLUP                           ;        ;              ;         ; Column I/O ;                 ; no       ; On           ;
; R7       ; 66         ; 3        ; RESERVED_INPUT_WITH_WEAK_PULLUP                           ;        ;              ;         ; Column I/O ;                 ; no       ; On           ;
; R8       ; 72         ; 3        ; RESERVED_INPUT_WITH_WEAK_PULLUP                           ;        ;              ;         ; Column I/O ;                 ; no       ; On           ;
; R9       ; 74         ; 4        ; dac_value[1]                                              ; output ; 2.5 V        ;         ; Column I/O ; Y               ; no       ; Off          ;
; R10      ; 80         ; 4        ; dac_value[3]                                              ; output ; 2.5 V        ;         ; Column I/O ; Y               ; no       ; Off          ;
; R11      ; 83         ; 4        ; dac_value[5]                                              ; output ; 2.5 V        ;         ; Column I/O ; Y               ; no       ; Off          ;
; R12      ; 85         ; 4        ; dac_value[7]                                              ; output ; 2.5 V        ;         ; Column I/O ; Y               ; no       ; Off          ;
; R13      ; 91         ; 4        ; RESERVED_INPUT_WITH_WEAK_PULLUP                           ;        ;              ;         ; Column I/O ;                 ; no       ; On           ;
; R14      ; 97         ; 4        ; RESERVED_INPUT_WITH_WEAK_PULLUP                           ;        ;              ;         ; Column I/O ;                 ; no       ; On           ;
; R15      ;            ;          ; GND                                                       ; gnd    ;              ;         ; --         ;                 ; --       ; --           ;
; R16      ; 109        ; 5        ; RESERVED_INPUT_WITH_WEAK_PULLUP                           ;        ;              ;         ; Row I/O    ;                 ; no       ; On           ;
; T1       ;            ; 3        ; VCCIO3                                                    ; power  ;              ; 2.5V    ; --         ;                 ; --       ; --           ;
; T2       ; 52         ; 3        ; adc_value[6]                                              ; input  ; 2.5 V        ;         ; Column I/O ; Y               ; no       ; Off          ;
; T3       ; 48         ; 3        ; adc_value[4]                                              ; input  ; 2.5 V        ;         ; Column I/O ; Y               ; no       ; Off          ;
; T4       ; 54         ; 3        ; adc_value[2]                                              ; input  ; 2.5 V        ;         ; Column I/O ; Y               ; no       ; Off          ;
; T5       ; 62         ; 3        ; adc_value[0]                                              ; input  ; 2.5 V        ;         ; Column I/O ; Y               ; no       ; Off          ;
; T6       ; 64         ; 3        ; RESERVED_INPUT_WITH_WEAK_PULLUP                           ;        ;              ;         ; Column I/O ;                 ; no       ; On           ;
; T7       ; 67         ; 3        ; RESERVED_INPUT_WITH_WEAK_PULLUP                           ;        ;              ;         ; Column I/O ;                 ; no       ; On           ;
; T8       ; 73         ; 3        ; RESERVED_INPUT_WITH_WEAK_PULLUP                           ;        ;              ;         ; Column I/O ;                 ; no       ; On           ;
; T9       ; 75         ; 4        ; dac_value[0]                                              ; output ; 2.5 V        ;         ; Column I/O ; Y               ; no       ; Off          ;
; T10      ; 81         ; 4        ; dac_value[2]                                              ; output ; 2.5 V        ;         ; Column I/O ; Y               ; no       ; Off          ;
; T11      ; 84         ; 4        ; dac_value[4]                                              ; output ; 2.5 V        ;         ; Column I/O ; Y               ; no       ; Off          ;
; T12      ; 86         ; 4        ; dac_value[6]                                              ; output ; 2.5 V        ;         ; Column I/O ; Y               ; no       ; Off          ;
; T13      ; 92         ; 4        ; dac_clk                                                   ; output ; 2.5 V        ;         ; Column I/O ; Y               ; no       ; Off          ;
; T14      ; 95         ; 4        ; RESERVED_INPUT_WITH_WEAK_PULLUP                           ;        ;              ;         ; Column I/O ;                 ; no       ; On           ;
; T15      ; 96         ; 4        ; RESERVED_INPUT_WITH_WEAK_PULLUP                           ;        ;              ;         ; Column I/O ;                 ; no       ; On           ;
; T16      ;            ; 4        ; VCCIO4                                                    ; power  ;              ; 2.5V    ; --         ;                 ; --       ; --           ;
+----------+------------+----------+-----------------------------------------------------------+--------+--------------+---------+------------+-----------------+----------+--------------+
Note: Pin directions (input, output or bidir) are based on device operating in user mode.


+----------------------------------------------------------------------------------------------------------------+
; PLL Summary                                                                                                    ;
+-------------------------------+--------------------------------------------------------------------------------+
; Name                          ; PLL_32M:u_PLL_32M_0|altpll:altpll_component|PLL_32M_altpll:auto_generated|pll1 ;
+-------------------------------+--------------------------------------------------------------------------------+
; SDC pin name                  ; u_PLL_32M_0|altpll_component|auto_generated|pll1                               ;
; PLL mode                      ; Normal                                                                         ;
; Compensate clock              ; clock0                                                                         ;
; Compensated input/output pins ; --                                                                             ;
; Switchover type               ; --                                                                             ;
; Input frequency 0             ; 50.0 MHz                                                                       ;
; Input frequency 1             ; --                                                                             ;
; Nominal PFD frequency         ; 10.0 MHz                                                                       ;
; Nominal VCO frequency         ; 320.0 MHz                                                                      ;
; VCO post scale K counter      ; 2                                                                              ;
; VCO frequency control         ; Auto                                                                           ;
; VCO phase shift step          ; 390 ps                                                                         ;
; VCO multiply                  ; --                                                                             ;
; VCO divide                    ; --                                                                             ;
; Freq min lock                 ; 49.0 MHz                                                                       ;
; Freq max lock                 ; 101.6 MHz                                                                      ;
; M VCO Tap                     ; 0                                                                              ;
; M Initial                     ; 1                                                                              ;
; M value                       ; 32                                                                             ;
; N value                       ; 5                                                                              ;
; Charge pump current           ; setting 1                                                                      ;
; Loop filter resistance        ; setting 24                                                                     ;
; Loop filter capacitance       ; setting 0                                                                      ;
; Bandwidth                     ; 450 kHz to 980 kHz                                                             ;
; Bandwidth type                ; Medium                                                                         ;
; Real time reconfigurable      ; Off                                                                            ;
; Scan chain MIF file           ; --                                                                             ;
; Preserve PLL counter order    ; Off                                                                            ;
; PLL location                  ; PLL_1                                                                          ;
; Inclk0 signal                 ; clk_50M                                                                        ;
; Inclk1 signal                 ; --                                                                             ;
; Inclk0 signal type            ; Dedicated Pin                                                                  ;
; Inclk1 signal type            ; --                                                                             ;
+-------------------------------+--------------------------------------------------------------------------------+


+------------------------------------------------------------------------------------------------------------------------------------------------------------------------------------------------------------------------------------------------------------------------------------------------------------------------------+
; PLL Usage                                                                                                                                                                                                                                                                                                                    ;
+--------------------------------------------------------------------------------------------+--------------+------+-----+------------------+-------------+------------------+------------+---------+---------------+------------+---------------+---------+---------+---------------------------------------------------------+
; Name                                                                                       ; Output Clock ; Mult ; Div ; Output Frequency ; Phase Shift ; Phase Shift Step ; Duty Cycle ; Counter ; Counter Value ; High / Low ; Cascade Input ; Initial ; VCO Tap ; SDC Pin Name                                            ;
+--------------------------------------------------------------------------------------------+--------------+------+-----+------------------+-------------+------------------+------------+---------+---------------+------------+---------------+---------+---------+---------------------------------------------------------+
; PLL_32M:u_PLL_32M_0|altpll:altpll_component|PLL_32M_altpll:auto_generated|wire_pll1_clk[0] ; clock0       ; 16   ; 25  ; 32.0 MHz         ; 0 (0 ps)    ; 4.50 (390 ps)    ; 50/50      ; C0      ; 10            ; 5/5 Even   ; --            ; 1       ; 0       ; u_PLL_32M_0|altpll_component|auto_generated|pll1|clk[0] ;
+--------------------------------------------------------------------------------------------+--------------+------+-----+------------------+-------------+------------------+------------+---------+---------------+------------+---------------+---------+---------+---------------------------------------------------------+


+----------------------------------------------+
; I/O Assignment Warnings                      ;
+--------------+-------------------------------+
; Pin Name     ; Reason                        ;
+--------------+-------------------------------+
; dac_value[0] ; Incomplete set of assignments ;
; dac_value[1] ; Incomplete set of assignments ;
; dac_value[2] ; Incomplete set of assignments ;
; dac_value[3] ; Incomplete set of assignments ;
; dac_value[4] ; Incomplete set of assignments ;
; dac_value[5] ; Incomplete set of assignments ;
; dac_value[6] ; Incomplete set of assignments ;
; dac_value[7] ; Incomplete set of assignments ;
; adc_clk      ; Incomplete set of assignments ;
; dac_clk      ; Incomplete set of assignments ;
; clk_50M      ; Incomplete set of assignments ;
; rst_n        ; Incomplete set of assignments ;
; adc_value[0] ; Incomplete set of assignments ;
; adc_value[1] ; Incomplete set of assignments ;
; adc_value[2] ; Incomplete set of assignments ;
; adc_value[3] ; Incomplete set of assignments ;
; adc_value[4] ; Incomplete set of assignments ;
; adc_value[5] ; Incomplete set of assignments ;
; adc_value[6] ; Incomplete set of assignments ;
; adc_value[7] ; Incomplete set of assignments ;
+--------------+-------------------------------+


+--------------------------------------------------------------------------------------------------------------------------------------------------------------------------------------------------------------------------------------------------------------------------------------------------------------------------------------------------------------------------------------------------------------------------------------------------------------------------------------------------------------------------------------------------------------------------------------------------------+
; Fitter Resource Utilization by Entity                                                                                                                                                                                                                                                                                                                                                                                                                                                                                                                                                                  ;
+-----------------------------------------------------------------------------+-------------+---------------------------+---------------+-------------+------+--------------+---------+-----------+------+--------------+--------------+-------------------+------------------+-----------------------------------------------------------------------------------------------------------------------------------------------------------------------------------------------------------------------------------------------------------------+-----------------------------------------+--------------+
; Compilation Hierarchy Node                                                  ; Logic Cells ; Dedicated Logic Registers ; I/O Registers ; Memory Bits ; M9Ks ; DSP Elements ; DSP 9x9 ; DSP 18x18 ; Pins ; Virtual Pins ; LUT-Only LCs ; Register-Only LCs ; LUT/Register LCs ; Full Hierarchy Name                                                                                                                                                                                                                                             ; Entity Name                             ; Library Name ;
+-----------------------------------------------------------------------------+-------------+---------------------------+---------------+-------------+------+--------------+---------+-----------+------+--------------+--------------+-------------------+------------------+-----------------------------------------------------------------------------------------------------------------------------------------------------------------------------------------------------------------------------------------------------------------+-----------------------------------------+--------------+
; |FIR_3k4_lowpass                                                            ; 448 (0)     ; 407 (0)                   ; 0 (0)         ; 49840       ; 10   ; 9            ; 9       ; 0         ; 20   ; 0            ; 41 (0)       ; 125 (0)           ; 282 (0)          ; |FIR_3k4_lowpass                                                                                                                                                                                                                                                ; FIR_3k4_lowpass                         ; work         ;
;    |FIR:u_FIR_0|                                                            ; 448 (27)    ; 407 (19)                  ; 0 (0)         ; 49840       ; 10   ; 9            ; 9       ; 0         ; 0    ; 0            ; 41 (7)       ; 125 (7)           ; 282 (13)         ; |FIR_3k4_lowpass|FIR:u_FIR_0                                                                                                                                                                                                                                    ; FIR                                     ; work         ;
;       |fir_3k4:u_fir_3k4_0|                                                 ; 422 (0)     ; 388 (0)                   ; 0 (0)         ; 49840       ; 10   ; 9            ; 9       ; 0         ; 0    ; 0            ; 34 (0)       ; 118 (0)           ; 270 (0)          ; |FIR_3k4_lowpass|FIR:u_FIR_0|fir_3k4:u_fir_3k4_0                                                                                                                                                                                                                ; fir_3k4                                 ; fir_3k4      ;
;          |fir_3k4_0002:fir_3k4_inst|                                        ; 422 (0)     ; 388 (0)                   ; 0 (0)         ; 49840       ; 10   ; 9            ; 9       ; 0         ; 0    ; 0            ; 34 (0)       ; 118 (0)           ; 270 (0)          ; |FIR_3k4_lowpass|FIR:u_FIR_0|fir_3k4:u_fir_3k4_0|fir_3k4_0002:fir_3k4_inst                                                                                                                                                                                      ; fir_3k4_0002                            ; fir_3k4      ;
;             |fir_3k4_0002_ast:fir_3k4_0002_ast_inst|                        ; 422 (0)     ; 388 (0)                   ; 0 (0)         ; 49840       ; 10   ; 9            ; 9       ; 0         ; 0    ; 0            ; 34 (0)       ; 118 (0)           ; 270 (0)          ; |FIR_3k4_lowpass|FIR:u_FIR_0|fir_3k4:u_fir_3k4_0|fir_3k4_0002:fir_3k4_inst|fir_3k4_0002_ast:fir_3k4_0002_ast_inst                                                                                                                                               ; fir_3k4_0002_ast                        ; fir_3k4      ;
;                |auk_dspip_avalon_streaming_source_hpfir:source|             ; 8 (8)       ; 8 (8)                     ; 0 (0)         ; 0           ; 0    ; 0            ; 0       ; 0         ; 0    ; 0            ; 0 (0)        ; 8 (8)             ; 0 (0)            ; |FIR_3k4_lowpass|FIR:u_FIR_0|fir_3k4:u_fir_3k4_0|fir_3k4_0002:fir_3k4_inst|fir_3k4_0002_ast:fir_3k4_0002_ast_inst|auk_dspip_avalon_streaming_source_hpfir:source                                                                                                ; auk_dspip_avalon_streaming_source_hpfir ; fir_3k4      ;
;                |fir_3k4_0002_rtl_core:\real_passthrough:hpfircore_core|     ; 414 (301)   ; 380 (267)                 ; 0 (0)         ; 49840       ; 10   ; 9            ; 9       ; 0         ; 0    ; 0            ; 34 (34)      ; 110 (1)           ; 270 (269)        ; |FIR_3k4_lowpass|FIR:u_FIR_0|fir_3k4:u_fir_3k4_0|fir_3k4_0002:fir_3k4_inst|fir_3k4_0002_ast:fir_3k4_0002_ast_inst|fir_3k4_0002_rtl_core:\real_passthrough:hpfircore_core                                                                                        ; fir_3k4_0002_rtl_core                   ; fir_3k4      ;
;                   |altsyncram:u0_m0_wo0_cm10_lutmem_dmem|                   ; 0 (0)       ; 0 (0)                     ; 0 (0)         ; 1912        ; 0    ; 0            ; 0       ; 0         ; 0    ; 0            ; 0 (0)        ; 0 (0)             ; 0 (0)            ; |FIR_3k4_lowpass|FIR:u_FIR_0|fir_3k4:u_fir_3k4_0|fir_3k4_0002:fir_3k4_inst|fir_3k4_0002_ast:fir_3k4_0002_ast_inst|fir_3k4_0002_rtl_core:\real_passthrough:hpfircore_core|altsyncram:u0_m0_wo0_cm10_lutmem_dmem                                                  ; altsyncram                              ; work         ;
;                      |altsyncram_1kq3:auto_generated|                       ; 0 (0)       ; 0 (0)                     ; 0 (0)         ; 1912        ; 0    ; 0            ; 0       ; 0         ; 0    ; 0            ; 0 (0)        ; 0 (0)             ; 0 (0)            ; |FIR_3k4_lowpass|FIR:u_FIR_0|fir_3k4:u_fir_3k4_0|fir_3k4_0002:fir_3k4_inst|fir_3k4_0002_ast:fir_3k4_0002_ast_inst|fir_3k4_0002_rtl_core:\real_passthrough:hpfircore_core|altsyncram:u0_m0_wo0_cm10_lutmem_dmem|altsyncram_1kq3:auto_generated                   ; altsyncram_1kq3                         ; work         ;
;                   |altsyncram:u0_m0_wo0_cm11_lutmem_dmem|                   ; 0 (0)       ; 0 (0)                     ; 0 (0)         ; 1912        ; 0    ; 0            ; 0       ; 0         ; 0    ; 0            ; 0 (0)        ; 0 (0)             ; 0 (0)            ; |FIR_3k4_lowpass|FIR:u_FIR_0|fir_3k4:u_fir_3k4_0|fir_3k4_0002:fir_3k4_inst|fir_3k4_0002_ast:fir_3k4_0002_ast_inst|fir_3k4_0002_rtl_core:\real_passthrough:hpfircore_core|altsyncram:u0_m0_wo0_cm11_lutmem_dmem                                                  ; altsyncram                              ; work         ;
;                      |altsyncram_2kq3:auto_generated|                       ; 0 (0)       ; 0 (0)                     ; 0 (0)         ; 1912        ; 0    ; 0            ; 0       ; 0         ; 0    ; 0            ; 0 (0)        ; 0 (0)             ; 0 (0)            ; |FIR_3k4_lowpass|FIR:u_FIR_0|fir_3k4:u_fir_3k4_0|fir_3k4_0002:fir_3k4_inst|fir_3k4_0002_ast:fir_3k4_0002_ast_inst|fir_3k4_0002_rtl_core:\real_passthrough:hpfircore_core|altsyncram:u0_m0_wo0_cm11_lutmem_dmem|altsyncram_2kq3:auto_generated                   ; altsyncram_2kq3                         ; work         ;
;                   |altsyncram:u0_m0_wo0_cm12_lutmem_dmem|                   ; 0 (0)       ; 0 (0)                     ; 0 (0)         ; 1912        ; 0    ; 0            ; 0       ; 0         ; 0    ; 0            ; 0 (0)        ; 0 (0)             ; 0 (0)            ; |FIR_3k4_lowpass|FIR:u_FIR_0|fir_3k4:u_fir_3k4_0|fir_3k4_0002:fir_3k4_inst|fir_3k4_0002_ast:fir_3k4_0002_ast_inst|fir_3k4_0002_rtl_core:\real_passthrough:hpfircore_core|altsyncram:u0_m0_wo0_cm12_lutmem_dmem                                                  ; altsyncram                              ; work         ;
;                      |altsyncram_3kq3:auto_generated|                       ; 0 (0)       ; 0 (0)                     ; 0 (0)         ; 1912        ; 0    ; 0            ; 0       ; 0         ; 0    ; 0            ; 0 (0)        ; 0 (0)             ; 0 (0)            ; |FIR_3k4_lowpass|FIR:u_FIR_0|fir_3k4:u_fir_3k4_0|fir_3k4_0002:fir_3k4_inst|fir_3k4_0002_ast:fir_3k4_0002_ast_inst|fir_3k4_0002_rtl_core:\real_passthrough:hpfircore_core|altsyncram:u0_m0_wo0_cm12_lutmem_dmem|altsyncram_3kq3:auto_generated                   ; altsyncram_3kq3                         ; work         ;
;                   |altsyncram:u0_m0_wo0_cm13_lutmem_dmem|                   ; 0 (0)       ; 0 (0)                     ; 0 (0)         ; 1912        ; 1    ; 0            ; 0       ; 0         ; 0    ; 0            ; 0 (0)        ; 0 (0)             ; 0 (0)            ; |FIR_3k4_lowpass|FIR:u_FIR_0|fir_3k4:u_fir_3k4_0|fir_3k4_0002:fir_3k4_inst|fir_3k4_0002_ast:fir_3k4_0002_ast_inst|fir_3k4_0002_rtl_core:\real_passthrough:hpfircore_core|altsyncram:u0_m0_wo0_cm13_lutmem_dmem                                                  ; altsyncram                              ; work         ;
;                      |altsyncram_4kq3:auto_generated|                       ; 0 (0)       ; 0 (0)                     ; 0 (0)         ; 1912        ; 1    ; 0            ; 0       ; 0         ; 0    ; 0            ; 0 (0)        ; 0 (0)             ; 0 (0)            ; |FIR_3k4_lowpass|FIR:u_FIR_0|fir_3k4:u_fir_3k4_0|fir_3k4_0002:fir_3k4_inst|fir_3k4_0002_ast:fir_3k4_0002_ast_inst|fir_3k4_0002_rtl_core:\real_passthrough:hpfircore_core|altsyncram:u0_m0_wo0_cm13_lutmem_dmem|altsyncram_4kq3:auto_generated                   ; altsyncram_4kq3                         ; work         ;
;                   |altsyncram:u0_m0_wo0_cm14_lutmem_dmem|                   ; 0 (0)       ; 0 (0)                     ; 0 (0)         ; 1912        ; 0    ; 0            ; 0       ; 0         ; 0    ; 0            ; 0 (0)        ; 0 (0)             ; 0 (0)            ; |FIR_3k4_lowpass|FIR:u_FIR_0|fir_3k4:u_fir_3k4_0|fir_3k4_0002:fir_3k4_inst|fir_3k4_0002_ast:fir_3k4_0002_ast_inst|fir_3k4_0002_rtl_core:\real_passthrough:hpfircore_core|altsyncram:u0_m0_wo0_cm14_lutmem_dmem                                                  ; altsyncram                              ; work         ;
;                      |altsyncram_5kq3:auto_generated|                       ; 0 (0)       ; 0 (0)                     ; 0 (0)         ; 1912        ; 0    ; 0            ; 0       ; 0         ; 0    ; 0            ; 0 (0)        ; 0 (0)             ; 0 (0)            ; |FIR_3k4_lowpass|FIR:u_FIR_0|fir_3k4:u_fir_3k4_0|fir_3k4_0002:fir_3k4_inst|fir_3k4_0002_ast:fir_3k4_0002_ast_inst|fir_3k4_0002_rtl_core:\real_passthrough:hpfircore_core|altsyncram:u0_m0_wo0_cm14_lutmem_dmem|altsyncram_5kq3:auto_generated                   ; altsyncram_5kq3                         ; work         ;
;                   |altsyncram:u0_m0_wo0_cm6_lutmem_dmem|                    ; 0 (0)       ; 0 (0)                     ; 0 (0)         ; 1912        ; 1    ; 0            ; 0       ; 0         ; 0    ; 0            ; 0 (0)        ; 0 (0)             ; 0 (0)            ; |FIR_3k4_lowpass|FIR:u_FIR_0|fir_3k4:u_fir_3k4_0|fir_3k4_0002:fir_3k4_inst|fir_3k4_0002_ast:fir_3k4_0002_ast_inst|fir_3k4_0002_rtl_core:\real_passthrough:hpfircore_core|altsyncram:u0_m0_wo0_cm6_lutmem_dmem                                                   ; altsyncram                              ; work         ;
;                      |altsyncram_miq3:auto_generated|                       ; 0 (0)       ; 0 (0)                     ; 0 (0)         ; 1912        ; 1    ; 0            ; 0       ; 0         ; 0    ; 0            ; 0 (0)        ; 0 (0)             ; 0 (0)            ; |FIR_3k4_lowpass|FIR:u_FIR_0|fir_3k4:u_fir_3k4_0|fir_3k4_0002:fir_3k4_inst|fir_3k4_0002_ast:fir_3k4_0002_ast_inst|fir_3k4_0002_rtl_core:\real_passthrough:hpfircore_core|altsyncram:u0_m0_wo0_cm6_lutmem_dmem|altsyncram_miq3:auto_generated                    ; altsyncram_miq3                         ; work         ;
;                   |altsyncram:u0_m0_wo0_cm7_lutmem_dmem|                    ; 0 (0)       ; 0 (0)                     ; 0 (0)         ; 1912        ; 1    ; 0            ; 0       ; 0         ; 0    ; 0            ; 0 (0)        ; 0 (0)             ; 0 (0)            ; |FIR_3k4_lowpass|FIR:u_FIR_0|fir_3k4:u_fir_3k4_0|fir_3k4_0002:fir_3k4_inst|fir_3k4_0002_ast:fir_3k4_0002_ast_inst|fir_3k4_0002_rtl_core:\real_passthrough:hpfircore_core|altsyncram:u0_m0_wo0_cm7_lutmem_dmem                                                   ; altsyncram                              ; work         ;
;                      |altsyncram_niq3:auto_generated|                       ; 0 (0)       ; 0 (0)                     ; 0 (0)         ; 1912        ; 1    ; 0            ; 0       ; 0         ; 0    ; 0            ; 0 (0)        ; 0 (0)             ; 0 (0)            ; |FIR_3k4_lowpass|FIR:u_FIR_0|fir_3k4:u_fir_3k4_0|fir_3k4_0002:fir_3k4_inst|fir_3k4_0002_ast:fir_3k4_0002_ast_inst|fir_3k4_0002_rtl_core:\real_passthrough:hpfircore_core|altsyncram:u0_m0_wo0_cm7_lutmem_dmem|altsyncram_niq3:auto_generated                    ; altsyncram_niq3                         ; work         ;
;                   |altsyncram:u0_m0_wo0_cm8_lutmem_dmem|                    ; 0 (0)       ; 0 (0)                     ; 0 (0)         ; 1912        ; 1    ; 0            ; 0       ; 0         ; 0    ; 0            ; 0 (0)        ; 0 (0)             ; 0 (0)            ; |FIR_3k4_lowpass|FIR:u_FIR_0|fir_3k4:u_fir_3k4_0|fir_3k4_0002:fir_3k4_inst|fir_3k4_0002_ast:fir_3k4_0002_ast_inst|fir_3k4_0002_rtl_core:\real_passthrough:hpfircore_core|altsyncram:u0_m0_wo0_cm8_lutmem_dmem                                                   ; altsyncram                              ; work         ;
;                      |altsyncram_oiq3:auto_generated|                       ; 0 (0)       ; 0 (0)                     ; 0 (0)         ; 1912        ; 1    ; 0            ; 0       ; 0         ; 0    ; 0            ; 0 (0)        ; 0 (0)             ; 0 (0)            ; |FIR_3k4_lowpass|FIR:u_FIR_0|fir_3k4:u_fir_3k4_0|fir_3k4_0002:fir_3k4_inst|fir_3k4_0002_ast:fir_3k4_0002_ast_inst|fir_3k4_0002_rtl_core:\real_passthrough:hpfircore_core|altsyncram:u0_m0_wo0_cm8_lutmem_dmem|altsyncram_oiq3:auto_generated                    ; altsyncram_oiq3                         ; work         ;
;                   |altsyncram:u0_m0_wo0_cm9_lutmem_dmem|                    ; 0 (0)       ; 0 (0)                     ; 0 (0)         ; 1912        ; 0    ; 0            ; 0       ; 0         ; 0    ; 0            ; 0 (0)        ; 0 (0)             ; 0 (0)            ; |FIR_3k4_lowpass|FIR:u_FIR_0|fir_3k4:u_fir_3k4_0|fir_3k4_0002:fir_3k4_inst|fir_3k4_0002_ast:fir_3k4_0002_ast_inst|fir_3k4_0002_rtl_core:\real_passthrough:hpfircore_core|altsyncram:u0_m0_wo0_cm9_lutmem_dmem                                                   ; altsyncram                              ; work         ;
;                      |altsyncram_piq3:auto_generated|                       ; 0 (0)       ; 0 (0)                     ; 0 (0)         ; 1912        ; 0    ; 0            ; 0       ; 0         ; 0    ; 0            ; 0 (0)        ; 0 (0)             ; 0 (0)            ; |FIR_3k4_lowpass|FIR:u_FIR_0|fir_3k4:u_fir_3k4_0|fir_3k4_0002:fir_3k4_inst|fir_3k4_0002_ast:fir_3k4_0002_ast_inst|fir_3k4_0002_rtl_core:\real_passthrough:hpfircore_core|altsyncram:u0_m0_wo0_cm9_lutmem_dmem|altsyncram_piq3:auto_generated                    ; altsyncram_piq3                         ; work         ;
;                   |altsyncram:u0_m0_wo0_wi0_r0_memr0_dmem|                  ; 0 (0)       ; 0 (0)                     ; 0 (0)         ; 2048        ; 1    ; 0            ; 0       ; 0         ; 0    ; 0            ; 0 (0)        ; 0 (0)             ; 0 (0)            ; |FIR_3k4_lowpass|FIR:u_FIR_0|fir_3k4:u_fir_3k4_0|fir_3k4_0002:fir_3k4_inst|fir_3k4_0002_ast:fir_3k4_0002_ast_inst|fir_3k4_0002_rtl_core:\real_passthrough:hpfircore_core|altsyncram:u0_m0_wo0_wi0_r0_memr0_dmem                                                 ; altsyncram                              ; work         ;
;                      |altsyncram_cmn3:auto_generated|                       ; 0 (0)       ; 0 (0)                     ; 0 (0)         ; 2048        ; 1    ; 0            ; 0       ; 0         ; 0    ; 0            ; 0 (0)        ; 0 (0)             ; 0 (0)            ; |FIR_3k4_lowpass|FIR:u_FIR_0|fir_3k4:u_fir_3k4_0|fir_3k4_0002:fir_3k4_inst|fir_3k4_0002_ast:fir_3k4_0002_ast_inst|fir_3k4_0002_rtl_core:\real_passthrough:hpfircore_core|altsyncram:u0_m0_wo0_wi0_r0_memr0_dmem|altsyncram_cmn3:auto_generated                  ; altsyncram_cmn3                         ; work         ;
;                   |altsyncram:u0_m0_wo0_wi0_r0_memr1_dmem|                  ; 0 (0)       ; 0 (0)                     ; 0 (0)         ; 16384       ; 3    ; 0            ; 0       ; 0         ; 0    ; 0            ; 0 (0)        ; 0 (0)             ; 0 (0)            ; |FIR_3k4_lowpass|FIR:u_FIR_0|fir_3k4:u_fir_3k4_0|fir_3k4_0002:fir_3k4_inst|fir_3k4_0002_ast:fir_3k4_0002_ast_inst|fir_3k4_0002_rtl_core:\real_passthrough:hpfircore_core|altsyncram:u0_m0_wo0_wi0_r0_memr1_dmem                                                 ; altsyncram                              ; work         ;
;                      |altsyncram_gpn3:auto_generated|                       ; 0 (0)       ; 0 (0)                     ; 0 (0)         ; 16384       ; 3    ; 0            ; 0       ; 0         ; 0    ; 0            ; 0 (0)        ; 0 (0)             ; 0 (0)            ; |FIR_3k4_lowpass|FIR:u_FIR_0|fir_3k4:u_fir_3k4_0|fir_3k4_0002:fir_3k4_inst|fir_3k4_0002_ast:fir_3k4_0002_ast_inst|fir_3k4_0002_rtl_core:\real_passthrough:hpfircore_core|altsyncram:u0_m0_wo0_wi0_r0_memr1_dmem|altsyncram_gpn3:auto_generated                  ; altsyncram_gpn3                         ; work         ;
;                   |altsyncram:u0_m0_wo0_wi0_r0_memr9_dmem|                  ; 0 (0)       ; 0 (0)                     ; 0 (0)         ; 12288       ; 1    ; 0            ; 0       ; 0         ; 0    ; 0            ; 0 (0)        ; 0 (0)             ; 0 (0)            ; |FIR_3k4_lowpass|FIR:u_FIR_0|fir_3k4:u_fir_3k4_0|fir_3k4_0002:fir_3k4_inst|fir_3k4_0002_ast:fir_3k4_0002_ast_inst|fir_3k4_0002_rtl_core:\real_passthrough:hpfircore_core|altsyncram:u0_m0_wo0_wi0_r0_memr9_dmem                                                 ; altsyncram                              ; work         ;
;                      |altsyncram_gpn3:auto_generated|                       ; 0 (0)       ; 0 (0)                     ; 0 (0)         ; 12288       ; 1    ; 0            ; 0       ; 0         ; 0    ; 0            ; 0 (0)        ; 0 (0)             ; 0 (0)            ; |FIR_3k4_lowpass|FIR:u_FIR_0|fir_3k4:u_fir_3k4_0|fir_3k4_0002:fir_3k4_inst|fir_3k4_0002_ast:fir_3k4_0002_ast_inst|fir_3k4_0002_rtl_core:\real_passthrough:hpfircore_core|altsyncram:u0_m0_wo0_wi0_r0_memr9_dmem|altsyncram_gpn3:auto_generated                  ; altsyncram_gpn3                         ; work         ;
;                   |altsyncram:u0_m0_wo0_wi0_r0_ra20_count1_lut_lutmem_dmem| ; 0 (0)       ; 0 (0)                     ; 0 (0)         ; 1912        ; 1    ; 0            ; 0       ; 0         ; 0    ; 0            ; 0 (0)        ; 0 (0)             ; 0 (0)            ; |FIR_3k4_lowpass|FIR:u_FIR_0|fir_3k4:u_fir_3k4_0|fir_3k4_0002:fir_3k4_inst|fir_3k4_0002_ast:fir_3k4_0002_ast_inst|fir_3k4_0002_rtl_core:\real_passthrough:hpfircore_core|altsyncram:u0_m0_wo0_wi0_r0_ra20_count1_lut_lutmem_dmem                                ; altsyncram                              ; work         ;
;                      |altsyncram_3bs3:auto_generated|                       ; 0 (0)       ; 0 (0)                     ; 0 (0)         ; 1912        ; 1    ; 0            ; 0       ; 0         ; 0    ; 0            ; 0 (0)        ; 0 (0)             ; 0 (0)            ; |FIR_3k4_lowpass|FIR:u_FIR_0|fir_3k4:u_fir_3k4_0|fir_3k4_0002:fir_3k4_inst|fir_3k4_0002_ast:fir_3k4_0002_ast_inst|fir_3k4_0002_rtl_core:\real_passthrough:hpfircore_core|altsyncram:u0_m0_wo0_wi0_r0_ra20_count1_lut_lutmem_dmem|altsyncram_3bs3:auto_generated ; altsyncram_3bs3                         ; work         ;
;                   |dspba_delay:d_in0_m0_wi0_wo0_assign_id1_q_15|            ; 5 (5)       ; 5 (5)                     ; 0 (0)         ; 0           ; 0    ; 0            ; 0       ; 0         ; 0    ; 0            ; 0 (0)        ; 5 (5)             ; 0 (0)            ; |FIR_3k4_lowpass|FIR:u_FIR_0|fir_3k4:u_fir_3k4_0|fir_3k4_0002:fir_3k4_inst|fir_3k4_0002_ast:fir_3k4_0002_ast_inst|fir_3k4_0002_rtl_core:\real_passthrough:hpfircore_core|dspba_delay:d_in0_m0_wi0_wo0_assign_id1_q_15                                           ; dspba_delay                             ; fir_3k4      ;
;                   |dspba_delay:d_u0_m0_wo0_ca20_q_14|                       ; 8 (8)       ; 8 (8)                     ; 0 (0)         ; 0           ; 0    ; 0            ; 0       ; 0         ; 0    ; 0            ; 0 (0)        ; 8 (8)             ; 0 (0)            ; |FIR_3k4_lowpass|FIR:u_FIR_0|fir_3k4:u_fir_3k4_0|fir_3k4_0002:fir_3k4_inst|fir_3k4_0002_ast:fir_3k4_0002_ast_inst|fir_3k4_0002_rtl_core:\real_passthrough:hpfircore_core|dspba_delay:d_u0_m0_wo0_ca20_q_14                                                      ; dspba_delay                             ; fir_3k4      ;
;                   |dspba_delay:d_u0_m0_wo0_ca20_q_15|                       ; 8 (8)       ; 8 (8)                     ; 0 (0)         ; 0           ; 0    ; 0            ; 0       ; 0         ; 0    ; 0            ; 0 (0)        ; 7 (7)             ; 1 (1)            ; |FIR_3k4_lowpass|FIR:u_FIR_0|fir_3k4:u_fir_3k4_0|fir_3k4_0002:fir_3k4_inst|fir_3k4_0002_ast:fir_3k4_0002_ast_inst|fir_3k4_0002_rtl_core:\real_passthrough:hpfircore_core|dspba_delay:d_u0_m0_wo0_ca20_q_15                                                      ; dspba_delay                             ; fir_3k4      ;
;                   |dspba_delay:d_u0_m0_wo0_compute_q_14|                    ; 1 (1)       ; 1 (1)                     ; 0 (0)         ; 0           ; 0    ; 0            ; 0       ; 0         ; 0    ; 0            ; 0 (0)        ; 1 (1)             ; 0 (0)            ; |FIR_3k4_lowpass|FIR:u_FIR_0|fir_3k4:u_fir_3k4_0|fir_3k4_0002:fir_3k4_inst|fir_3k4_0002_ast:fir_3k4_0002_ast_inst|fir_3k4_0002_rtl_core:\real_passthrough:hpfircore_core|dspba_delay:d_u0_m0_wo0_compute_q_14                                                   ; dspba_delay                             ; fir_3k4      ;
;                   |dspba_delay:d_u0_m0_wo0_compute_q_20|                    ; 6 (6)       ; 6 (6)                     ; 0 (0)         ; 0           ; 0    ; 0            ; 0       ; 0         ; 0    ; 0            ; 0 (0)        ; 5 (5)             ; 1 (1)            ; |FIR_3k4_lowpass|FIR:u_FIR_0|fir_3k4:u_fir_3k4_0|fir_3k4_0002:fir_3k4_inst|fir_3k4_0002_ast:fir_3k4_0002_ast_inst|fir_3k4_0002_rtl_core:\real_passthrough:hpfircore_core|dspba_delay:d_u0_m0_wo0_compute_q_20                                                   ; dspba_delay                             ; fir_3k4      ;
;                   |dspba_delay:d_u0_m0_wo0_compute_q_21|                    ; 1 (1)       ; 1 (1)                     ; 0 (0)         ; 0           ; 0    ; 0            ; 0       ; 0         ; 0    ; 0            ; 0 (0)        ; 1 (1)             ; 0 (0)            ; |FIR_3k4_lowpass|FIR:u_FIR_0|fir_3k4:u_fir_3k4_0|fir_3k4_0002:fir_3k4_inst|fir_3k4_0002_ast:fir_3k4_0002_ast_inst|fir_3k4_0002_rtl_core:\real_passthrough:hpfircore_core|dspba_delay:d_u0_m0_wo0_compute_q_21                                                   ; dspba_delay                             ; fir_3k4      ;
;                   |dspba_delay:d_u0_m0_wo0_memread_q_13|                    ; 1 (1)       ; 1 (1)                     ; 0 (0)         ; 0           ; 0    ; 0            ; 0       ; 0         ; 0    ; 0            ; 0 (0)        ; 1 (1)             ; 0 (0)            ; |FIR_3k4_lowpass|FIR:u_FIR_0|fir_3k4:u_fir_3k4_0|fir_3k4_0002:fir_3k4_inst|fir_3k4_0002_ast:fir_3k4_0002_ast_inst|fir_3k4_0002_rtl_core:\real_passthrough:hpfircore_core|dspba_delay:d_u0_m0_wo0_memread_q_13                                                   ; dspba_delay                             ; fir_3k4      ;
;                   |dspba_delay:d_u0_m0_wo0_memread_q_14|                    ; 1 (1)       ; 1 (1)                     ; 0 (0)         ; 0           ; 0    ; 0            ; 0       ; 0         ; 0    ; 0            ; 0 (0)        ; 0 (0)             ; 1 (1)            ; |FIR_3k4_lowpass|FIR:u_FIR_0|fir_3k4:u_fir_3k4_0|fir_3k4_0002:fir_3k4_inst|fir_3k4_0002_ast:fir_3k4_0002_ast_inst|fir_3k4_0002_rtl_core:\real_passthrough:hpfircore_core|dspba_delay:d_u0_m0_wo0_memread_q_14                                                   ; dspba_delay                             ; fir_3k4      ;
;                   |dspba_delay:d_u0_m0_wo0_wi0_r0_split1_g_16|              ; 8 (8)       ; 8 (8)                     ; 0 (0)         ; 0           ; 0    ; 0            ; 0       ; 0         ; 0    ; 0            ; 0 (0)        ; 7 (7)             ; 1 (1)            ; |FIR_3k4_lowpass|FIR:u_FIR_0|fir_3k4:u_fir_3k4_0|fir_3k4_0002:fir_3k4_inst|fir_3k4_0002_ast:fir_3k4_0002_ast_inst|fir_3k4_0002_rtl_core:\real_passthrough:hpfircore_core|dspba_delay:d_u0_m0_wo0_wi0_r0_split1_g_16                                             ; dspba_delay                             ; fir_3k4      ;
;                   |dspba_delay:d_u0_m0_wo0_wi0_r0_split9_f_17|              ; 16 (16)     ; 16 (16)                   ; 0 (0)         ; 0           ; 0    ; 0            ; 0       ; 0         ; 0    ; 0            ; 0 (0)        ; 16 (16)           ; 0 (0)            ; |FIR_3k4_lowpass|FIR:u_FIR_0|fir_3k4:u_fir_3k4_0|fir_3k4_0002:fir_3k4_inst|fir_3k4_0002_ast:fir_3k4_0002_ast_inst|fir_3k4_0002_rtl_core:\real_passthrough:hpfircore_core|dspba_delay:d_u0_m0_wo0_wi0_r0_split9_f_17                                             ; dspba_delay                             ; fir_3k4      ;
;                   |dspba_delay:d_u0_m0_wo0_wi0_r0_split9_g_17|              ; 16 (16)     ; 16 (16)                   ; 0 (0)         ; 0           ; 0    ; 0            ; 0       ; 0         ; 0    ; 0            ; 0 (0)        ; 16 (16)           ; 0 (0)            ; |FIR_3k4_lowpass|FIR:u_FIR_0|fir_3k4:u_fir_3k4_0|fir_3k4_0002:fir_3k4_inst|fir_3k4_0002_ast:fir_3k4_0002_ast_inst|fir_3k4_0002_rtl_core:\real_passthrough:hpfircore_core|dspba_delay:d_u0_m0_wo0_wi0_r0_split9_g_17                                             ; dspba_delay                             ; fir_3k4      ;
;                   |dspba_delay:d_xIn_0_15|                                  ; 40 (40)     ; 40 (40)                   ; 0 (0)         ; 0           ; 0    ; 0            ; 0       ; 0         ; 0    ; 0            ; 0 (0)        ; 40 (40)           ; 0 (0)            ; |FIR_3k4_lowpass|FIR:u_FIR_0|fir_3k4:u_fir_3k4_0|fir_3k4_0002:fir_3k4_inst|fir_3k4_0002_ast:fir_3k4_0002_ast_inst|fir_3k4_0002_rtl_core:\real_passthrough:hpfircore_core|dspba_delay:d_xIn_0_15                                                                 ; dspba_delay                             ; fir_3k4      ;
;                   |dspba_delay:u0_m0_wo0_compute|                           ; 1 (1)       ; 1 (1)                     ; 0 (0)         ; 0           ; 0    ; 0            ; 0       ; 0         ; 0    ; 0            ; 0 (0)        ; 1 (1)             ; 0 (0)            ; |FIR_3k4_lowpass|FIR:u_FIR_0|fir_3k4:u_fir_3k4_0|fir_3k4_0002:fir_3k4_inst|fir_3k4_0002_ast:fir_3k4_0002_ast_inst|fir_3k4_0002_rtl_core:\real_passthrough:hpfircore_core|dspba_delay:u0_m0_wo0_compute                                                          ; dspba_delay                             ; fir_3k4      ;
;                   |dspba_delay:u0_m0_wo0_memread|                           ; 1 (1)       ; 1 (1)                     ; 0 (0)         ; 0           ; 0    ; 0            ; 0       ; 0         ; 0    ; 0            ; 0 (0)        ; 1 (1)             ; 0 (0)            ; |FIR_3k4_lowpass|FIR:u_FIR_0|fir_3k4:u_fir_3k4_0|fir_3k4_0002:fir_3k4_inst|fir_3k4_0002_ast:fir_3k4_0002_ast_inst|fir_3k4_0002_rtl_core:\real_passthrough:hpfircore_core|dspba_delay:u0_m0_wo0_memread                                                          ; dspba_delay                             ; fir_3k4      ;
;                   |lpm_mult:u0_m0_wo0_mtree_mult1_10_component|             ; 0 (0)       ; 0 (0)                     ; 0 (0)         ; 0           ; 0    ; 1            ; 1       ; 0         ; 0    ; 0            ; 0 (0)        ; 0 (0)             ; 0 (0)            ; |FIR_3k4_lowpass|FIR:u_FIR_0|fir_3k4:u_fir_3k4_0|fir_3k4_0002:fir_3k4_inst|fir_3k4_0002_ast:fir_3k4_0002_ast_inst|fir_3k4_0002_rtl_core:\real_passthrough:hpfircore_core|lpm_mult:u0_m0_wo0_mtree_mult1_10_component                                            ; lpm_mult                                ; work         ;
;                      |mult_9bu:auto_generated|                              ; 0 (0)       ; 0 (0)                     ; 0 (0)         ; 0           ; 0    ; 1            ; 1       ; 0         ; 0    ; 0            ; 0 (0)        ; 0 (0)             ; 0 (0)            ; |FIR_3k4_lowpass|FIR:u_FIR_0|fir_3k4:u_fir_3k4_0|fir_3k4_0002:fir_3k4_inst|fir_3k4_0002_ast:fir_3k4_0002_ast_inst|fir_3k4_0002_rtl_core:\real_passthrough:hpfircore_core|lpm_mult:u0_m0_wo0_mtree_mult1_10_component|mult_9bu:auto_generated                    ; mult_9bu                                ; work         ;
;                   |lpm_mult:u0_m0_wo0_mtree_mult1_11_component|             ; 0 (0)       ; 0 (0)                     ; 0 (0)         ; 0           ; 0    ; 1            ; 1       ; 0         ; 0    ; 0            ; 0 (0)        ; 0 (0)             ; 0 (0)            ; |FIR_3k4_lowpass|FIR:u_FIR_0|fir_3k4:u_fir_3k4_0|fir_3k4_0002:fir_3k4_inst|fir_3k4_0002_ast:fir_3k4_0002_ast_inst|fir_3k4_0002_rtl_core:\real_passthrough:hpfircore_core|lpm_mult:u0_m0_wo0_mtree_mult1_11_component                                            ; lpm_mult                                ; work         ;
;                      |mult_9bu:auto_generated|                              ; 0 (0)       ; 0 (0)                     ; 0 (0)         ; 0           ; 0    ; 1            ; 1       ; 0         ; 0    ; 0            ; 0 (0)        ; 0 (0)             ; 0 (0)            ; |FIR_3k4_lowpass|FIR:u_FIR_0|fir_3k4:u_fir_3k4_0|fir_3k4_0002:fir_3k4_inst|fir_3k4_0002_ast:fir_3k4_0002_ast_inst|fir_3k4_0002_rtl_core:\real_passthrough:hpfircore_core|lpm_mult:u0_m0_wo0_mtree_mult1_11_component|mult_9bu:auto_generated                    ; mult_9bu                                ; work         ;
;                   |lpm_mult:u0_m0_wo0_mtree_mult1_12_component|             ; 0 (0)       ; 0 (0)                     ; 0 (0)         ; 0           ; 0    ; 1            ; 1       ; 0         ; 0    ; 0            ; 0 (0)        ; 0 (0)             ; 0 (0)            ; |FIR_3k4_lowpass|FIR:u_FIR_0|fir_3k4:u_fir_3k4_0|fir_3k4_0002:fir_3k4_inst|fir_3k4_0002_ast:fir_3k4_0002_ast_inst|fir_3k4_0002_rtl_core:\real_passthrough:hpfircore_core|lpm_mult:u0_m0_wo0_mtree_mult1_12_component                                            ; lpm_mult                                ; work         ;
;                      |mult_9bu:auto_generated|                              ; 0 (0)       ; 0 (0)                     ; 0 (0)         ; 0           ; 0    ; 1            ; 1       ; 0         ; 0    ; 0            ; 0 (0)        ; 0 (0)             ; 0 (0)            ; |FIR_3k4_lowpass|FIR:u_FIR_0|fir_3k4:u_fir_3k4_0|fir_3k4_0002:fir_3k4_inst|fir_3k4_0002_ast:fir_3k4_0002_ast_inst|fir_3k4_0002_rtl_core:\real_passthrough:hpfircore_core|lpm_mult:u0_m0_wo0_mtree_mult1_12_component|mult_9bu:auto_generated                    ; mult_9bu                                ; work         ;
;                   |lpm_mult:u0_m0_wo0_mtree_mult1_13_component|             ; 0 (0)       ; 0 (0)                     ; 0 (0)         ; 0           ; 0    ; 1            ; 1       ; 0         ; 0    ; 0            ; 0 (0)        ; 0 (0)             ; 0 (0)            ; |FIR_3k4_lowpass|FIR:u_FIR_0|fir_3k4:u_fir_3k4_0|fir_3k4_0002:fir_3k4_inst|fir_3k4_0002_ast:fir_3k4_0002_ast_inst|fir_3k4_0002_rtl_core:\real_passthrough:hpfircore_core|lpm_mult:u0_m0_wo0_mtree_mult1_13_component                                            ; lpm_mult                                ; work         ;
;                      |mult_9bu:auto_generated|                              ; 0 (0)       ; 0 (0)                     ; 0 (0)         ; 0           ; 0    ; 1            ; 1       ; 0         ; 0    ; 0            ; 0 (0)        ; 0 (0)             ; 0 (0)            ; |FIR_3k4_lowpass|FIR:u_FIR_0|fir_3k4:u_fir_3k4_0|fir_3k4_0002:fir_3k4_inst|fir_3k4_0002_ast:fir_3k4_0002_ast_inst|fir_3k4_0002_rtl_core:\real_passthrough:hpfircore_core|lpm_mult:u0_m0_wo0_mtree_mult1_13_component|mult_9bu:auto_generated                    ; mult_9bu                                ; work         ;
;                   |lpm_mult:u0_m0_wo0_mtree_mult1_14_component|             ; 0 (0)       ; 0 (0)                     ; 0 (0)         ; 0           ; 0    ; 1            ; 1       ; 0         ; 0    ; 0            ; 0 (0)        ; 0 (0)             ; 0 (0)            ; |FIR_3k4_lowpass|FIR:u_FIR_0|fir_3k4:u_fir_3k4_0|fir_3k4_0002:fir_3k4_inst|fir_3k4_0002_ast:fir_3k4_0002_ast_inst|fir_3k4_0002_rtl_core:\real_passthrough:hpfircore_core|lpm_mult:u0_m0_wo0_mtree_mult1_14_component                                            ; lpm_mult                                ; work         ;
;                      |mult_9bu:auto_generated|                              ; 0 (0)       ; 0 (0)                     ; 0 (0)         ; 0           ; 0    ; 1            ; 1       ; 0         ; 0    ; 0            ; 0 (0)        ; 0 (0)             ; 0 (0)            ; |FIR_3k4_lowpass|FIR:u_FIR_0|fir_3k4:u_fir_3k4_0|fir_3k4_0002:fir_3k4_inst|fir_3k4_0002_ast:fir_3k4_0002_ast_inst|fir_3k4_0002_rtl_core:\real_passthrough:hpfircore_core|lpm_mult:u0_m0_wo0_mtree_mult1_14_component|mult_9bu:auto_generated                    ; mult_9bu                                ; work         ;
;                   |lpm_mult:u0_m0_wo0_mtree_mult1_6_component|              ; 0 (0)       ; 0 (0)                     ; 0 (0)         ; 0           ; 0    ; 1            ; 1       ; 0         ; 0    ; 0            ; 0 (0)        ; 0 (0)             ; 0 (0)            ; |FIR_3k4_lowpass|FIR:u_FIR_0|fir_3k4:u_fir_3k4_0|fir_3k4_0002:fir_3k4_inst|fir_3k4_0002_ast:fir_3k4_0002_ast_inst|fir_3k4_0002_rtl_core:\real_passthrough:hpfircore_core|lpm_mult:u0_m0_wo0_mtree_mult1_6_component                                             ; lpm_mult                                ; work         ;
;                      |mult_9bu:auto_generated|                              ; 0 (0)       ; 0 (0)                     ; 0 (0)         ; 0           ; 0    ; 1            ; 1       ; 0         ; 0    ; 0            ; 0 (0)        ; 0 (0)             ; 0 (0)            ; |FIR_3k4_lowpass|FIR:u_FIR_0|fir_3k4:u_fir_3k4_0|fir_3k4_0002:fir_3k4_inst|fir_3k4_0002_ast:fir_3k4_0002_ast_inst|fir_3k4_0002_rtl_core:\real_passthrough:hpfircore_core|lpm_mult:u0_m0_wo0_mtree_mult1_6_component|mult_9bu:auto_generated                     ; mult_9bu                                ; work         ;
;                   |lpm_mult:u0_m0_wo0_mtree_mult1_7_component|              ; 0 (0)       ; 0 (0)                     ; 0 (0)         ; 0           ; 0    ; 1            ; 1       ; 0         ; 0    ; 0            ; 0 (0)        ; 0 (0)             ; 0 (0)            ; |FIR_3k4_lowpass|FIR:u_FIR_0|fir_3k4:u_fir_3k4_0|fir_3k4_0002:fir_3k4_inst|fir_3k4_0002_ast:fir_3k4_0002_ast_inst|fir_3k4_0002_rtl_core:\real_passthrough:hpfircore_core|lpm_mult:u0_m0_wo0_mtree_mult1_7_component                                             ; lpm_mult                                ; work         ;
;                      |mult_9bu:auto_generated|                              ; 0 (0)       ; 0 (0)                     ; 0 (0)         ; 0           ; 0    ; 1            ; 1       ; 0         ; 0    ; 0            ; 0 (0)        ; 0 (0)             ; 0 (0)            ; |FIR_3k4_lowpass|FIR:u_FIR_0|fir_3k4:u_fir_3k4_0|fir_3k4_0002:fir_3k4_inst|fir_3k4_0002_ast:fir_3k4_0002_ast_inst|fir_3k4_0002_rtl_core:\real_passthrough:hpfircore_core|lpm_mult:u0_m0_wo0_mtree_mult1_7_component|mult_9bu:auto_generated                     ; mult_9bu                                ; work         ;
;                   |lpm_mult:u0_m0_wo0_mtree_mult1_8_component|              ; 0 (0)       ; 0 (0)                     ; 0 (0)         ; 0           ; 0    ; 1            ; 1       ; 0         ; 0    ; 0            ; 0 (0)        ; 0 (0)             ; 0 (0)            ; |FIR_3k4_lowpass|FIR:u_FIR_0|fir_3k4:u_fir_3k4_0|fir_3k4_0002:fir_3k4_inst|fir_3k4_0002_ast:fir_3k4_0002_ast_inst|fir_3k4_0002_rtl_core:\real_passthrough:hpfircore_core|lpm_mult:u0_m0_wo0_mtree_mult1_8_component                                             ; lpm_mult                                ; work         ;
;                      |mult_9bu:auto_generated|                              ; 0 (0)       ; 0 (0)                     ; 0 (0)         ; 0           ; 0    ; 1            ; 1       ; 0         ; 0    ; 0            ; 0 (0)        ; 0 (0)             ; 0 (0)            ; |FIR_3k4_lowpass|FIR:u_FIR_0|fir_3k4:u_fir_3k4_0|fir_3k4_0002:fir_3k4_inst|fir_3k4_0002_ast:fir_3k4_0002_ast_inst|fir_3k4_0002_rtl_core:\real_passthrough:hpfircore_core|lpm_mult:u0_m0_wo0_mtree_mult1_8_component|mult_9bu:auto_generated                     ; mult_9bu                                ; work         ;
;                   |lpm_mult:u0_m0_wo0_mtree_mult1_9_component|              ; 0 (0)       ; 0 (0)                     ; 0 (0)         ; 0           ; 0    ; 1            ; 1       ; 0         ; 0    ; 0            ; 0 (0)        ; 0 (0)             ; 0 (0)            ; |FIR_3k4_lowpass|FIR:u_FIR_0|fir_3k4:u_fir_3k4_0|fir_3k4_0002:fir_3k4_inst|fir_3k4_0002_ast:fir_3k4_0002_ast_inst|fir_3k4_0002_rtl_core:\real_passthrough:hpfircore_core|lpm_mult:u0_m0_wo0_mtree_mult1_9_component                                             ; lpm_mult                                ; work         ;
;                      |mult_9bu:auto_generated|                              ; 0 (0)       ; 0 (0)                     ; 0 (0)         ; 0           ; 0    ; 1            ; 1       ; 0         ; 0    ; 0            ; 0 (0)        ; 0 (0)             ; 0 (0)            ; |FIR_3k4_lowpass|FIR:u_FIR_0|fir_3k4:u_fir_3k4_0|fir_3k4_0002:fir_3k4_inst|fir_3k4_0002_ast:fir_3k4_0002_ast_inst|fir_3k4_0002_rtl_core:\real_passthrough:hpfircore_core|lpm_mult:u0_m0_wo0_mtree_mult1_9_component|mult_9bu:auto_generated                     ; mult_9bu                                ; work         ;
;    |PLL_32M:u_PLL_32M_0|                                                    ; 0 (0)       ; 0 (0)                     ; 0 (0)         ; 0           ; 0    ; 0            ; 0       ; 0         ; 0    ; 0            ; 0 (0)        ; 0 (0)             ; 0 (0)            ; |FIR_3k4_lowpass|PLL_32M:u_PLL_32M_0                                                                                                                                                                                                                            ; PLL_32M                                 ; work         ;
;       |altpll:altpll_component|                                             ; 0 (0)       ; 0 (0)                     ; 0 (0)         ; 0           ; 0    ; 0            ; 0       ; 0         ; 0    ; 0            ; 0 (0)        ; 0 (0)             ; 0 (0)            ; |FIR_3k4_lowpass|PLL_32M:u_PLL_32M_0|altpll:altpll_component                                                                                                                                                                                                    ; altpll                                  ; work         ;
;          |PLL_32M_altpll:auto_generated|                                    ; 0 (0)       ; 0 (0)                     ; 0 (0)         ; 0           ; 0    ; 0            ; 0       ; 0         ; 0    ; 0            ; 0 (0)        ; 0 (0)             ; 0 (0)            ; |FIR_3k4_lowpass|PLL_32M:u_PLL_32M_0|altpll:altpll_component|PLL_32M_altpll:auto_generated                                                                                                                                                                      ; PLL_32M_altpll                          ; work         ;
+-----------------------------------------------------------------------------+-------------+---------------------------+---------------+-------------+------+--------------+---------+-----------+------+--------------+--------------+-------------------+------------------+-----------------------------------------------------------------------------------------------------------------------------------------------------------------------------------------------------------------------------------------------------------------+-----------------------------------------+--------------+
Note: For table entries with two numbers listed, the numbers in parentheses indicate the number of resources of the given type used by the specific entity alone. The numbers listed outside of parentheses indicate the total resources of the given type used by the specific entity and all of its sub-entities in the hierarchy.


+----------------------------------------------------------------------------------------------+
; Delay Chain Summary                                                                          ;
+--------------+----------+---------------+---------------+-----------------------+-----+------+
; Name         ; Pin Type ; Pad to Core 0 ; Pad to Core 1 ; Pad to Input Register ; TCO ; TCOE ;
+--------------+----------+---------------+---------------+-----------------------+-----+------+
; dac_value[0] ; Output   ; --            ; --            ; --                    ; --  ; --   ;
; dac_value[1] ; Output   ; --            ; --            ; --                    ; --  ; --   ;
; dac_value[2] ; Output   ; --            ; --            ; --                    ; --  ; --   ;
; dac_value[3] ; Output   ; --            ; --            ; --                    ; --  ; --   ;
; dac_value[4] ; Output   ; --            ; --            ; --                    ; --  ; --   ;
; dac_value[5] ; Output   ; --            ; --            ; --                    ; --  ; --   ;
; dac_value[6] ; Output   ; --            ; --            ; --                    ; --  ; --   ;
; dac_value[7] ; Output   ; --            ; --            ; --                    ; --  ; --   ;
; adc_clk      ; Output   ; --            ; --            ; --                    ; --  ; --   ;
; dac_clk      ; Output   ; --            ; --            ; --                    ; --  ; --   ;
; clk_50M      ; Input    ; (0) 0 ps      ; --            ; --                    ; --  ; --   ;
; rst_n        ; Input    ; (6) 1314 ps   ; --            ; --                    ; --  ; --   ;
; adc_value[0] ; Input    ; (6) 1314 ps   ; --            ; --                    ; --  ; --   ;
; adc_value[1] ; Input    ; (6) 1314 ps   ; --            ; --                    ; --  ; --   ;
; adc_value[2] ; Input    ; (6) 1314 ps   ; --            ; --                    ; --  ; --   ;
; adc_value[3] ; Input    ; (6) 1314 ps   ; --            ; --                    ; --  ; --   ;
; adc_value[4] ; Input    ; --            ; (6) 1314 ps   ; --                    ; --  ; --   ;
; adc_value[5] ; Input    ; --            ; (6) 1314 ps   ; --                    ; --  ; --   ;
; adc_value[6] ; Input    ; (6) 1314 ps   ; --            ; --                    ; --  ; --   ;
; adc_value[7] ; Input    ; --            ; (6) 1314 ps   ; --                    ; --  ; --   ;
+--------------+----------+---------------+---------------+-----------------------+-----+------+


+--------------------------------------------------------------------------------------------------------------------------------------------------------------------------------------------------------------------------------------------------------------------------------------------------+
; Pad To Core Delay Chain Fanout                                                                                                                                                                                                                                                                   ;
+--------------------------------------------------------------------------------------------------------------------------------------------------------------------------------------------------------------------------------------------------------------------+-------------------+---------+
; Source Pin / Fanout                                                                                                                                                                                                                                                ; Pad To Core Index ; Setting ;
+--------------------------------------------------------------------------------------------------------------------------------------------------------------------------------------------------------------------------------------------------------------------+-------------------+---------+
; clk_50M                                                                                                                                                                                                                                                            ;                   ;         ;
; rst_n                                                                                                                                                                                                                                                              ;                   ;         ;
;      - FIR:u_FIR_0|fir_3k4:u_fir_3k4_0|fir_3k4_0002:fir_3k4_inst|fir_3k4_0002_ast:fir_3k4_0002_ast_inst|fir_3k4_0002_rtl_core:\real_passthrough:hpfircore_core|altsyncram:u0_m0_wo0_wi0_r0_ra20_count1_lut_lutmem_dmem|altsyncram_3bs3:auto_generated|ram_block1a0 ; 0                 ; 6       ;
;      - FIR:u_FIR_0|fir_3k4:u_fir_3k4_0|fir_3k4_0002:fir_3k4_inst|fir_3k4_0002_ast:fir_3k4_0002_ast_inst|fir_3k4_0002_rtl_core:\real_passthrough:hpfircore_core|altsyncram:u0_m0_wo0_cm6_lutmem_dmem|altsyncram_miq3:auto_generated|ram_block1a0                    ; 0                 ; 6       ;
;      - FIR:u_FIR_0|fir_3k4:u_fir_3k4_0|fir_3k4_0002:fir_3k4_inst|fir_3k4_0002_ast:fir_3k4_0002_ast_inst|fir_3k4_0002_rtl_core:\real_passthrough:hpfircore_core|lpm_mult:u0_m0_wo0_mtree_mult1_14_component|mult_9bu:auto_generated|mac_mult1                       ; 0                 ; 6       ;
;      - FIR:u_FIR_0|fir_3k4:u_fir_3k4_0|fir_3k4_0002:fir_3k4_inst|fir_3k4_0002_ast:fir_3k4_0002_ast_inst|fir_3k4_0002_rtl_core:\real_passthrough:hpfircore_core|lpm_mult:u0_m0_wo0_mtree_mult1_14_component|mult_9bu:auto_generated|mac_out2                        ; 0                 ; 6       ;
;      - FIR:u_FIR_0|fir_3k4:u_fir_3k4_0|fir_3k4_0002:fir_3k4_inst|fir_3k4_0002_ast:fir_3k4_0002_ast_inst|fir_3k4_0002_rtl_core:\real_passthrough:hpfircore_core|altsyncram:u0_m0_wo0_cm7_lutmem_dmem|altsyncram_niq3:auto_generated|ram_block1a0                    ; 0                 ; 6       ;
;      - FIR:u_FIR_0|fir_3k4:u_fir_3k4_0|fir_3k4_0002:fir_3k4_inst|fir_3k4_0002_ast:fir_3k4_0002_ast_inst|fir_3k4_0002_rtl_core:\real_passthrough:hpfircore_core|lpm_mult:u0_m0_wo0_mtree_mult1_13_component|mult_9bu:auto_generated|mac_mult1                       ; 0                 ; 6       ;
;      - FIR:u_FIR_0|fir_3k4:u_fir_3k4_0|fir_3k4_0002:fir_3k4_inst|fir_3k4_0002_ast:fir_3k4_0002_ast_inst|fir_3k4_0002_rtl_core:\real_passthrough:hpfircore_core|lpm_mult:u0_m0_wo0_mtree_mult1_13_component|mult_9bu:auto_generated|mac_out2                        ; 0                 ; 6       ;
;      - FIR:u_FIR_0|fir_3k4:u_fir_3k4_0|fir_3k4_0002:fir_3k4_inst|fir_3k4_0002_ast:fir_3k4_0002_ast_inst|fir_3k4_0002_rtl_core:\real_passthrough:hpfircore_core|altsyncram:u0_m0_wo0_cm8_lutmem_dmem|altsyncram_oiq3:auto_generated|ram_block1a0                    ; 0                 ; 6       ;
;      - FIR:u_FIR_0|fir_3k4:u_fir_3k4_0|fir_3k4_0002:fir_3k4_inst|fir_3k4_0002_ast:fir_3k4_0002_ast_inst|fir_3k4_0002_rtl_core:\real_passthrough:hpfircore_core|lpm_mult:u0_m0_wo0_mtree_mult1_12_component|mult_9bu:auto_generated|mac_mult1                       ; 0                 ; 6       ;
;      - FIR:u_FIR_0|fir_3k4:u_fir_3k4_0|fir_3k4_0002:fir_3k4_inst|fir_3k4_0002_ast:fir_3k4_0002_ast_inst|fir_3k4_0002_rtl_core:\real_passthrough:hpfircore_core|lpm_mult:u0_m0_wo0_mtree_mult1_12_component|mult_9bu:auto_generated|mac_out2                        ; 0                 ; 6       ;
;      - FIR:u_FIR_0|fir_3k4:u_fir_3k4_0|fir_3k4_0002:fir_3k4_inst|fir_3k4_0002_ast:fir_3k4_0002_ast_inst|fir_3k4_0002_rtl_core:\real_passthrough:hpfircore_core|lpm_mult:u0_m0_wo0_mtree_mult1_11_component|mult_9bu:auto_generated|mac_mult1                       ; 0                 ; 6       ;
;      - FIR:u_FIR_0|fir_3k4:u_fir_3k4_0|fir_3k4_0002:fir_3k4_inst|fir_3k4_0002_ast:fir_3k4_0002_ast_inst|fir_3k4_0002_rtl_core:\real_passthrough:hpfircore_core|lpm_mult:u0_m0_wo0_mtree_mult1_11_component|mult_9bu:auto_generated|mac_out2                        ; 0                 ; 6       ;
;      - FIR:u_FIR_0|fir_3k4:u_fir_3k4_0|fir_3k4_0002:fir_3k4_inst|fir_3k4_0002_ast:fir_3k4_0002_ast_inst|fir_3k4_0002_rtl_core:\real_passthrough:hpfircore_core|lpm_mult:u0_m0_wo0_mtree_mult1_10_component|mult_9bu:auto_generated|mac_mult1                       ; 0                 ; 6       ;
;      - FIR:u_FIR_0|fir_3k4:u_fir_3k4_0|fir_3k4_0002:fir_3k4_inst|fir_3k4_0002_ast:fir_3k4_0002_ast_inst|fir_3k4_0002_rtl_core:\real_passthrough:hpfircore_core|lpm_mult:u0_m0_wo0_mtree_mult1_10_component|mult_9bu:auto_generated|mac_out2                        ; 0                 ; 6       ;
;      - FIR:u_FIR_0|fir_3k4:u_fir_3k4_0|fir_3k4_0002:fir_3k4_inst|fir_3k4_0002_ast:fir_3k4_0002_ast_inst|fir_3k4_0002_rtl_core:\real_passthrough:hpfircore_core|lpm_mult:u0_m0_wo0_mtree_mult1_9_component|mult_9bu:auto_generated|mac_mult1                        ; 0                 ; 6       ;
;      - FIR:u_FIR_0|fir_3k4:u_fir_3k4_0|fir_3k4_0002:fir_3k4_inst|fir_3k4_0002_ast:fir_3k4_0002_ast_inst|fir_3k4_0002_rtl_core:\real_passthrough:hpfircore_core|lpm_mult:u0_m0_wo0_mtree_mult1_9_component|mult_9bu:auto_generated|mac_out2                         ; 0                 ; 6       ;
;      - FIR:u_FIR_0|fir_3k4:u_fir_3k4_0|fir_3k4_0002:fir_3k4_inst|fir_3k4_0002_ast:fir_3k4_0002_ast_inst|fir_3k4_0002_rtl_core:\real_passthrough:hpfircore_core|lpm_mult:u0_m0_wo0_mtree_mult1_8_component|mult_9bu:auto_generated|mac_mult1                        ; 0                 ; 6       ;
;      - FIR:u_FIR_0|fir_3k4:u_fir_3k4_0|fir_3k4_0002:fir_3k4_inst|fir_3k4_0002_ast:fir_3k4_0002_ast_inst|fir_3k4_0002_rtl_core:\real_passthrough:hpfircore_core|lpm_mult:u0_m0_wo0_mtree_mult1_8_component|mult_9bu:auto_generated|mac_out2                         ; 0                 ; 6       ;
;      - FIR:u_FIR_0|fir_3k4:u_fir_3k4_0|fir_3k4_0002:fir_3k4_inst|fir_3k4_0002_ast:fir_3k4_0002_ast_inst|fir_3k4_0002_rtl_core:\real_passthrough:hpfircore_core|altsyncram:u0_m0_wo0_cm13_lutmem_dmem|altsyncram_4kq3:auto_generated|ram_block1a0                   ; 0                 ; 6       ;
;      - FIR:u_FIR_0|fir_3k4:u_fir_3k4_0|fir_3k4_0002:fir_3k4_inst|fir_3k4_0002_ast:fir_3k4_0002_ast_inst|fir_3k4_0002_rtl_core:\real_passthrough:hpfircore_core|lpm_mult:u0_m0_wo0_mtree_mult1_7_component|mult_9bu:auto_generated|mac_mult1                        ; 0                 ; 6       ;
;      - FIR:u_FIR_0|fir_3k4:u_fir_3k4_0|fir_3k4_0002:fir_3k4_inst|fir_3k4_0002_ast:fir_3k4_0002_ast_inst|fir_3k4_0002_rtl_core:\real_passthrough:hpfircore_core|lpm_mult:u0_m0_wo0_mtree_mult1_7_component|mult_9bu:auto_generated|mac_out2                         ; 0                 ; 6       ;
;      - FIR:u_FIR_0|fir_3k4:u_fir_3k4_0|fir_3k4_0002:fir_3k4_inst|fir_3k4_0002_ast:fir_3k4_0002_ast_inst|fir_3k4_0002_rtl_core:\real_passthrough:hpfircore_core|lpm_mult:u0_m0_wo0_mtree_mult1_6_component|mult_9bu:auto_generated|mac_mult1                        ; 0                 ; 6       ;
;      - FIR:u_FIR_0|fir_3k4:u_fir_3k4_0|fir_3k4_0002:fir_3k4_inst|fir_3k4_0002_ast:fir_3k4_0002_ast_inst|fir_3k4_0002_rtl_core:\real_passthrough:hpfircore_core|lpm_mult:u0_m0_wo0_mtree_mult1_6_component|mult_9bu:auto_generated|mac_out2                         ; 0                 ; 6       ;
;      - FIR:u_FIR_0|fir_3k4:u_fir_3k4_0|fir_3k4_0002:fir_3k4_inst|fir_3k4_0002_ast:fir_3k4_0002_ast_inst|fir_3k4_0002_rtl_core:\real_passthrough:hpfircore_core|u0_m0_wo0_accum_o[13]                                                                               ; 0                 ; 6       ;
;      - FIR:u_FIR_0|fir_3k4:u_fir_3k4_0|fir_3k4_0002:fir_3k4_inst|fir_3k4_0002_ast:fir_3k4_0002_ast_inst|fir_3k4_0002_rtl_core:\real_passthrough:hpfircore_core|u0_m0_wo0_accum_o[14]                                                                               ; 0                 ; 6       ;
;      - FIR:u_FIR_0|fir_3k4:u_fir_3k4_0|fir_3k4_0002:fir_3k4_inst|fir_3k4_0002_ast:fir_3k4_0002_ast_inst|fir_3k4_0002_rtl_core:\real_passthrough:hpfircore_core|u0_m0_wo0_accum_o[15]                                                                               ; 0                 ; 6       ;
;      - FIR:u_FIR_0|fir_3k4:u_fir_3k4_0|fir_3k4_0002:fir_3k4_inst|fir_3k4_0002_ast:fir_3k4_0002_ast_inst|fir_3k4_0002_rtl_core:\real_passthrough:hpfircore_core|u0_m0_wo0_accum_o[16]                                                                               ; 0                 ; 6       ;
;      - FIR:u_FIR_0|fir_3k4:u_fir_3k4_0|fir_3k4_0002:fir_3k4_inst|fir_3k4_0002_ast:fir_3k4_0002_ast_inst|fir_3k4_0002_rtl_core:\real_passthrough:hpfircore_core|u0_m0_wo0_accum_o[17]                                                                               ; 0                 ; 6       ;
;      - FIR:u_FIR_0|fir_3k4:u_fir_3k4_0|fir_3k4_0002:fir_3k4_inst|fir_3k4_0002_ast:fir_3k4_0002_ast_inst|fir_3k4_0002_rtl_core:\real_passthrough:hpfircore_core|u0_m0_wo0_accum_o[18]                                                                               ; 0                 ; 6       ;
;      - FIR:u_FIR_0|fir_3k4:u_fir_3k4_0|fir_3k4_0002:fir_3k4_inst|fir_3k4_0002_ast:fir_3k4_0002_ast_inst|fir_3k4_0002_rtl_core:\real_passthrough:hpfircore_core|u0_m0_wo0_accum_o[19]                                                                               ; 0                 ; 6       ;
;      - FIR:u_FIR_0|fir_3k4:u_fir_3k4_0|fir_3k4_0002:fir_3k4_inst|fir_3k4_0002_ast:fir_3k4_0002_ast_inst|fir_3k4_0002_rtl_core:\real_passthrough:hpfircore_core|u0_m0_wo0_accum_o[28]                                                                               ; 0                 ; 6       ;
;      - FIR:u_FIR_0|fir_3k4:u_fir_3k4_0|fir_3k4_0002:fir_3k4_inst|fir_3k4_0002_ast:fir_3k4_0002_ast_inst|fir_3k4_0002_rtl_core:\real_passthrough:hpfircore_core|u0_m0_wo0_mtree_add3_0_o[13]                                                                        ; 0                 ; 6       ;
;      - FIR:u_FIR_0|fir_3k4:u_fir_3k4_0|fir_3k4_0002:fir_3k4_inst|fir_3k4_0002_ast:fir_3k4_0002_ast_inst|fir_3k4_0002_rtl_core:\real_passthrough:hpfircore_core|\u0_m0_wo0_aseq_clkproc:u0_m0_wo0_aseq_c[9]                                                         ; 0                 ; 6       ;
;      - FIR:u_FIR_0|fir_3k4:u_fir_3k4_0|fir_3k4_0002:fir_3k4_inst|fir_3k4_0002_ast:fir_3k4_0002_ast_inst|fir_3k4_0002_rtl_core:\real_passthrough:hpfircore_core|u0_m0_wo0_accum_o[12]                                                                               ; 0                 ; 6       ;
;      - FIR:u_FIR_0|fir_3k4:u_fir_3k4_0|fir_3k4_0002:fir_3k4_inst|fir_3k4_0002_ast:fir_3k4_0002_ast_inst|fir_3k4_0002_rtl_core:\real_passthrough:hpfircore_core|u0_m0_wo0_mtree_add3_0_o[14]                                                                        ; 0                 ; 6       ;
;      - FIR:u_FIR_0|fir_3k4:u_fir_3k4_0|fir_3k4_0002:fir_3k4_inst|fir_3k4_0002_ast:fir_3k4_0002_ast_inst|fir_3k4_0002_rtl_core:\real_passthrough:hpfircore_core|u0_m0_wo0_mtree_add3_0_o[15]                                                                        ; 0                 ; 6       ;
;      - FIR:u_FIR_0|fir_3k4:u_fir_3k4_0|fir_3k4_0002:fir_3k4_inst|fir_3k4_0002_ast:fir_3k4_0002_ast_inst|fir_3k4_0002_rtl_core:\real_passthrough:hpfircore_core|u0_m0_wo0_mtree_add3_0_o[16]                                                                        ; 0                 ; 6       ;
;      - FIR:u_FIR_0|fir_3k4:u_fir_3k4_0|fir_3k4_0002:fir_3k4_inst|fir_3k4_0002_ast:fir_3k4_0002_ast_inst|fir_3k4_0002_rtl_core:\real_passthrough:hpfircore_core|u0_m0_wo0_mtree_add3_0_o[17]                                                                        ; 0                 ; 6       ;
;      - FIR:u_FIR_0|fir_3k4:u_fir_3k4_0|fir_3k4_0002:fir_3k4_inst|fir_3k4_0002_ast:fir_3k4_0002_ast_inst|fir_3k4_0002_rtl_core:\real_passthrough:hpfircore_core|u0_m0_wo0_mtree_add3_0_o[18]                                                                        ; 0                 ; 6       ;
;      - FIR:u_FIR_0|fir_3k4:u_fir_3k4_0|fir_3k4_0002:fir_3k4_inst|fir_3k4_0002_ast:fir_3k4_0002_ast_inst|fir_3k4_0002_rtl_core:\real_passthrough:hpfircore_core|u0_m0_wo0_mtree_add3_0_o[19]                                                                        ; 0                 ; 6       ;
;      - FIR:u_FIR_0|fir_3k4:u_fir_3k4_0|fir_3k4_0002:fir_3k4_inst|fir_3k4_0002_ast:fir_3k4_0002_ast_inst|fir_3k4_0002_rtl_core:\real_passthrough:hpfircore_core|u0_m0_wo0_accum_o[27]                                                                               ; 0                 ; 6       ;
;      - FIR:u_FIR_0|fir_3k4:u_fir_3k4_0|fir_3k4_0002:fir_3k4_inst|fir_3k4_0002_ast:fir_3k4_0002_ast_inst|fir_3k4_0002_rtl_core:\real_passthrough:hpfircore_core|u0_m0_wo0_mtree_add0_3_o[13]                                                                        ; 0                 ; 6       ;
;      - FIR:u_FIR_0|fir_3k4:u_fir_3k4_0|fir_3k4_0002:fir_3k4_inst|fir_3k4_0002_ast:fir_3k4_0002_ast_inst|fir_3k4_0002_rtl_core:\real_passthrough:hpfircore_core|u0_m0_wo0_mtree_add2_1_o[13]                                                                        ; 0                 ; 6       ;
;      - FIR:u_FIR_0|fir_3k4:u_fir_3k4_0|fir_3k4_0002:fir_3k4_inst|fir_3k4_0002_ast:fir_3k4_0002_ast_inst|fir_3k4_0002_rtl_core:\real_passthrough:hpfircore_core|u0_m0_wo0_mtree_add3_0_o[12]                                                                        ; 0                 ; 6       ;
;      - FIR:u_FIR_0|fir_3k4:u_fir_3k4_0|fir_3k4_0002:fir_3k4_inst|fir_3k4_0002_ast:fir_3k4_0002_ast_inst|fir_3k4_0002_rtl_core:\real_passthrough:hpfircore_core|\u0_m0_wo0_aseq_clkproc:u0_m0_wo0_aseq_c[8]                                                         ; 0                 ; 6       ;
;      - FIR:u_FIR_0|fir_3k4:u_fir_3k4_0|fir_3k4_0002:fir_3k4_inst|fir_3k4_0002_ast:fir_3k4_0002_ast_inst|fir_3k4_0002_rtl_core:\real_passthrough:hpfircore_core|u0_m0_wo0_accum_o[11]                                                                               ; 0                 ; 6       ;
;      - FIR:u_FIR_0|fir_3k4:u_fir_3k4_0|fir_3k4_0002:fir_3k4_inst|fir_3k4_0002_ast:fir_3k4_0002_ast_inst|fir_3k4_0002_rtl_core:\real_passthrough:hpfircore_core|u0_m0_wo0_mtree_add0_3_o[14]                                                                        ; 0                 ; 6       ;
;      - FIR:u_FIR_0|fir_3k4:u_fir_3k4_0|fir_3k4_0002:fir_3k4_inst|fir_3k4_0002_ast:fir_3k4_0002_ast_inst|fir_3k4_0002_rtl_core:\real_passthrough:hpfircore_core|u0_m0_wo0_mtree_add2_1_o[14]                                                                        ; 0                 ; 6       ;
;      - FIR:u_FIR_0|fir_3k4:u_fir_3k4_0|fir_3k4_0002:fir_3k4_inst|fir_3k4_0002_ast:fir_3k4_0002_ast_inst|fir_3k4_0002_rtl_core:\real_passthrough:hpfircore_core|u0_m0_wo0_mtree_add0_3_o[15]                                                                        ; 0                 ; 6       ;
;      - FIR:u_FIR_0|fir_3k4:u_fir_3k4_0|fir_3k4_0002:fir_3k4_inst|fir_3k4_0002_ast:fir_3k4_0002_ast_inst|fir_3k4_0002_rtl_core:\real_passthrough:hpfircore_core|u0_m0_wo0_mtree_add2_1_o[15]                                                                        ; 0                 ; 6       ;
;      - FIR:u_FIR_0|fir_3k4:u_fir_3k4_0|fir_3k4_0002:fir_3k4_inst|fir_3k4_0002_ast:fir_3k4_0002_ast_inst|fir_3k4_0002_rtl_core:\real_passthrough:hpfircore_core|u0_m0_wo0_mtree_add0_3_o[16]                                                                        ; 0                 ; 6       ;
;      - FIR:u_FIR_0|fir_3k4:u_fir_3k4_0|fir_3k4_0002:fir_3k4_inst|fir_3k4_0002_ast:fir_3k4_0002_ast_inst|fir_3k4_0002_rtl_core:\real_passthrough:hpfircore_core|u0_m0_wo0_mtree_add2_1_o[16]                                                                        ; 0                 ; 6       ;
;      - FIR:u_FIR_0|fir_3k4:u_fir_3k4_0|fir_3k4_0002:fir_3k4_inst|fir_3k4_0002_ast:fir_3k4_0002_ast_inst|fir_3k4_0002_rtl_core:\real_passthrough:hpfircore_core|u0_m0_wo0_mtree_add2_1_o[17]                                                                        ; 0                 ; 6       ;
;      - FIR:u_FIR_0|fir_3k4:u_fir_3k4_0|fir_3k4_0002:fir_3k4_inst|fir_3k4_0002_ast:fir_3k4_0002_ast_inst|fir_3k4_0002_rtl_core:\real_passthrough:hpfircore_core|u0_m0_wo0_mtree_add2_1_o[18]                                                                        ; 0                 ; 6       ;
;      - FIR:u_FIR_0|fir_3k4:u_fir_3k4_0|fir_3k4_0002:fir_3k4_inst|fir_3k4_0002_ast:fir_3k4_0002_ast_inst|fir_3k4_0002_rtl_core:\real_passthrough:hpfircore_core|u0_m0_wo0_accum_o[26]                                                                               ; 0                 ; 6       ;
;      - FIR:u_FIR_0|fir_3k4:u_fir_3k4_0|fir_3k4_0002:fir_3k4_inst|fir_3k4_0002_ast:fir_3k4_0002_ast_inst|fir_3k4_0002_rtl_core:\real_passthrough:hpfircore_core|u0_m0_wo0_mtree_add0_3_o[12]                                                                        ; 0                 ; 6       ;
;      - FIR:u_FIR_0|fir_3k4:u_fir_3k4_0|fir_3k4_0002:fir_3k4_inst|fir_3k4_0002_ast:fir_3k4_0002_ast_inst|fir_3k4_0002_rtl_core:\real_passthrough:hpfircore_core|u0_m0_wo0_mtree_add1_2_o[13]                                                                        ; 0                 ; 6       ;
;      - FIR:u_FIR_0|fir_3k4:u_fir_3k4_0|fir_3k4_0002:fir_3k4_inst|fir_3k4_0002_ast:fir_3k4_0002_ast_inst|fir_3k4_0002_rtl_core:\real_passthrough:hpfircore_core|u0_m0_wo0_mtree_add1_3_o[13]                                                                        ; 0                 ; 6       ;
;      - FIR:u_FIR_0|fir_3k4:u_fir_3k4_0|fir_3k4_0002:fir_3k4_inst|fir_3k4_0002_ast:fir_3k4_0002_ast_inst|fir_3k4_0002_rtl_core:\real_passthrough:hpfircore_core|u0_m0_wo0_mtree_add2_1_o[12]                                                                        ; 0                 ; 6       ;
;      - FIR:u_FIR_0|fir_3k4:u_fir_3k4_0|fir_3k4_0002:fir_3k4_inst|fir_3k4_0002_ast:fir_3k4_0002_ast_inst|fir_3k4_0002_rtl_core:\real_passthrough:hpfircore_core|u0_m0_wo0_mtree_add3_0_o[11]                                                                        ; 0                 ; 6       ;
;      - FIR:u_FIR_0|fir_3k4:u_fir_3k4_0|fir_3k4_0002:fir_3k4_inst|fir_3k4_0002_ast:fir_3k4_0002_ast_inst|fir_3k4_0002_rtl_core:\real_passthrough:hpfircore_core|\u0_m0_wo0_aseq_clkproc:u0_m0_wo0_aseq_c[1]                                                         ; 0                 ; 6       ;
;      - FIR:u_FIR_0|fir_3k4:u_fir_3k4_0|fir_3k4_0002:fir_3k4_inst|fir_3k4_0002_ast:fir_3k4_0002_ast_inst|fir_3k4_0002_rtl_core:\real_passthrough:hpfircore_core|\u0_m0_wo0_aseq_clkproc:u0_m0_wo0_aseq_c[2]                                                         ; 0                 ; 6       ;
;      - FIR:u_FIR_0|fir_3k4:u_fir_3k4_0|fir_3k4_0002:fir_3k4_inst|fir_3k4_0002_ast:fir_3k4_0002_ast_inst|fir_3k4_0002_rtl_core:\real_passthrough:hpfircore_core|\u0_m0_wo0_aseq_clkproc:u0_m0_wo0_aseq_c[3]                                                         ; 0                 ; 6       ;
;      - FIR:u_FIR_0|fir_3k4:u_fir_3k4_0|fir_3k4_0002:fir_3k4_inst|fir_3k4_0002_ast:fir_3k4_0002_ast_inst|fir_3k4_0002_rtl_core:\real_passthrough:hpfircore_core|\u0_m0_wo0_aseq_clkproc:u0_m0_wo0_aseq_c[4]                                                         ; 0                 ; 6       ;
;      - FIR:u_FIR_0|fir_3k4:u_fir_3k4_0|fir_3k4_0002:fir_3k4_inst|fir_3k4_0002_ast:fir_3k4_0002_ast_inst|fir_3k4_0002_rtl_core:\real_passthrough:hpfircore_core|\u0_m0_wo0_aseq_clkproc:u0_m0_wo0_aseq_c[5]                                                         ; 0                 ; 6       ;
;      - FIR:u_FIR_0|fir_3k4:u_fir_3k4_0|fir_3k4_0002:fir_3k4_inst|fir_3k4_0002_ast:fir_3k4_0002_ast_inst|fir_3k4_0002_rtl_core:\real_passthrough:hpfircore_core|\u0_m0_wo0_aseq_clkproc:u0_m0_wo0_aseq_c[6]                                                         ; 0                 ; 6       ;
;      - FIR:u_FIR_0|fir_3k4:u_fir_3k4_0|fir_3k4_0002:fir_3k4_inst|fir_3k4_0002_ast:fir_3k4_0002_ast_inst|fir_3k4_0002_rtl_core:\real_passthrough:hpfircore_core|\u0_m0_wo0_aseq_clkproc:u0_m0_wo0_aseq_c[7]                                                         ; 0                 ; 6       ;
;      - FIR:u_FIR_0|fir_3k4:u_fir_3k4_0|fir_3k4_0002:fir_3k4_inst|fir_3k4_0002_ast:fir_3k4_0002_ast_inst|fir_3k4_0002_rtl_core:\real_passthrough:hpfircore_core|u0_m0_wo0_accum_o[10]                                                                               ; 0                 ; 6       ;
;      - FIR:u_FIR_0|fir_3k4:u_fir_3k4_0|fir_3k4_0002:fir_3k4_inst|fir_3k4_0002_ast:fir_3k4_0002_ast_inst|fir_3k4_0002_rtl_core:\real_passthrough:hpfircore_core|u0_m0_wo0_mtree_add1_2_o[14]                                                                        ; 0                 ; 6       ;
;      - FIR:u_FIR_0|fir_3k4:u_fir_3k4_0|fir_3k4_0002:fir_3k4_inst|fir_3k4_0002_ast:fir_3k4_0002_ast_inst|fir_3k4_0002_rtl_core:\real_passthrough:hpfircore_core|u0_m0_wo0_mtree_add1_3_o[14]                                                                        ; 0                 ; 6       ;
;      - FIR:u_FIR_0|fir_3k4:u_fir_3k4_0|fir_3k4_0002:fir_3k4_inst|fir_3k4_0002_ast:fir_3k4_0002_ast_inst|fir_3k4_0002_rtl_core:\real_passthrough:hpfircore_core|u0_m0_wo0_mtree_add1_2_o[15]                                                                        ; 0                 ; 6       ;
;      - FIR:u_FIR_0|fir_3k4:u_fir_3k4_0|fir_3k4_0002:fir_3k4_inst|fir_3k4_0002_ast:fir_3k4_0002_ast_inst|fir_3k4_0002_rtl_core:\real_passthrough:hpfircore_core|u0_m0_wo0_mtree_add1_3_o[15]                                                                        ; 0                 ; 6       ;
;      - FIR:u_FIR_0|fir_3k4:u_fir_3k4_0|fir_3k4_0002:fir_3k4_inst|fir_3k4_0002_ast:fir_3k4_0002_ast_inst|fir_3k4_0002_rtl_core:\real_passthrough:hpfircore_core|u0_m0_wo0_mtree_add1_2_o[16]                                                                        ; 0                 ; 6       ;
;      - FIR:u_FIR_0|fir_3k4:u_fir_3k4_0|fir_3k4_0002:fir_3k4_inst|fir_3k4_0002_ast:fir_3k4_0002_ast_inst|fir_3k4_0002_rtl_core:\real_passthrough:hpfircore_core|u0_m0_wo0_mtree_add1_3_o[16]                                                                        ; 0                 ; 6       ;
;      - FIR:u_FIR_0|fir_3k4:u_fir_3k4_0|fir_3k4_0002:fir_3k4_inst|fir_3k4_0002_ast:fir_3k4_0002_ast_inst|fir_3k4_0002_rtl_core:\real_passthrough:hpfircore_core|u0_m0_wo0_mtree_add1_2_o[17]                                                                        ; 0                 ; 6       ;
;      - FIR:u_FIR_0|fir_3k4:u_fir_3k4_0|fir_3k4_0002:fir_3k4_inst|fir_3k4_0002_ast:fir_3k4_0002_ast_inst|fir_3k4_0002_rtl_core:\real_passthrough:hpfircore_core|u0_m0_wo0_mtree_add1_3_o[17]                                                                        ; 0                 ; 6       ;
;      - FIR:u_FIR_0|fir_3k4:u_fir_3k4_0|fir_3k4_0002:fir_3k4_inst|fir_3k4_0002_ast:fir_3k4_0002_ast_inst|fir_3k4_0002_rtl_core:\real_passthrough:hpfircore_core|u0_m0_wo0_accum_o[25]                                                                               ; 0                 ; 6       ;
;      - FIR:u_FIR_0|fir_3k4:u_fir_3k4_0|fir_3k4_0002:fir_3k4_inst|fir_3k4_0002_ast:fir_3k4_0002_ast_inst|fir_3k4_0002_rtl_core:\real_passthrough:hpfircore_core|u0_m0_wo0_mtree_add0_3_o[11]                                                                        ; 0                 ; 6       ;
;      - FIR:u_FIR_0|fir_3k4:u_fir_3k4_0|fir_3k4_0002:fir_3k4_inst|fir_3k4_0002_ast:fir_3k4_0002_ast_inst|fir_3k4_0002_rtl_core:\real_passthrough:hpfircore_core|u0_m0_wo0_mtree_add0_4_o[13]                                                                        ; 0                 ; 6       ;
;      - FIR:u_FIR_0|fir_3k4:u_fir_3k4_0|fir_3k4_0002:fir_3k4_inst|fir_3k4_0002_ast:fir_3k4_0002_ast_inst|fir_3k4_0002_rtl_core:\real_passthrough:hpfircore_core|u0_m0_wo0_mtree_add0_5_o[13]                                                                        ; 0                 ; 6       ;
;      - FIR:u_FIR_0|fir_3k4:u_fir_3k4_0|fir_3k4_0002:fir_3k4_inst|fir_3k4_0002_ast:fir_3k4_0002_ast_inst|fir_3k4_0002_rtl_core:\real_passthrough:hpfircore_core|u0_m0_wo0_mtree_add1_2_o[12]                                                                        ; 0                 ; 6       ;
;      - FIR:u_FIR_0|fir_3k4:u_fir_3k4_0|fir_3k4_0002:fir_3k4_inst|fir_3k4_0002_ast:fir_3k4_0002_ast_inst|fir_3k4_0002_rtl_core:\real_passthrough:hpfircore_core|u0_m0_wo0_mtree_add0_6_o[13]                                                                        ; 0                 ; 6       ;
;      - FIR:u_FIR_0|fir_3k4:u_fir_3k4_0|fir_3k4_0002:fir_3k4_inst|fir_3k4_0002_ast:fir_3k4_0002_ast_inst|fir_3k4_0002_rtl_core:\real_passthrough:hpfircore_core|u0_m0_wo0_mtree_add1_3_o[12]                                                                        ; 0                 ; 6       ;
;      - FIR:u_FIR_0|fir_3k4:u_fir_3k4_0|fir_3k4_0002:fir_3k4_inst|fir_3k4_0002_ast:fir_3k4_0002_ast_inst|fir_3k4_0002_rtl_core:\real_passthrough:hpfircore_core|u0_m0_wo0_mtree_add2_1_o[11]                                                                        ; 0                 ; 6       ;
;      - FIR:u_FIR_0|fir_3k4:u_fir_3k4_0|fir_3k4_0002:fir_3k4_inst|fir_3k4_0002_ast:fir_3k4_0002_ast_inst|fir_3k4_0002_rtl_core:\real_passthrough:hpfircore_core|u0_m0_wo0_mtree_add3_0_o[10]                                                                        ; 0                 ; 6       ;
;      - FIR:u_FIR_0|fir_3k4:u_fir_3k4_0|fir_3k4_0002:fir_3k4_inst|fir_3k4_0002_ast:fir_3k4_0002_ast_inst|fir_3k4_0002_rtl_core:\real_passthrough:hpfircore_core|u0_m0_wo0_accum_o[9]                                                                                ; 0                 ; 6       ;
;      - FIR:u_FIR_0|fir_3k4:u_fir_3k4_0|fir_3k4_0002:fir_3k4_inst|fir_3k4_0002_ast:fir_3k4_0002_ast_inst|fir_3k4_0002_rtl_core:\real_passthrough:hpfircore_core|u0_m0_wo0_mtree_add0_4_o[14]                                                                        ; 0                 ; 6       ;
;      - FIR:u_FIR_0|fir_3k4:u_fir_3k4_0|fir_3k4_0002:fir_3k4_inst|fir_3k4_0002_ast:fir_3k4_0002_ast_inst|fir_3k4_0002_rtl_core:\real_passthrough:hpfircore_core|u0_m0_wo0_mtree_add0_5_o[14]                                                                        ; 0                 ; 6       ;
;      - FIR:u_FIR_0|fir_3k4:u_fir_3k4_0|fir_3k4_0002:fir_3k4_inst|fir_3k4_0002_ast:fir_3k4_0002_ast_inst|fir_3k4_0002_rtl_core:\real_passthrough:hpfircore_core|u0_m0_wo0_mtree_add0_6_o[14]                                                                        ; 0                 ; 6       ;
;      - FIR:u_FIR_0|fir_3k4:u_fir_3k4_0|fir_3k4_0002:fir_3k4_inst|fir_3k4_0002_ast:fir_3k4_0002_ast_inst|fir_3k4_0002_rtl_core:\real_passthrough:hpfircore_core|u0_m0_wo0_mtree_add0_4_o[15]                                                                        ; 0                 ; 6       ;
;      - FIR:u_FIR_0|fir_3k4:u_fir_3k4_0|fir_3k4_0002:fir_3k4_inst|fir_3k4_0002_ast:fir_3k4_0002_ast_inst|fir_3k4_0002_rtl_core:\real_passthrough:hpfircore_core|u0_m0_wo0_mtree_add0_5_o[15]                                                                        ; 0                 ; 6       ;
;      - FIR:u_FIR_0|fir_3k4:u_fir_3k4_0|fir_3k4_0002:fir_3k4_inst|fir_3k4_0002_ast:fir_3k4_0002_ast_inst|fir_3k4_0002_rtl_core:\real_passthrough:hpfircore_core|u0_m0_wo0_mtree_add0_6_o[15]                                                                        ; 0                 ; 6       ;
;      - FIR:u_FIR_0|fir_3k4:u_fir_3k4_0|fir_3k4_0002:fir_3k4_inst|fir_3k4_0002_ast:fir_3k4_0002_ast_inst|fir_3k4_0002_rtl_core:\real_passthrough:hpfircore_core|u0_m0_wo0_mtree_add0_4_o[16]                                                                        ; 0                 ; 6       ;
;      - FIR:u_FIR_0|fir_3k4:u_fir_3k4_0|fir_3k4_0002:fir_3k4_inst|fir_3k4_0002_ast:fir_3k4_0002_ast_inst|fir_3k4_0002_rtl_core:\real_passthrough:hpfircore_core|u0_m0_wo0_mtree_add0_5_o[16]                                                                        ; 0                 ; 6       ;
;      - FIR:u_FIR_0|fir_3k4:u_fir_3k4_0|fir_3k4_0002:fir_3k4_inst|fir_3k4_0002_ast:fir_3k4_0002_ast_inst|fir_3k4_0002_rtl_core:\real_passthrough:hpfircore_core|u0_m0_wo0_mtree_add0_6_o[16]                                                                        ; 0                 ; 6       ;
;      - FIR:u_FIR_0|fir_3k4:u_fir_3k4_0|fir_3k4_0002:fir_3k4_inst|fir_3k4_0002_ast:fir_3k4_0002_ast_inst|fir_3k4_0002_rtl_core:\real_passthrough:hpfircore_core|u0_m0_wo0_accum_o[24]                                                                               ; 0                 ; 6       ;
;      - FIR:u_FIR_0|fir_3k4:u_fir_3k4_0|fir_3k4_0002:fir_3k4_inst|fir_3k4_0002_ast:fir_3k4_0002_ast_inst|fir_3k4_0002_rtl_core:\real_passthrough:hpfircore_core|u0_m0_wo0_mtree_add0_3_o[10]                                                                        ; 0                 ; 6       ;
;      - FIR:u_FIR_0|fir_3k4:u_fir_3k4_0|fir_3k4_0002:fir_3k4_inst|fir_3k4_0002_ast:fir_3k4_0002_ast_inst|fir_3k4_0002_rtl_core:\real_passthrough:hpfircore_core|u0_m0_wo0_mtree_add0_4_o[12]                                                                        ; 0                 ; 6       ;
;      - FIR:u_FIR_0|fir_3k4:u_fir_3k4_0|fir_3k4_0002:fir_3k4_inst|fir_3k4_0002_ast:fir_3k4_0002_ast_inst|fir_3k4_0002_rtl_core:\real_passthrough:hpfircore_core|u0_m0_wo0_mtree_add0_5_o[12]                                                                        ; 0                 ; 6       ;
;      - FIR:u_FIR_0|fir_3k4:u_fir_3k4_0|fir_3k4_0002:fir_3k4_inst|fir_3k4_0002_ast:fir_3k4_0002_ast_inst|fir_3k4_0002_rtl_core:\real_passthrough:hpfircore_core|u0_m0_wo0_mtree_add1_2_o[11]                                                                        ; 0                 ; 6       ;
;      - FIR:u_FIR_0|fir_3k4:u_fir_3k4_0|fir_3k4_0002:fir_3k4_inst|fir_3k4_0002_ast:fir_3k4_0002_ast_inst|fir_3k4_0002_rtl_core:\real_passthrough:hpfircore_core|u0_m0_wo0_mtree_add0_6_o[12]                                                                        ; 0                 ; 6       ;
;      - FIR:u_FIR_0|fir_3k4:u_fir_3k4_0|fir_3k4_0002:fir_3k4_inst|fir_3k4_0002_ast:fir_3k4_0002_ast_inst|fir_3k4_0002_rtl_core:\real_passthrough:hpfircore_core|u0_m0_wo0_mtree_add1_3_o[11]                                                                        ; 0                 ; 6       ;
;      - FIR:u_FIR_0|fir_3k4:u_fir_3k4_0|fir_3k4_0002:fir_3k4_inst|fir_3k4_0002_ast:fir_3k4_0002_ast_inst|fir_3k4_0002_rtl_core:\real_passthrough:hpfircore_core|u0_m0_wo0_mtree_add2_1_o[10]                                                                        ; 0                 ; 6       ;
;      - FIR:u_FIR_0|fir_3k4:u_fir_3k4_0|fir_3k4_0002:fir_3k4_inst|fir_3k4_0002_ast:fir_3k4_0002_ast_inst|fir_3k4_0002_rtl_core:\real_passthrough:hpfircore_core|u0_m0_wo0_mtree_add3_0_o[9]                                                                         ; 0                 ; 6       ;
;      - FIR:u_FIR_0|fir_3k4:u_fir_3k4_0|fir_3k4_0002:fir_3k4_inst|fir_3k4_0002_ast:fir_3k4_0002_ast_inst|fir_3k4_0002_rtl_core:\real_passthrough:hpfircore_core|u0_m0_wo0_accum_o[8]                                                                                ; 0                 ; 6       ;
;      - FIR:u_FIR_0|fir_3k4:u_fir_3k4_0|fir_3k4_0002:fir_3k4_inst|fir_3k4_0002_ast:fir_3k4_0002_ast_inst|fir_3k4_0002_rtl_core:\real_passthrough:hpfircore_core|u0_m0_wo0_accum_o[23]                                                                               ; 0                 ; 6       ;
;      - FIR:u_FIR_0|fir_3k4:u_fir_3k4_0|fir_3k4_0002:fir_3k4_inst|fir_3k4_0002_ast:fir_3k4_0002_ast_inst|fir_3k4_0002_rtl_core:\real_passthrough:hpfircore_core|u0_m0_wo0_mtree_add0_3_o[9]                                                                         ; 0                 ; 6       ;
;      - FIR:u_FIR_0|fir_3k4:u_fir_3k4_0|fir_3k4_0002:fir_3k4_inst|fir_3k4_0002_ast:fir_3k4_0002_ast_inst|fir_3k4_0002_rtl_core:\real_passthrough:hpfircore_core|u0_m0_wo0_mtree_add0_4_o[11]                                                                        ; 0                 ; 6       ;
;      - FIR:u_FIR_0|fir_3k4:u_fir_3k4_0|fir_3k4_0002:fir_3k4_inst|fir_3k4_0002_ast:fir_3k4_0002_ast_inst|fir_3k4_0002_rtl_core:\real_passthrough:hpfircore_core|u0_m0_wo0_mtree_add0_5_o[11]                                                                        ; 0                 ; 6       ;
;      - FIR:u_FIR_0|fir_3k4:u_fir_3k4_0|fir_3k4_0002:fir_3k4_inst|fir_3k4_0002_ast:fir_3k4_0002_ast_inst|fir_3k4_0002_rtl_core:\real_passthrough:hpfircore_core|u0_m0_wo0_mtree_add1_2_o[10]                                                                        ; 0                 ; 6       ;
;      - FIR:u_FIR_0|fir_3k4:u_fir_3k4_0|fir_3k4_0002:fir_3k4_inst|fir_3k4_0002_ast:fir_3k4_0002_ast_inst|fir_3k4_0002_rtl_core:\real_passthrough:hpfircore_core|u0_m0_wo0_mtree_add0_6_o[11]                                                                        ; 0                 ; 6       ;
;      - FIR:u_FIR_0|fir_3k4:u_fir_3k4_0|fir_3k4_0002:fir_3k4_inst|fir_3k4_0002_ast:fir_3k4_0002_ast_inst|fir_3k4_0002_rtl_core:\real_passthrough:hpfircore_core|u0_m0_wo0_mtree_add1_3_o[10]                                                                        ; 0                 ; 6       ;
;      - FIR:u_FIR_0|fir_3k4:u_fir_3k4_0|fir_3k4_0002:fir_3k4_inst|fir_3k4_0002_ast:fir_3k4_0002_ast_inst|fir_3k4_0002_rtl_core:\real_passthrough:hpfircore_core|u0_m0_wo0_mtree_add2_1_o[9]                                                                         ; 0                 ; 6       ;
;      - FIR:u_FIR_0|fir_3k4:u_fir_3k4_0|fir_3k4_0002:fir_3k4_inst|fir_3k4_0002_ast:fir_3k4_0002_ast_inst|fir_3k4_0002_rtl_core:\real_passthrough:hpfircore_core|u0_m0_wo0_mtree_add3_0_o[8]                                                                         ; 0                 ; 6       ;
;      - FIR:u_FIR_0|fir_3k4:u_fir_3k4_0|fir_3k4_0002:fir_3k4_inst|fir_3k4_0002_ast:fir_3k4_0002_ast_inst|fir_3k4_0002_rtl_core:\real_passthrough:hpfircore_core|u0_m0_wo0_accum_o[7]                                                                                ; 0                 ; 6       ;
;      - FIR:u_FIR_0|fir_3k4:u_fir_3k4_0|fir_3k4_0002:fir_3k4_inst|fir_3k4_0002_ast:fir_3k4_0002_ast_inst|fir_3k4_0002_rtl_core:\real_passthrough:hpfircore_core|u0_m0_wo0_accum_o[22]                                                                               ; 0                 ; 6       ;
;      - FIR:u_FIR_0|fir_3k4:u_fir_3k4_0|fir_3k4_0002:fir_3k4_inst|fir_3k4_0002_ast:fir_3k4_0002_ast_inst|fir_3k4_0002_rtl_core:\real_passthrough:hpfircore_core|u0_m0_wo0_mtree_add0_3_o[8]                                                                         ; 0                 ; 6       ;
;      - FIR:u_FIR_0|fir_3k4:u_fir_3k4_0|fir_3k4_0002:fir_3k4_inst|fir_3k4_0002_ast:fir_3k4_0002_ast_inst|fir_3k4_0002_rtl_core:\real_passthrough:hpfircore_core|u0_m0_wo0_mtree_add0_4_o[10]                                                                        ; 0                 ; 6       ;
;      - FIR:u_FIR_0|fir_3k4:u_fir_3k4_0|fir_3k4_0002:fir_3k4_inst|fir_3k4_0002_ast:fir_3k4_0002_ast_inst|fir_3k4_0002_rtl_core:\real_passthrough:hpfircore_core|u0_m0_wo0_mtree_add0_5_o[10]                                                                        ; 0                 ; 6       ;
;      - FIR:u_FIR_0|fir_3k4:u_fir_3k4_0|fir_3k4_0002:fir_3k4_inst|fir_3k4_0002_ast:fir_3k4_0002_ast_inst|fir_3k4_0002_rtl_core:\real_passthrough:hpfircore_core|u0_m0_wo0_mtree_add1_2_o[9]                                                                         ; 0                 ; 6       ;
;      - FIR:u_FIR_0|fir_3k4:u_fir_3k4_0|fir_3k4_0002:fir_3k4_inst|fir_3k4_0002_ast:fir_3k4_0002_ast_inst|fir_3k4_0002_rtl_core:\real_passthrough:hpfircore_core|u0_m0_wo0_mtree_add0_6_o[10]                                                                        ; 0                 ; 6       ;
;      - FIR:u_FIR_0|fir_3k4:u_fir_3k4_0|fir_3k4_0002:fir_3k4_inst|fir_3k4_0002_ast:fir_3k4_0002_ast_inst|fir_3k4_0002_rtl_core:\real_passthrough:hpfircore_core|u0_m0_wo0_mtree_add1_3_o[9]                                                                         ; 0                 ; 6       ;
;      - FIR:u_FIR_0|fir_3k4:u_fir_3k4_0|fir_3k4_0002:fir_3k4_inst|fir_3k4_0002_ast:fir_3k4_0002_ast_inst|fir_3k4_0002_rtl_core:\real_passthrough:hpfircore_core|u0_m0_wo0_mtree_add2_1_o[8]                                                                         ; 0                 ; 6       ;
;      - FIR:u_FIR_0|fir_3k4:u_fir_3k4_0|fir_3k4_0002:fir_3k4_inst|fir_3k4_0002_ast:fir_3k4_0002_ast_inst|fir_3k4_0002_rtl_core:\real_passthrough:hpfircore_core|u0_m0_wo0_mtree_add3_0_o[7]                                                                         ; 0                 ; 6       ;
;      - FIR:u_FIR_0|fir_3k4:u_fir_3k4_0|fir_3k4_0002:fir_3k4_inst|fir_3k4_0002_ast:fir_3k4_0002_ast_inst|fir_3k4_0002_rtl_core:\real_passthrough:hpfircore_core|u0_m0_wo0_accum_o[6]                                                                                ; 0                 ; 6       ;
;      - FIR:u_FIR_0|fir_3k4:u_fir_3k4_0|fir_3k4_0002:fir_3k4_inst|fir_3k4_0002_ast:fir_3k4_0002_ast_inst|fir_3k4_0002_rtl_core:\real_passthrough:hpfircore_core|u0_m0_wo0_accum_o[21]                                                                               ; 0                 ; 6       ;
;      - FIR:u_FIR_0|fir_3k4:u_fir_3k4_0|fir_3k4_0002:fir_3k4_inst|fir_3k4_0002_ast:fir_3k4_0002_ast_inst|fir_3k4_0002_rtl_core:\real_passthrough:hpfircore_core|u0_m0_wo0_ca20_i[1]                                                                                 ; 0                 ; 6       ;
;      - FIR:u_FIR_0|fir_3k4:u_fir_3k4_0|fir_3k4_0002:fir_3k4_inst|fir_3k4_0002_ast:fir_3k4_0002_ast_inst|fir_3k4_0002_rtl_core:\real_passthrough:hpfircore_core|u0_m0_wo0_ca20_i[2]                                                                                 ; 0                 ; 6       ;
;      - FIR:u_FIR_0|fir_3k4:u_fir_3k4_0|fir_3k4_0002:fir_3k4_inst|fir_3k4_0002_ast:fir_3k4_0002_ast_inst|fir_3k4_0002_rtl_core:\real_passthrough:hpfircore_core|u0_m0_wo0_ca20_i[3]                                                                                 ; 0                 ; 6       ;
;      - FIR:u_FIR_0|fir_3k4:u_fir_3k4_0|fir_3k4_0002:fir_3k4_inst|fir_3k4_0002_ast:fir_3k4_0002_ast_inst|fir_3k4_0002_rtl_core:\real_passthrough:hpfircore_core|u0_m0_wo0_ca20_i[4]                                                                                 ; 0                 ; 6       ;
;      - FIR:u_FIR_0|fir_3k4:u_fir_3k4_0|fir_3k4_0002:fir_3k4_inst|fir_3k4_0002_ast:fir_3k4_0002_ast_inst|fir_3k4_0002_rtl_core:\real_passthrough:hpfircore_core|u0_m0_wo0_ca20_i[5]                                                                                 ; 0                 ; 6       ;
;      - FIR:u_FIR_0|fir_3k4:u_fir_3k4_0|fir_3k4_0002:fir_3k4_inst|fir_3k4_0002_ast:fir_3k4_0002_ast_inst|fir_3k4_0002_rtl_core:\real_passthrough:hpfircore_core|u0_m0_wo0_ca20_i[6]                                                                                 ; 0                 ; 6       ;
;      - FIR:u_FIR_0|fir_3k4:u_fir_3k4_0|fir_3k4_0002:fir_3k4_inst|fir_3k4_0002_ast:fir_3k4_0002_ast_inst|fir_3k4_0002_rtl_core:\real_passthrough:hpfircore_core|u0_m0_wo0_ca20_i[7]                                                                                 ; 0                 ; 6       ;
;      - FIR:u_FIR_0|fir_3k4:u_fir_3k4_0|fir_3k4_0002:fir_3k4_inst|fir_3k4_0002_ast:fir_3k4_0002_ast_inst|fir_3k4_0002_rtl_core:\real_passthrough:hpfircore_core|u0_m0_wo0_wi0_r0_wa20_i[1]                                                                          ; 0                 ; 6       ;
;      - FIR:u_FIR_0|fir_3k4:u_fir_3k4_0|fir_3k4_0002:fir_3k4_inst|fir_3k4_0002_ast:fir_3k4_0002_ast_inst|fir_3k4_0002_rtl_core:\real_passthrough:hpfircore_core|u0_m0_wo0_wi0_r0_wa20_i[2]                                                                          ; 0                 ; 6       ;
;      - FIR:u_FIR_0|fir_3k4:u_fir_3k4_0|fir_3k4_0002:fir_3k4_inst|fir_3k4_0002_ast:fir_3k4_0002_ast_inst|fir_3k4_0002_rtl_core:\real_passthrough:hpfircore_core|u0_m0_wo0_wi0_r0_wa20_i[3]                                                                          ; 0                 ; 6       ;
;      - FIR:u_FIR_0|fir_3k4:u_fir_3k4_0|fir_3k4_0002:fir_3k4_inst|fir_3k4_0002_ast:fir_3k4_0002_ast_inst|fir_3k4_0002_rtl_core:\real_passthrough:hpfircore_core|u0_m0_wo0_wi0_r0_wa20_i[4]                                                                          ; 0                 ; 6       ;
;      - FIR:u_FIR_0|fir_3k4:u_fir_3k4_0|fir_3k4_0002:fir_3k4_inst|fir_3k4_0002_ast:fir_3k4_0002_ast_inst|fir_3k4_0002_rtl_core:\real_passthrough:hpfircore_core|u0_m0_wo0_wi0_r0_wa20_i[5]                                                                          ; 0                 ; 6       ;
;      - FIR:u_FIR_0|fir_3k4:u_fir_3k4_0|fir_3k4_0002:fir_3k4_inst|fir_3k4_0002_ast:fir_3k4_0002_ast_inst|fir_3k4_0002_rtl_core:\real_passthrough:hpfircore_core|u0_m0_wo0_wi0_r0_wa20_i[6]                                                                          ; 0                 ; 6       ;
;      - FIR:u_FIR_0|fir_3k4:u_fir_3k4_0|fir_3k4_0002:fir_3k4_inst|fir_3k4_0002_ast:fir_3k4_0002_ast_inst|fir_3k4_0002_rtl_core:\real_passthrough:hpfircore_core|u0_m0_wo0_wi0_r0_wa20_i[7]                                                                          ; 0                 ; 6       ;
;      - FIR:u_FIR_0|fir_3k4:u_fir_3k4_0|fir_3k4_0002:fir_3k4_inst|fir_3k4_0002_ast:fir_3k4_0002_ast_inst|fir_3k4_0002_rtl_core:\real_passthrough:hpfircore_core|u0_m0_wo0_wi0_r0_ra20_add_0_0_o[0]                                                                  ; 0                 ; 6       ;
;      - FIR:u_FIR_0|fir_3k4:u_fir_3k4_0|fir_3k4_0002:fir_3k4_inst|fir_3k4_0002_ast:fir_3k4_0002_ast_inst|fir_3k4_0002_rtl_core:\real_passthrough:hpfircore_core|u0_m0_wo0_wi0_r0_ra20_add_0_0_o[1]                                                                  ; 0                 ; 6       ;
;      - FIR:u_FIR_0|fir_3k4:u_fir_3k4_0|fir_3k4_0002:fir_3k4_inst|fir_3k4_0002_ast:fir_3k4_0002_ast_inst|fir_3k4_0002_rtl_core:\real_passthrough:hpfircore_core|u0_m0_wo0_wi0_r0_ra20_add_0_0_o[2]                                                                  ; 0                 ; 6       ;
;      - FIR:u_FIR_0|fir_3k4:u_fir_3k4_0|fir_3k4_0002:fir_3k4_inst|fir_3k4_0002_ast:fir_3k4_0002_ast_inst|fir_3k4_0002_rtl_core:\real_passthrough:hpfircore_core|u0_m0_wo0_wi0_r0_ra20_add_0_0_o[3]                                                                  ; 0                 ; 6       ;
;      - FIR:u_FIR_0|fir_3k4:u_fir_3k4_0|fir_3k4_0002:fir_3k4_inst|fir_3k4_0002_ast:fir_3k4_0002_ast_inst|fir_3k4_0002_rtl_core:\real_passthrough:hpfircore_core|u0_m0_wo0_wi0_r0_ra20_add_0_0_o[4]                                                                  ; 0                 ; 6       ;
;      - FIR:u_FIR_0|fir_3k4:u_fir_3k4_0|fir_3k4_0002:fir_3k4_inst|fir_3k4_0002_ast:fir_3k4_0002_ast_inst|fir_3k4_0002_rtl_core:\real_passthrough:hpfircore_core|u0_m0_wo0_wi0_r0_ra20_add_0_0_o[5]                                                                  ; 0                 ; 6       ;
;      - FIR:u_FIR_0|fir_3k4:u_fir_3k4_0|fir_3k4_0002:fir_3k4_inst|fir_3k4_0002_ast:fir_3k4_0002_ast_inst|fir_3k4_0002_rtl_core:\real_passthrough:hpfircore_core|u0_m0_wo0_wi0_r0_ra20_add_0_0_o[6]                                                                  ; 0                 ; 6       ;
;      - FIR:u_FIR_0|fir_3k4:u_fir_3k4_0|fir_3k4_0002:fir_3k4_inst|fir_3k4_0002_ast:fir_3k4_0002_ast_inst|fir_3k4_0002_rtl_core:\real_passthrough:hpfircore_core|u0_m0_wo0_wi0_r0_ra20_add_0_0_o[7]                                                                  ; 0                 ; 6       ;
;      - FIR:u_FIR_0|fir_3k4:u_fir_3k4_0|fir_3k4_0002:fir_3k4_inst|fir_3k4_0002_ast:fir_3k4_0002_ast_inst|fir_3k4_0002_rtl_core:\real_passthrough:hpfircore_core|u0_m0_wo0_mtree_add0_3_o[7]                                                                         ; 0                 ; 6       ;
;      - FIR:u_FIR_0|fir_3k4:u_fir_3k4_0|fir_3k4_0002:fir_3k4_inst|fir_3k4_0002_ast:fir_3k4_0002_ast_inst|fir_3k4_0002_rtl_core:\real_passthrough:hpfircore_core|u0_m0_wo0_mtree_add0_4_o[9]                                                                         ; 0                 ; 6       ;
;      - FIR:u_FIR_0|fir_3k4:u_fir_3k4_0|fir_3k4_0002:fir_3k4_inst|fir_3k4_0002_ast:fir_3k4_0002_ast_inst|fir_3k4_0002_rtl_core:\real_passthrough:hpfircore_core|u0_m0_wo0_mtree_add0_5_o[9]                                                                         ; 0                 ; 6       ;
;      - FIR:u_FIR_0|fir_3k4:u_fir_3k4_0|fir_3k4_0002:fir_3k4_inst|fir_3k4_0002_ast:fir_3k4_0002_ast_inst|fir_3k4_0002_rtl_core:\real_passthrough:hpfircore_core|u0_m0_wo0_mtree_add1_2_o[8]                                                                         ; 0                 ; 6       ;
;      - FIR:u_FIR_0|fir_3k4:u_fir_3k4_0|fir_3k4_0002:fir_3k4_inst|fir_3k4_0002_ast:fir_3k4_0002_ast_inst|fir_3k4_0002_rtl_core:\real_passthrough:hpfircore_core|u0_m0_wo0_mtree_add0_6_o[9]                                                                         ; 0                 ; 6       ;
;      - FIR:u_FIR_0|fir_3k4:u_fir_3k4_0|fir_3k4_0002:fir_3k4_inst|fir_3k4_0002_ast:fir_3k4_0002_ast_inst|fir_3k4_0002_rtl_core:\real_passthrough:hpfircore_core|u0_m0_wo0_mtree_add1_3_o[8]                                                                         ; 0                 ; 6       ;
;      - FIR:u_FIR_0|fir_3k4:u_fir_3k4_0|fir_3k4_0002:fir_3k4_inst|fir_3k4_0002_ast:fir_3k4_0002_ast_inst|fir_3k4_0002_rtl_core:\real_passthrough:hpfircore_core|u0_m0_wo0_mtree_add2_1_o[7]                                                                         ; 0                 ; 6       ;
;      - FIR:u_FIR_0|fir_3k4:u_fir_3k4_0|fir_3k4_0002:fir_3k4_inst|fir_3k4_0002_ast:fir_3k4_0002_ast_inst|fir_3k4_0002_rtl_core:\real_passthrough:hpfircore_core|u0_m0_wo0_mtree_add3_0_o[6]                                                                         ; 0                 ; 6       ;
;      - FIR:u_FIR_0|fir_3k4:u_fir_3k4_0|fir_3k4_0002:fir_3k4_inst|fir_3k4_0002_ast:fir_3k4_0002_ast_inst|fir_3k4_0002_rtl_core:\real_passthrough:hpfircore_core|u0_m0_wo0_accum_o[5]                                                                                ; 0                 ; 6       ;
;      - FIR:u_FIR_0|fir_3k4:u_fir_3k4_0|fir_3k4_0002:fir_3k4_inst|fir_3k4_0002_ast:fir_3k4_0002_ast_inst|fir_3k4_0002_rtl_core:\real_passthrough:hpfircore_core|u0_m0_wo0_accum_o[20]                                                                               ; 0                 ; 6       ;
;      - FIR:u_FIR_0|fir_3k4:u_fir_3k4_0|fir_3k4_0002:fir_3k4_inst|fir_3k4_0002_ast:fir_3k4_0002_ast_inst|fir_3k4_0002_rtl_core:\real_passthrough:hpfircore_core|u0_m0_wo0_wi0_r0_ra20_count0_i[1]                                                                   ; 0                 ; 6       ;
;      - FIR:u_FIR_0|fir_3k4:u_fir_3k4_0|fir_3k4_0002:fir_3k4_inst|fir_3k4_0002_ast:fir_3k4_0002_ast_inst|fir_3k4_0002_rtl_core:\real_passthrough:hpfircore_core|u0_m0_wo0_wi0_r0_ra20_count0_i[2]                                                                   ; 0                 ; 6       ;
;      - FIR:u_FIR_0|fir_3k4:u_fir_3k4_0|fir_3k4_0002:fir_3k4_inst|fir_3k4_0002_ast:fir_3k4_0002_ast_inst|fir_3k4_0002_rtl_core:\real_passthrough:hpfircore_core|u0_m0_wo0_wi0_r0_ra20_count0_i[3]                                                                   ; 0                 ; 6       ;
;      - FIR:u_FIR_0|fir_3k4:u_fir_3k4_0|fir_3k4_0002:fir_3k4_inst|fir_3k4_0002_ast:fir_3k4_0002_ast_inst|fir_3k4_0002_rtl_core:\real_passthrough:hpfircore_core|u0_m0_wo0_wi0_r0_ra20_count0_i[4]                                                                   ; 0                 ; 6       ;
;      - FIR:u_FIR_0|fir_3k4:u_fir_3k4_0|fir_3k4_0002:fir_3k4_inst|fir_3k4_0002_ast:fir_3k4_0002_ast_inst|fir_3k4_0002_rtl_core:\real_passthrough:hpfircore_core|u0_m0_wo0_wi0_r0_ra20_count0_i[5]                                                                   ; 0                 ; 6       ;
;      - FIR:u_FIR_0|fir_3k4:u_fir_3k4_0|fir_3k4_0002:fir_3k4_inst|fir_3k4_0002_ast:fir_3k4_0002_ast_inst|fir_3k4_0002_rtl_core:\real_passthrough:hpfircore_core|u0_m0_wo0_wi0_r0_ra20_count0_i[6]                                                                   ; 0                 ; 6       ;
;      - FIR:u_FIR_0|fir_3k4:u_fir_3k4_0|fir_3k4_0002:fir_3k4_inst|fir_3k4_0002_ast:fir_3k4_0002_ast_inst|fir_3k4_0002_rtl_core:\real_passthrough:hpfircore_core|u0_m0_wo0_wi0_r0_ra20_count0_i[7]                                                                   ; 0                 ; 6       ;
;      - FIR:u_FIR_0|fir_3k4:u_fir_3k4_0|fir_3k4_0002:fir_3k4_inst|fir_3k4_0002_ast:fir_3k4_0002_ast_inst|fir_3k4_0002_rtl_core:\real_passthrough:hpfircore_core|u0_m0_wo0_mtree_add0_3_o[6]                                                                         ; 0                 ; 6       ;
;      - FIR:u_FIR_0|fir_3k4:u_fir_3k4_0|fir_3k4_0002:fir_3k4_inst|fir_3k4_0002_ast:fir_3k4_0002_ast_inst|fir_3k4_0002_rtl_core:\real_passthrough:hpfircore_core|u0_m0_wo0_mtree_add0_4_o[8]                                                                         ; 0                 ; 6       ;
;      - FIR:u_FIR_0|fir_3k4:u_fir_3k4_0|fir_3k4_0002:fir_3k4_inst|fir_3k4_0002_ast:fir_3k4_0002_ast_inst|fir_3k4_0002_rtl_core:\real_passthrough:hpfircore_core|u0_m0_wo0_mtree_add0_5_o[8]                                                                         ; 0                 ; 6       ;
;      - FIR:u_FIR_0|fir_3k4:u_fir_3k4_0|fir_3k4_0002:fir_3k4_inst|fir_3k4_0002_ast:fir_3k4_0002_ast_inst|fir_3k4_0002_rtl_core:\real_passthrough:hpfircore_core|u0_m0_wo0_mtree_add1_2_o[7]                                                                         ; 0                 ; 6       ;
;      - FIR:u_FIR_0|fir_3k4:u_fir_3k4_0|fir_3k4_0002:fir_3k4_inst|fir_3k4_0002_ast:fir_3k4_0002_ast_inst|fir_3k4_0002_rtl_core:\real_passthrough:hpfircore_core|u0_m0_wo0_mtree_add0_6_o[8]                                                                         ; 0                 ; 6       ;
;      - FIR:u_FIR_0|fir_3k4:u_fir_3k4_0|fir_3k4_0002:fir_3k4_inst|fir_3k4_0002_ast:fir_3k4_0002_ast_inst|fir_3k4_0002_rtl_core:\real_passthrough:hpfircore_core|u0_m0_wo0_mtree_add1_3_o[7]                                                                         ; 0                 ; 6       ;
;      - FIR:u_FIR_0|fir_3k4:u_fir_3k4_0|fir_3k4_0002:fir_3k4_inst|fir_3k4_0002_ast:fir_3k4_0002_ast_inst|fir_3k4_0002_rtl_core:\real_passthrough:hpfircore_core|u0_m0_wo0_mtree_add2_1_o[6]                                                                         ; 0                 ; 6       ;
;      - FIR:u_FIR_0|fir_3k4:u_fir_3k4_0|fir_3k4_0002:fir_3k4_inst|fir_3k4_0002_ast:fir_3k4_0002_ast_inst|fir_3k4_0002_rtl_core:\real_passthrough:hpfircore_core|u0_m0_wo0_mtree_add3_0_o[5]                                                                         ; 0                 ; 6       ;
;      - FIR:u_FIR_0|fir_3k4:u_fir_3k4_0|fir_3k4_0002:fir_3k4_inst|fir_3k4_0002_ast:fir_3k4_0002_ast_inst|fir_3k4_0002_rtl_core:\real_passthrough:hpfircore_core|u0_m0_wo0_accum_o[4]                                                                                ; 0                 ; 6       ;
;      - FIR:u_FIR_0|fir_3k4:u_fir_3k4_0|fir_3k4_0002:fir_3k4_inst|fir_3k4_0002_ast:fir_3k4_0002_ast_inst|fir_3k4_0002_rtl_core:\real_passthrough:hpfircore_core|u0_m0_wo0_wi0_r0_ra20_count1_i[1]                                                                   ; 0                 ; 6       ;
;      - FIR:u_FIR_0|fir_3k4:u_fir_3k4_0|fir_3k4_0002:fir_3k4_inst|fir_3k4_0002_ast:fir_3k4_0002_ast_inst|fir_3k4_0002_rtl_core:\real_passthrough:hpfircore_core|u0_m0_wo0_wi0_r0_ra20_count1_i[2]                                                                   ; 0                 ; 6       ;
;      - FIR:u_FIR_0|fir_3k4:u_fir_3k4_0|fir_3k4_0002:fir_3k4_inst|fir_3k4_0002_ast:fir_3k4_0002_ast_inst|fir_3k4_0002_rtl_core:\real_passthrough:hpfircore_core|u0_m0_wo0_wi0_r0_ra20_count1_i[3]                                                                   ; 0                 ; 6       ;
;      - FIR:u_FIR_0|fir_3k4:u_fir_3k4_0|fir_3k4_0002:fir_3k4_inst|fir_3k4_0002_ast:fir_3k4_0002_ast_inst|fir_3k4_0002_rtl_core:\real_passthrough:hpfircore_core|u0_m0_wo0_wi0_r0_ra20_count1_i[4]                                                                   ; 0                 ; 6       ;
;      - FIR:u_FIR_0|fir_3k4:u_fir_3k4_0|fir_3k4_0002:fir_3k4_inst|fir_3k4_0002_ast:fir_3k4_0002_ast_inst|fir_3k4_0002_rtl_core:\real_passthrough:hpfircore_core|u0_m0_wo0_wi0_r0_ra20_count1_i[5]                                                                   ; 0                 ; 6       ;
;      - FIR:u_FIR_0|fir_3k4:u_fir_3k4_0|fir_3k4_0002:fir_3k4_inst|fir_3k4_0002_ast:fir_3k4_0002_ast_inst|fir_3k4_0002_rtl_core:\real_passthrough:hpfircore_core|u0_m0_wo0_wi0_r0_ra20_count1_i[6]                                                                   ; 0                 ; 6       ;
;      - FIR:u_FIR_0|fir_3k4:u_fir_3k4_0|fir_3k4_0002:fir_3k4_inst|fir_3k4_0002_ast:fir_3k4_0002_ast_inst|fir_3k4_0002_rtl_core:\real_passthrough:hpfircore_core|u0_m0_wo0_wi0_r0_ra20_count1_i[7]                                                                   ; 0                 ; 6       ;
;      - FIR:u_FIR_0|fir_3k4:u_fir_3k4_0|fir_3k4_0002:fir_3k4_inst|fir_3k4_0002_ast:fir_3k4_0002_ast_inst|fir_3k4_0002_rtl_core:\real_passthrough:hpfircore_core|u0_m0_wo0_wi0_r0_ra20_count0_inner_i[8]                                                             ; 0                 ; 6       ;
;      - FIR:u_FIR_0|fir_3k4:u_fir_3k4_0|fir_3k4_0002:fir_3k4_inst|fir_3k4_0002_ast:fir_3k4_0002_ast_inst|fir_3k4_0002_rtl_core:\real_passthrough:hpfircore_core|u0_m0_wo0_mtree_add0_3_o[5]                                                                         ; 0                 ; 6       ;
;      - FIR:u_FIR_0|fir_3k4:u_fir_3k4_0|fir_3k4_0002:fir_3k4_inst|fir_3k4_0002_ast:fir_3k4_0002_ast_inst|fir_3k4_0002_rtl_core:\real_passthrough:hpfircore_core|u0_m0_wo0_mtree_add0_4_o[7]                                                                         ; 0                 ; 6       ;
;      - FIR:u_FIR_0|fir_3k4:u_fir_3k4_0|fir_3k4_0002:fir_3k4_inst|fir_3k4_0002_ast:fir_3k4_0002_ast_inst|fir_3k4_0002_rtl_core:\real_passthrough:hpfircore_core|u0_m0_wo0_mtree_add0_5_o[7]                                                                         ; 0                 ; 6       ;
;      - FIR:u_FIR_0|fir_3k4:u_fir_3k4_0|fir_3k4_0002:fir_3k4_inst|fir_3k4_0002_ast:fir_3k4_0002_ast_inst|fir_3k4_0002_rtl_core:\real_passthrough:hpfircore_core|u0_m0_wo0_mtree_add1_2_o[6]                                                                         ; 0                 ; 6       ;
;      - FIR:u_FIR_0|fir_3k4:u_fir_3k4_0|fir_3k4_0002:fir_3k4_inst|fir_3k4_0002_ast:fir_3k4_0002_ast_inst|fir_3k4_0002_rtl_core:\real_passthrough:hpfircore_core|u0_m0_wo0_mtree_add0_6_o[7]                                                                         ; 0                 ; 6       ;
;      - FIR:u_FIR_0|fir_3k4:u_fir_3k4_0|fir_3k4_0002:fir_3k4_inst|fir_3k4_0002_ast:fir_3k4_0002_ast_inst|fir_3k4_0002_rtl_core:\real_passthrough:hpfircore_core|u0_m0_wo0_mtree_add1_3_o[6]                                                                         ; 0                 ; 6       ;
;      - FIR:u_FIR_0|fir_3k4:u_fir_3k4_0|fir_3k4_0002:fir_3k4_inst|fir_3k4_0002_ast:fir_3k4_0002_ast_inst|fir_3k4_0002_rtl_core:\real_passthrough:hpfircore_core|u0_m0_wo0_mtree_add2_1_o[5]                                                                         ; 0                 ; 6       ;
;      - FIR:u_FIR_0|fir_3k4:u_fir_3k4_0|fir_3k4_0002:fir_3k4_inst|fir_3k4_0002_ast:fir_3k4_0002_ast_inst|fir_3k4_0002_rtl_core:\real_passthrough:hpfircore_core|u0_m0_wo0_mtree_add3_0_o[4]                                                                         ; 0                 ; 6       ;
;      - FIR:u_FIR_0|fir_3k4:u_fir_3k4_0|fir_3k4_0002:fir_3k4_inst|fir_3k4_0002_ast:fir_3k4_0002_ast_inst|fir_3k4_0002_rtl_core:\real_passthrough:hpfircore_core|u0_m0_wo0_accum_o[3]                                                                                ; 0                 ; 6       ;
;      - FIR:u_FIR_0|fir_3k4:u_fir_3k4_0|fir_3k4_0002:fir_3k4_inst|fir_3k4_0002_ast:fir_3k4_0002_ast_inst|fir_3k4_0002_rtl_core:\real_passthrough:hpfircore_core|u0_m0_wo0_wi0_r0_ra20_count0_inner_i[7]                                                             ; 0                 ; 6       ;
;      - FIR:u_FIR_0|fir_3k4:u_fir_3k4_0|fir_3k4_0002:fir_3k4_inst|fir_3k4_0002_ast:fir_3k4_0002_ast_inst|fir_3k4_0002_rtl_core:\real_passthrough:hpfircore_core|u0_m0_wo0_mtree_add0_3_o[4]                                                                         ; 0                 ; 6       ;
;      - FIR:u_FIR_0|fir_3k4:u_fir_3k4_0|fir_3k4_0002:fir_3k4_inst|fir_3k4_0002_ast:fir_3k4_0002_ast_inst|fir_3k4_0002_rtl_core:\real_passthrough:hpfircore_core|u0_m0_wo0_mtree_add0_4_o[6]                                                                         ; 0                 ; 6       ;
;      - FIR:u_FIR_0|fir_3k4:u_fir_3k4_0|fir_3k4_0002:fir_3k4_inst|fir_3k4_0002_ast:fir_3k4_0002_ast_inst|fir_3k4_0002_rtl_core:\real_passthrough:hpfircore_core|u0_m0_wo0_mtree_add0_5_o[6]                                                                         ; 0                 ; 6       ;
;      - FIR:u_FIR_0|fir_3k4:u_fir_3k4_0|fir_3k4_0002:fir_3k4_inst|fir_3k4_0002_ast:fir_3k4_0002_ast_inst|fir_3k4_0002_rtl_core:\real_passthrough:hpfircore_core|u0_m0_wo0_mtree_add1_2_o[5]                                                                         ; 0                 ; 6       ;
;      - FIR:u_FIR_0|fir_3k4:u_fir_3k4_0|fir_3k4_0002:fir_3k4_inst|fir_3k4_0002_ast:fir_3k4_0002_ast_inst|fir_3k4_0002_rtl_core:\real_passthrough:hpfircore_core|u0_m0_wo0_mtree_add0_6_o[6]                                                                         ; 0                 ; 6       ;
;      - FIR:u_FIR_0|fir_3k4:u_fir_3k4_0|fir_3k4_0002:fir_3k4_inst|fir_3k4_0002_ast:fir_3k4_0002_ast_inst|fir_3k4_0002_rtl_core:\real_passthrough:hpfircore_core|u0_m0_wo0_mtree_add1_3_o[5]                                                                         ; 0                 ; 6       ;
;      - FIR:u_FIR_0|fir_3k4:u_fir_3k4_0|fir_3k4_0002:fir_3k4_inst|fir_3k4_0002_ast:fir_3k4_0002_ast_inst|fir_3k4_0002_rtl_core:\real_passthrough:hpfircore_core|u0_m0_wo0_mtree_add2_1_o[4]                                                                         ; 0                 ; 6       ;
;      - FIR:u_FIR_0|fir_3k4:u_fir_3k4_0|fir_3k4_0002:fir_3k4_inst|fir_3k4_0002_ast:fir_3k4_0002_ast_inst|fir_3k4_0002_rtl_core:\real_passthrough:hpfircore_core|u0_m0_wo0_mtree_add3_0_o[3]                                                                         ; 0                 ; 6       ;
;      - FIR:u_FIR_0|fir_3k4:u_fir_3k4_0|fir_3k4_0002:fir_3k4_inst|fir_3k4_0002_ast:fir_3k4_0002_ast_inst|fir_3k4_0002_rtl_core:\real_passthrough:hpfircore_core|u0_m0_wo0_accum_o[2]                                                                                ; 0                 ; 6       ;
;      - FIR:u_FIR_0|fir_3k4:u_fir_3k4_0|fir_3k4_0002:fir_3k4_inst|fir_3k4_0002_ast:fir_3k4_0002_ast_inst|fir_3k4_0002_rtl_core:\real_passthrough:hpfircore_core|u0_m0_wo0_wi0_r0_ra20_count0_inner_i[6]                                                             ; 0                 ; 6       ;
;      - FIR:u_FIR_0|fir_3k4:u_fir_3k4_0|fir_3k4_0002:fir_3k4_inst|fir_3k4_0002_ast:fir_3k4_0002_ast_inst|fir_3k4_0002_rtl_core:\real_passthrough:hpfircore_core|u0_m0_wo0_mtree_add0_3_o[3]                                                                         ; 0                 ; 6       ;
;      - FIR:u_FIR_0|fir_3k4:u_fir_3k4_0|fir_3k4_0002:fir_3k4_inst|fir_3k4_0002_ast:fir_3k4_0002_ast_inst|fir_3k4_0002_rtl_core:\real_passthrough:hpfircore_core|u0_m0_wo0_mtree_add0_4_o[5]                                                                         ; 0                 ; 6       ;
;      - FIR:u_FIR_0|fir_3k4:u_fir_3k4_0|fir_3k4_0002:fir_3k4_inst|fir_3k4_0002_ast:fir_3k4_0002_ast_inst|fir_3k4_0002_rtl_core:\real_passthrough:hpfircore_core|u0_m0_wo0_mtree_add0_5_o[5]                                                                         ; 0                 ; 6       ;
;      - FIR:u_FIR_0|fir_3k4:u_fir_3k4_0|fir_3k4_0002:fir_3k4_inst|fir_3k4_0002_ast:fir_3k4_0002_ast_inst|fir_3k4_0002_rtl_core:\real_passthrough:hpfircore_core|u0_m0_wo0_mtree_add1_2_o[4]                                                                         ; 0                 ; 6       ;
;      - FIR:u_FIR_0|fir_3k4:u_fir_3k4_0|fir_3k4_0002:fir_3k4_inst|fir_3k4_0002_ast:fir_3k4_0002_ast_inst|fir_3k4_0002_rtl_core:\real_passthrough:hpfircore_core|u0_m0_wo0_mtree_add0_6_o[5]                                                                         ; 0                 ; 6       ;
;      - FIR:u_FIR_0|fir_3k4:u_fir_3k4_0|fir_3k4_0002:fir_3k4_inst|fir_3k4_0002_ast:fir_3k4_0002_ast_inst|fir_3k4_0002_rtl_core:\real_passthrough:hpfircore_core|u0_m0_wo0_mtree_add1_3_o[4]                                                                         ; 0                 ; 6       ;
;      - FIR:u_FIR_0|fir_3k4:u_fir_3k4_0|fir_3k4_0002:fir_3k4_inst|fir_3k4_0002_ast:fir_3k4_0002_ast_inst|fir_3k4_0002_rtl_core:\real_passthrough:hpfircore_core|u0_m0_wo0_mtree_add2_1_o[3]                                                                         ; 0                 ; 6       ;
;      - FIR:u_FIR_0|fir_3k4:u_fir_3k4_0|fir_3k4_0002:fir_3k4_inst|fir_3k4_0002_ast:fir_3k4_0002_ast_inst|fir_3k4_0002_rtl_core:\real_passthrough:hpfircore_core|u0_m0_wo0_mtree_add3_0_o[2]                                                                         ; 0                 ; 6       ;
;      - FIR:u_FIR_0|fir_3k4:u_fir_3k4_0|fir_3k4_0002:fir_3k4_inst|fir_3k4_0002_ast:fir_3k4_0002_ast_inst|fir_3k4_0002_rtl_core:\real_passthrough:hpfircore_core|u0_m0_wo0_accum_o[1]                                                                                ; 0                 ; 6       ;
;      - FIR:u_FIR_0|fir_3k4:u_fir_3k4_0|fir_3k4_0002:fir_3k4_inst|fir_3k4_0002_ast:fir_3k4_0002_ast_inst|fir_3k4_0002_rtl_core:\real_passthrough:hpfircore_core|u0_m0_wo0_wi0_r0_ra20_count0_inner_i[5]                                                             ; 0                 ; 6       ;
;      - FIR:u_FIR_0|fir_3k4:u_fir_3k4_0|fir_3k4_0002:fir_3k4_inst|fir_3k4_0002_ast:fir_3k4_0002_ast_inst|fir_3k4_0002_rtl_core:\real_passthrough:hpfircore_core|u0_m0_wo0_mtree_add0_3_o[2]                                                                         ; 0                 ; 6       ;
;      - FIR:u_FIR_0|fir_3k4:u_fir_3k4_0|fir_3k4_0002:fir_3k4_inst|fir_3k4_0002_ast:fir_3k4_0002_ast_inst|fir_3k4_0002_rtl_core:\real_passthrough:hpfircore_core|u0_m0_wo0_mtree_add0_4_o[4]                                                                         ; 0                 ; 6       ;
;      - FIR:u_FIR_0|fir_3k4:u_fir_3k4_0|fir_3k4_0002:fir_3k4_inst|fir_3k4_0002_ast:fir_3k4_0002_ast_inst|fir_3k4_0002_rtl_core:\real_passthrough:hpfircore_core|u0_m0_wo0_mtree_add0_5_o[4]                                                                         ; 0                 ; 6       ;
;      - FIR:u_FIR_0|fir_3k4:u_fir_3k4_0|fir_3k4_0002:fir_3k4_inst|fir_3k4_0002_ast:fir_3k4_0002_ast_inst|fir_3k4_0002_rtl_core:\real_passthrough:hpfircore_core|u0_m0_wo0_mtree_add1_2_o[3]                                                                         ; 0                 ; 6       ;
;      - FIR:u_FIR_0|fir_3k4:u_fir_3k4_0|fir_3k4_0002:fir_3k4_inst|fir_3k4_0002_ast:fir_3k4_0002_ast_inst|fir_3k4_0002_rtl_core:\real_passthrough:hpfircore_core|u0_m0_wo0_mtree_add0_6_o[4]                                                                         ; 0                 ; 6       ;
;      - FIR:u_FIR_0|fir_3k4:u_fir_3k4_0|fir_3k4_0002:fir_3k4_inst|fir_3k4_0002_ast:fir_3k4_0002_ast_inst|fir_3k4_0002_rtl_core:\real_passthrough:hpfircore_core|u0_m0_wo0_mtree_add1_3_o[3]                                                                         ; 0                 ; 6       ;
;      - FIR:u_FIR_0|fir_3k4:u_fir_3k4_0|fir_3k4_0002:fir_3k4_inst|fir_3k4_0002_ast:fir_3k4_0002_ast_inst|fir_3k4_0002_rtl_core:\real_passthrough:hpfircore_core|u0_m0_wo0_mtree_add2_1_o[2]                                                                         ; 0                 ; 6       ;
;      - FIR:u_FIR_0|fir_3k4:u_fir_3k4_0|fir_3k4_0002:fir_3k4_inst|fir_3k4_0002_ast:fir_3k4_0002_ast_inst|fir_3k4_0002_rtl_core:\real_passthrough:hpfircore_core|u0_m0_wo0_mtree_add3_0_o[1]                                                                         ; 0                 ; 6       ;
;      - FIR:u_FIR_0|fir_3k4:u_fir_3k4_0|fir_3k4_0002:fir_3k4_inst|fir_3k4_0002_ast:fir_3k4_0002_ast_inst|fir_3k4_0002_rtl_core:\real_passthrough:hpfircore_core|u0_m0_wo0_accum_o[0]                                                                                ; 0                 ; 6       ;
;      - FIR:u_FIR_0|fir_3k4:u_fir_3k4_0|fir_3k4_0002:fir_3k4_inst|fir_3k4_0002_ast:fir_3k4_0002_ast_inst|fir_3k4_0002_rtl_core:\real_passthrough:hpfircore_core|u0_m0_wo0_wi0_r0_ra20_count0_inner_i[4]                                                             ; 0                 ; 6       ;
;      - FIR:u_FIR_0|fir_3k4:u_fir_3k4_0|fir_3k4_0002:fir_3k4_inst|fir_3k4_0002_ast:fir_3k4_0002_ast_inst|fir_3k4_0002_rtl_core:\real_passthrough:hpfircore_core|u0_m0_wo0_mtree_add0_3_o[1]                                                                         ; 0                 ; 6       ;
;      - FIR:u_FIR_0|fir_3k4:u_fir_3k4_0|fir_3k4_0002:fir_3k4_inst|fir_3k4_0002_ast:fir_3k4_0002_ast_inst|fir_3k4_0002_rtl_core:\real_passthrough:hpfircore_core|u0_m0_wo0_mtree_add0_4_o[3]                                                                         ; 0                 ; 6       ;
;      - FIR:u_FIR_0|fir_3k4:u_fir_3k4_0|fir_3k4_0002:fir_3k4_inst|fir_3k4_0002_ast:fir_3k4_0002_ast_inst|fir_3k4_0002_rtl_core:\real_passthrough:hpfircore_core|u0_m0_wo0_mtree_add0_5_o[3]                                                                         ; 0                 ; 6       ;
;      - FIR:u_FIR_0|fir_3k4:u_fir_3k4_0|fir_3k4_0002:fir_3k4_inst|fir_3k4_0002_ast:fir_3k4_0002_ast_inst|fir_3k4_0002_rtl_core:\real_passthrough:hpfircore_core|u0_m0_wo0_mtree_add1_2_o[2]                                                                         ; 0                 ; 6       ;
;      - FIR:u_FIR_0|fir_3k4:u_fir_3k4_0|fir_3k4_0002:fir_3k4_inst|fir_3k4_0002_ast:fir_3k4_0002_ast_inst|fir_3k4_0002_rtl_core:\real_passthrough:hpfircore_core|u0_m0_wo0_wi0_r0_wa0_i[1]                                                                           ; 0                 ; 6       ;
;      - FIR:u_FIR_0|fir_3k4:u_fir_3k4_0|fir_3k4_0002:fir_3k4_inst|fir_3k4_0002_ast:fir_3k4_0002_ast_inst|fir_3k4_0002_rtl_core:\real_passthrough:hpfircore_core|u0_m0_wo0_wi0_r0_wa0_i[2]                                                                           ; 0                 ; 6       ;
;      - FIR:u_FIR_0|fir_3k4:u_fir_3k4_0|fir_3k4_0002:fir_3k4_inst|fir_3k4_0002_ast:fir_3k4_0002_ast_inst|fir_3k4_0002_rtl_core:\real_passthrough:hpfircore_core|u0_m0_wo0_wi0_r0_wa0_i[3]                                                                           ; 0                 ; 6       ;
;      - FIR:u_FIR_0|fir_3k4:u_fir_3k4_0|fir_3k4_0002:fir_3k4_inst|fir_3k4_0002_ast:fir_3k4_0002_ast_inst|fir_3k4_0002_rtl_core:\real_passthrough:hpfircore_core|u0_m0_wo0_wi0_r0_wa0_i[4]                                                                           ; 0                 ; 6       ;
;      - FIR:u_FIR_0|fir_3k4:u_fir_3k4_0|fir_3k4_0002:fir_3k4_inst|fir_3k4_0002_ast:fir_3k4_0002_ast_inst|fir_3k4_0002_rtl_core:\real_passthrough:hpfircore_core|u0_m0_wo0_wi0_r0_wa0_i[5]                                                                           ; 0                 ; 6       ;
;      - FIR:u_FIR_0|fir_3k4:u_fir_3k4_0|fir_3k4_0002:fir_3k4_inst|fir_3k4_0002_ast:fir_3k4_0002_ast_inst|fir_3k4_0002_rtl_core:\real_passthrough:hpfircore_core|u0_m0_wo0_wi0_r0_wa0_i[6]                                                                           ; 0                 ; 6       ;
;      - FIR:u_FIR_0|fir_3k4:u_fir_3k4_0|fir_3k4_0002:fir_3k4_inst|fir_3k4_0002_ast:fir_3k4_0002_ast_inst|fir_3k4_0002_rtl_core:\real_passthrough:hpfircore_core|u0_m0_wo0_wi0_r0_wa0_i[7]                                                                           ; 0                 ; 6       ;
;      - FIR:u_FIR_0|fir_3k4:u_fir_3k4_0|fir_3k4_0002:fir_3k4_inst|fir_3k4_0002_ast:fir_3k4_0002_ast_inst|fir_3k4_0002_rtl_core:\real_passthrough:hpfircore_core|u0_m0_wo0_mtree_add0_6_o[3]                                                                         ; 0                 ; 6       ;
;      - FIR:u_FIR_0|fir_3k4:u_fir_3k4_0|fir_3k4_0002:fir_3k4_inst|fir_3k4_0002_ast:fir_3k4_0002_ast_inst|fir_3k4_0002_rtl_core:\real_passthrough:hpfircore_core|u0_m0_wo0_mtree_add1_3_o[2]                                                                         ; 0                 ; 6       ;
;      - FIR:u_FIR_0|fir_3k4:u_fir_3k4_0|fir_3k4_0002:fir_3k4_inst|fir_3k4_0002_ast:fir_3k4_0002_ast_inst|fir_3k4_0002_rtl_core:\real_passthrough:hpfircore_core|u0_m0_wo0_mtree_add2_1_o[1]                                                                         ; 0                 ; 6       ;
;      - FIR:u_FIR_0|fir_3k4:u_fir_3k4_0|fir_3k4_0002:fir_3k4_inst|fir_3k4_0002_ast:fir_3k4_0002_ast_inst|fir_3k4_0002_rtl_core:\real_passthrough:hpfircore_core|u0_m0_wo0_mtree_add3_0_o[0]                                                                         ; 0                 ; 6       ;
;      - FIR:u_FIR_0|fir_3k4:u_fir_3k4_0|fir_3k4_0002:fir_3k4_inst|fir_3k4_0002_ast:fir_3k4_0002_ast_inst|fir_3k4_0002_rtl_core:\real_passthrough:hpfircore_core|u0_m0_wo0_wi0_r0_ra20_count0_inner_i[3]                                                             ; 0                 ; 6       ;
;      - FIR:u_FIR_0|fir_3k4:u_fir_3k4_0|fir_3k4_0002:fir_3k4_inst|fir_3k4_0002_ast:fir_3k4_0002_ast_inst|fir_3k4_0002_rtl_core:\real_passthrough:hpfircore_core|u0_m0_wo0_mtree_add0_3_o[0]                                                                         ; 0                 ; 6       ;
;      - FIR:u_FIR_0|fir_3k4:u_fir_3k4_0|fir_3k4_0002:fir_3k4_inst|fir_3k4_0002_ast:fir_3k4_0002_ast_inst|fir_3k4_0002_rtl_core:\real_passthrough:hpfircore_core|u0_m0_wo0_mtree_add0_4_o[2]                                                                         ; 0                 ; 6       ;
;      - FIR:u_FIR_0|fir_3k4:u_fir_3k4_0|fir_3k4_0002:fir_3k4_inst|fir_3k4_0002_ast:fir_3k4_0002_ast_inst|fir_3k4_0002_rtl_core:\real_passthrough:hpfircore_core|u0_m0_wo0_mtree_add0_5_o[2]                                                                         ; 0                 ; 6       ;
;      - FIR:u_FIR_0|fir_3k4:u_fir_3k4_0|fir_3k4_0002:fir_3k4_inst|fir_3k4_0002_ast:fir_3k4_0002_ast_inst|fir_3k4_0002_rtl_core:\real_passthrough:hpfircore_core|u0_m0_wo0_mtree_add1_2_o[1]                                                                         ; 0                 ; 6       ;
;      - FIR:u_FIR_0|fir_3k4:u_fir_3k4_0|fir_3k4_0002:fir_3k4_inst|fir_3k4_0002_ast:fir_3k4_0002_ast_inst|fir_3k4_0002_rtl_core:\real_passthrough:hpfircore_core|u0_m0_wo0_mtree_add0_6_o[2]                                                                         ; 0                 ; 6       ;
;      - FIR:u_FIR_0|fir_3k4:u_fir_3k4_0|fir_3k4_0002:fir_3k4_inst|fir_3k4_0002_ast:fir_3k4_0002_ast_inst|fir_3k4_0002_rtl_core:\real_passthrough:hpfircore_core|u0_m0_wo0_mtree_add1_3_o[1]                                                                         ; 0                 ; 6       ;
;      - FIR:u_FIR_0|fir_3k4:u_fir_3k4_0|fir_3k4_0002:fir_3k4_inst|fir_3k4_0002_ast:fir_3k4_0002_ast_inst|fir_3k4_0002_rtl_core:\real_passthrough:hpfircore_core|u0_m0_wo0_mtree_add2_1_o[0]                                                                         ; 0                 ; 6       ;
;      - FIR:u_FIR_0|fir_3k4:u_fir_3k4_0|fir_3k4_0002:fir_3k4_inst|fir_3k4_0002_ast:fir_3k4_0002_ast_inst|fir_3k4_0002_rtl_core:\real_passthrough:hpfircore_core|u0_m0_wo0_wi0_r0_ra20_count0_inner_i[2]                                                             ; 0                 ; 6       ;
;      - FIR:u_FIR_0|fir_3k4:u_fir_3k4_0|fir_3k4_0002:fir_3k4_inst|fir_3k4_0002_ast:fir_3k4_0002_ast_inst|fir_3k4_0002_rtl_core:\real_passthrough:hpfircore_core|u0_m0_wo0_mtree_add0_4_o[1]                                                                         ; 0                 ; 6       ;
;      - FIR:u_FIR_0|fir_3k4:u_fir_3k4_0|fir_3k4_0002:fir_3k4_inst|fir_3k4_0002_ast:fir_3k4_0002_ast_inst|fir_3k4_0002_rtl_core:\real_passthrough:hpfircore_core|u0_m0_wo0_mtree_add0_5_o[1]                                                                         ; 0                 ; 6       ;
;      - FIR:u_FIR_0|fir_3k4:u_fir_3k4_0|fir_3k4_0002:fir_3k4_inst|fir_3k4_0002_ast:fir_3k4_0002_ast_inst|fir_3k4_0002_rtl_core:\real_passthrough:hpfircore_core|u0_m0_wo0_mtree_add1_2_o[0]                                                                         ; 0                 ; 6       ;
;      - FIR:u_FIR_0|fir_3k4:u_fir_3k4_0|fir_3k4_0002:fir_3k4_inst|fir_3k4_0002_ast:fir_3k4_0002_ast_inst|fir_3k4_0002_rtl_core:\real_passthrough:hpfircore_core|u0_m0_wo0_mtree_add0_6_o[1]                                                                         ; 0                 ; 6       ;
;      - FIR:u_FIR_0|fir_3k4:u_fir_3k4_0|fir_3k4_0002:fir_3k4_inst|fir_3k4_0002_ast:fir_3k4_0002_ast_inst|fir_3k4_0002_rtl_core:\real_passthrough:hpfircore_core|u0_m0_wo0_mtree_add1_3_o[0]                                                                         ; 0                 ; 6       ;
;      - FIR:u_FIR_0|fir_3k4:u_fir_3k4_0|fir_3k4_0002:fir_3k4_inst|fir_3k4_0002_ast:fir_3k4_0002_ast_inst|fir_3k4_0002_rtl_core:\real_passthrough:hpfircore_core|u0_m0_wo0_wi0_r0_ra20_count0_inner_i[1]                                                             ; 0                 ; 6       ;
;      - FIR:u_FIR_0|fir_3k4:u_fir_3k4_0|fir_3k4_0002:fir_3k4_inst|fir_3k4_0002_ast:fir_3k4_0002_ast_inst|fir_3k4_0002_rtl_core:\real_passthrough:hpfircore_core|u0_m0_wo0_mtree_add0_4_o[0]                                                                         ; 0                 ; 6       ;
;      - FIR:u_FIR_0|fir_3k4:u_fir_3k4_0|fir_3k4_0002:fir_3k4_inst|fir_3k4_0002_ast:fir_3k4_0002_ast_inst|fir_3k4_0002_rtl_core:\real_passthrough:hpfircore_core|u0_m0_wo0_mtree_add0_5_o[0]                                                                         ; 0                 ; 6       ;
;      - FIR:u_FIR_0|fir_3k4:u_fir_3k4_0|fir_3k4_0002:fir_3k4_inst|fir_3k4_0002_ast:fir_3k4_0002_ast_inst|fir_3k4_0002_rtl_core:\real_passthrough:hpfircore_core|u0_m0_wo0_mtree_add0_6_o[0]                                                                         ; 0                 ; 6       ;
;      - FIR:u_FIR_0|lpf_data[0]                                                                                                                                                                                                                                     ; 0                 ; 6       ;
;      - FIR:u_FIR_0|lpf_data[1]                                                                                                                                                                                                                                     ; 0                 ; 6       ;
;      - FIR:u_FIR_0|lpf_data[2]                                                                                                                                                                                                                                     ; 0                 ; 6       ;
;      - FIR:u_FIR_0|lpf_data[3]                                                                                                                                                                                                                                     ; 0                 ; 6       ;
;      - FIR:u_FIR_0|lpf_data[4]                                                                                                                                                                                                                                     ; 0                 ; 6       ;
;      - FIR:u_FIR_0|lpf_data[5]                                                                                                                                                                                                                                     ; 0                 ; 6       ;
;      - FIR:u_FIR_0|lpf_data[6]                                                                                                                                                                                                                                     ; 0                 ; 6       ;
;      - FIR:u_FIR_0|lpf_data[7]                                                                                                                                                                                                                                     ; 0                 ; 6       ;
;      - FIR:u_FIR_0|fir_3k4:u_fir_3k4_0|fir_3k4_0002:fir_3k4_inst|fir_3k4_0002_ast:fir_3k4_0002_ast_inst|auk_dspip_avalon_streaming_source_hpfir:source|data_out[13]                                                                                                ; 0                 ; 6       ;
;      - FIR:u_FIR_0|fs_pulse                                                                                                                                                                                                                                        ; 0                 ; 6       ;
;      - FIR:u_FIR_0|fir_3k4:u_fir_3k4_0|fir_3k4_0002:fir_3k4_inst|fir_3k4_0002_ast:fir_3k4_0002_ast_inst|auk_dspip_avalon_streaming_source_hpfir:source|data_out[14]                                                                                                ; 0                 ; 6       ;
;      - FIR:u_FIR_0|fir_3k4:u_fir_3k4_0|fir_3k4_0002:fir_3k4_inst|fir_3k4_0002_ast:fir_3k4_0002_ast_inst|auk_dspip_avalon_streaming_source_hpfir:source|data_out[15]                                                                                                ; 0                 ; 6       ;
;      - FIR:u_FIR_0|fir_3k4:u_fir_3k4_0|fir_3k4_0002:fir_3k4_inst|fir_3k4_0002_ast:fir_3k4_0002_ast_inst|auk_dspip_avalon_streaming_source_hpfir:source|data_out[16]                                                                                                ; 0                 ; 6       ;
;      - FIR:u_FIR_0|fir_3k4:u_fir_3k4_0|fir_3k4_0002:fir_3k4_inst|fir_3k4_0002_ast:fir_3k4_0002_ast_inst|auk_dspip_avalon_streaming_source_hpfir:source|data_out[17]                                                                                                ; 0                 ; 6       ;
;      - FIR:u_FIR_0|fir_3k4:u_fir_3k4_0|fir_3k4_0002:fir_3k4_inst|fir_3k4_0002_ast:fir_3k4_0002_ast_inst|auk_dspip_avalon_streaming_source_hpfir:source|data_out[18]                                                                                                ; 0                 ; 6       ;
;      - FIR:u_FIR_0|fir_3k4:u_fir_3k4_0|fir_3k4_0002:fir_3k4_inst|fir_3k4_0002_ast:fir_3k4_0002_ast_inst|auk_dspip_avalon_streaming_source_hpfir:source|data_out[19]                                                                                                ; 0                 ; 6       ;
;      - FIR:u_FIR_0|fir_3k4:u_fir_3k4_0|fir_3k4_0002:fir_3k4_inst|fir_3k4_0002_ast:fir_3k4_0002_ast_inst|auk_dspip_avalon_streaming_source_hpfir:source|data_out[28]                                                                                                ; 0                 ; 6       ;
;      - FIR:u_FIR_0|cnt[7]                                                                                                                                                                                                                                          ; 0                 ; 6       ;
;      - FIR:u_FIR_0|cnt[6]                                                                                                                                                                                                                                          ; 0                 ; 6       ;
;      - FIR:u_FIR_0|cnt[9]                                                                                                                                                                                                                                          ; 0                 ; 6       ;
;      - FIR:u_FIR_0|cnt[8]                                                                                                                                                                                                                                          ; 0                 ; 6       ;
;      - FIR:u_FIR_0|cnt[5]                                                                                                                                                                                                                                          ; 0                 ; 6       ;
;      - FIR:u_FIR_0|cnt[4]                                                                                                                                                                                                                                          ; 0                 ; 6       ;
;      - FIR:u_FIR_0|cnt[3]                                                                                                                                                                                                                                          ; 0                 ; 6       ;
;      - FIR:u_FIR_0|cnt[2]                                                                                                                                                                                                                                          ; 0                 ; 6       ;
;      - FIR:u_FIR_0|cnt[0]                                                                                                                                                                                                                                          ; 0                 ; 6       ;
;      - FIR:u_FIR_0|cnt[1]                                                                                                                                                                                                                                          ; 0                 ; 6       ;
;      - FIR:u_FIR_0|fir_3k4:u_fir_3k4_0|fir_3k4_0002:fir_3k4_inst|fir_3k4_0002_ast:fir_3k4_0002_ast_inst|fir_3k4_0002_rtl_core:\real_passthrough:hpfircore_core|dspba_delay:d_u0_m0_wo0_compute_q_21|delay_signals[0][0]                                            ; 0                 ; 6       ;
;      - FIR:u_FIR_0|fir_3k4:u_fir_3k4_0|fir_3k4_0002:fir_3k4_inst|fir_3k4_0002_ast:fir_3k4_0002_ast_inst|fir_3k4_0002_rtl_core:\real_passthrough:hpfircore_core|u0_m0_wo0_aseq_eq                                                                                   ; 0                 ; 6       ;
;      - FIR:u_FIR_0|fir_3k4:u_fir_3k4_0|fir_3k4_0002:fir_3k4_inst|fir_3k4_0002_ast:fir_3k4_0002_ast_inst|fir_3k4_0002_rtl_core:\real_passthrough:hpfircore_core|\u0_m0_wo0_aseq_clkproc:u0_m0_wo0_aseq_c[0]                                                         ; 0                 ; 6       ;
;      - FIR:u_FIR_0|fir_3k4:u_fir_3k4_0|fir_3k4_0002:fir_3k4_inst|fir_3k4_0002_ast:fir_3k4_0002_ast_inst|fir_3k4_0002_rtl_core:\real_passthrough:hpfircore_core|dspba_delay:d_u0_m0_wo0_compute_q_20|delay_signals[0][0]                                            ; 0                 ; 6       ;
;      - FIR:u_FIR_0|fir_3k4:u_fir_3k4_0|fir_3k4_0002:fir_3k4_inst|fir_3k4_0002_ast:fir_3k4_0002_ast_inst|fir_3k4_0002_rtl_core:\real_passthrough:hpfircore_core|dspba_delay:d_u0_m0_wo0_compute_q_20|delay_signals[1][0]                                            ; 0                 ; 6       ;
;      - FIR:u_FIR_0|fir_3k4:u_fir_3k4_0|fir_3k4_0002:fir_3k4_inst|fir_3k4_0002_ast:fir_3k4_0002_ast_inst|fir_3k4_0002_rtl_core:\real_passthrough:hpfircore_core|dspba_delay:d_u0_m0_wo0_compute_q_20|delay_signals[2][0]                                            ; 0                 ; 6       ;
;      - FIR:u_FIR_0|fir_3k4:u_fir_3k4_0|fir_3k4_0002:fir_3k4_inst|fir_3k4_0002_ast:fir_3k4_0002_ast_inst|fir_3k4_0002_rtl_core:\real_passthrough:hpfircore_core|dspba_delay:d_u0_m0_wo0_wi0_r0_split9_g_17|delay_signals[0][0]                                      ; 0                 ; 6       ;
;      - FIR:u_FIR_0|fir_3k4:u_fir_3k4_0|fir_3k4_0002:fir_3k4_inst|fir_3k4_0002_ast:fir_3k4_0002_ast_inst|fir_3k4_0002_rtl_core:\real_passthrough:hpfircore_core|dspba_delay:d_u0_m0_wo0_wi0_r0_split9_g_17|delay_signals[0][1]                                      ; 0                 ; 6       ;
;      - FIR:u_FIR_0|fir_3k4:u_fir_3k4_0|fir_3k4_0002:fir_3k4_inst|fir_3k4_0002_ast:fir_3k4_0002_ast_inst|fir_3k4_0002_rtl_core:\real_passthrough:hpfircore_core|dspba_delay:d_u0_m0_wo0_wi0_r0_split9_g_17|delay_signals[0][2]                                      ; 0                 ; 6       ;
;      - FIR:u_FIR_0|fir_3k4:u_fir_3k4_0|fir_3k4_0002:fir_3k4_inst|fir_3k4_0002_ast:fir_3k4_0002_ast_inst|fir_3k4_0002_rtl_core:\real_passthrough:hpfircore_core|dspba_delay:d_u0_m0_wo0_wi0_r0_split9_g_17|delay_signals[0][3]                                      ; 0                 ; 6       ;
;      - FIR:u_FIR_0|fir_3k4:u_fir_3k4_0|fir_3k4_0002:fir_3k4_inst|fir_3k4_0002_ast:fir_3k4_0002_ast_inst|fir_3k4_0002_rtl_core:\real_passthrough:hpfircore_core|dspba_delay:d_u0_m0_wo0_wi0_r0_split9_g_17|delay_signals[0][4]                                      ; 0                 ; 6       ;
;      - FIR:u_FIR_0|fir_3k4:u_fir_3k4_0|fir_3k4_0002:fir_3k4_inst|fir_3k4_0002_ast:fir_3k4_0002_ast_inst|fir_3k4_0002_rtl_core:\real_passthrough:hpfircore_core|dspba_delay:d_u0_m0_wo0_wi0_r0_split9_g_17|delay_signals[0][5]                                      ; 0                 ; 6       ;
;      - FIR:u_FIR_0|fir_3k4:u_fir_3k4_0|fir_3k4_0002:fir_3k4_inst|fir_3k4_0002_ast:fir_3k4_0002_ast_inst|fir_3k4_0002_rtl_core:\real_passthrough:hpfircore_core|dspba_delay:d_u0_m0_wo0_wi0_r0_split9_g_17|delay_signals[0][6]                                      ; 0                 ; 6       ;
;      - FIR:u_FIR_0|fir_3k4:u_fir_3k4_0|fir_3k4_0002:fir_3k4_inst|fir_3k4_0002_ast:fir_3k4_0002_ast_inst|fir_3k4_0002_rtl_core:\real_passthrough:hpfircore_core|dspba_delay:d_u0_m0_wo0_wi0_r0_split9_g_17|delay_signals[0][7]                                      ; 0                 ; 6       ;
;      - FIR:u_FIR_0|fir_3k4:u_fir_3k4_0|fir_3k4_0002:fir_3k4_inst|fir_3k4_0002_ast:fir_3k4_0002_ast_inst|fir_3k4_0002_rtl_core:\real_passthrough:hpfircore_core|dspba_delay:d_u0_m0_wo0_wi0_r0_split9_f_17|delay_signals[0][0]                                      ; 0                 ; 6       ;
;      - FIR:u_FIR_0|fir_3k4:u_fir_3k4_0|fir_3k4_0002:fir_3k4_inst|fir_3k4_0002_ast:fir_3k4_0002_ast_inst|fir_3k4_0002_rtl_core:\real_passthrough:hpfircore_core|dspba_delay:d_u0_m0_wo0_wi0_r0_split9_f_17|delay_signals[0][1]                                      ; 0                 ; 6       ;
;      - FIR:u_FIR_0|fir_3k4:u_fir_3k4_0|fir_3k4_0002:fir_3k4_inst|fir_3k4_0002_ast:fir_3k4_0002_ast_inst|fir_3k4_0002_rtl_core:\real_passthrough:hpfircore_core|dspba_delay:d_u0_m0_wo0_wi0_r0_split9_f_17|delay_signals[0][2]                                      ; 0                 ; 6       ;
;      - FIR:u_FIR_0|fir_3k4:u_fir_3k4_0|fir_3k4_0002:fir_3k4_inst|fir_3k4_0002_ast:fir_3k4_0002_ast_inst|fir_3k4_0002_rtl_core:\real_passthrough:hpfircore_core|dspba_delay:d_u0_m0_wo0_wi0_r0_split9_f_17|delay_signals[0][3]                                      ; 0                 ; 6       ;
;      - FIR:u_FIR_0|fir_3k4:u_fir_3k4_0|fir_3k4_0002:fir_3k4_inst|fir_3k4_0002_ast:fir_3k4_0002_ast_inst|fir_3k4_0002_rtl_core:\real_passthrough:hpfircore_core|dspba_delay:d_u0_m0_wo0_wi0_r0_split9_f_17|delay_signals[0][4]                                      ; 0                 ; 6       ;
;      - FIR:u_FIR_0|fir_3k4:u_fir_3k4_0|fir_3k4_0002:fir_3k4_inst|fir_3k4_0002_ast:fir_3k4_0002_ast_inst|fir_3k4_0002_rtl_core:\real_passthrough:hpfircore_core|dspba_delay:d_u0_m0_wo0_wi0_r0_split9_f_17|delay_signals[0][5]                                      ; 0                 ; 6       ;
;      - FIR:u_FIR_0|fir_3k4:u_fir_3k4_0|fir_3k4_0002:fir_3k4_inst|fir_3k4_0002_ast:fir_3k4_0002_ast_inst|fir_3k4_0002_rtl_core:\real_passthrough:hpfircore_core|dspba_delay:d_u0_m0_wo0_wi0_r0_split9_f_17|delay_signals[0][6]                                      ; 0                 ; 6       ;
;      - FIR:u_FIR_0|fir_3k4:u_fir_3k4_0|fir_3k4_0002:fir_3k4_inst|fir_3k4_0002_ast:fir_3k4_0002_ast_inst|fir_3k4_0002_rtl_core:\real_passthrough:hpfircore_core|dspba_delay:d_u0_m0_wo0_wi0_r0_split9_f_17|delay_signals[0][7]                                      ; 0                 ; 6       ;
;      - FIR:u_FIR_0|fir_3k4:u_fir_3k4_0|fir_3k4_0002:fir_3k4_inst|fir_3k4_0002_ast:fir_3k4_0002_ast_inst|fir_3k4_0002_rtl_core:\real_passthrough:hpfircore_core|dspba_delay:d_u0_m0_wo0_compute_q_20|delay_signals[3][0]                                            ; 0                 ; 6       ;
;      - FIR:u_FIR_0|fir_3k4:u_fir_3k4_0|fir_3k4_0002:fir_3k4_inst|fir_3k4_0002_ast:fir_3k4_0002_ast_inst|fir_3k4_0002_rtl_core:\real_passthrough:hpfircore_core|dspba_delay:d_u0_m0_wo0_ca20_q_15|delay_signals[0][0]                                               ; 0                 ; 6       ;
;      - FIR:u_FIR_0|fir_3k4:u_fir_3k4_0|fir_3k4_0002:fir_3k4_inst|fir_3k4_0002_ast:fir_3k4_0002_ast_inst|fir_3k4_0002_rtl_core:\real_passthrough:hpfircore_core|dspba_delay:d_u0_m0_wo0_ca20_q_15|delay_signals[0][1]                                               ; 0                 ; 6       ;
;      - FIR:u_FIR_0|fir_3k4:u_fir_3k4_0|fir_3k4_0002:fir_3k4_inst|fir_3k4_0002_ast:fir_3k4_0002_ast_inst|fir_3k4_0002_rtl_core:\real_passthrough:hpfircore_core|dspba_delay:d_u0_m0_wo0_ca20_q_15|delay_signals[0][2]                                               ; 0                 ; 6       ;
;      - FIR:u_FIR_0|fir_3k4:u_fir_3k4_0|fir_3k4_0002:fir_3k4_inst|fir_3k4_0002_ast:fir_3k4_0002_ast_inst|fir_3k4_0002_rtl_core:\real_passthrough:hpfircore_core|dspba_delay:d_u0_m0_wo0_ca20_q_15|delay_signals[0][3]                                               ; 0                 ; 6       ;
;      - FIR:u_FIR_0|fir_3k4:u_fir_3k4_0|fir_3k4_0002:fir_3k4_inst|fir_3k4_0002_ast:fir_3k4_0002_ast_inst|fir_3k4_0002_rtl_core:\real_passthrough:hpfircore_core|dspba_delay:d_u0_m0_wo0_ca20_q_15|delay_signals[0][4]                                               ; 0                 ; 6       ;
;      - FIR:u_FIR_0|fir_3k4:u_fir_3k4_0|fir_3k4_0002:fir_3k4_inst|fir_3k4_0002_ast:fir_3k4_0002_ast_inst|fir_3k4_0002_rtl_core:\real_passthrough:hpfircore_core|dspba_delay:d_u0_m0_wo0_ca20_q_15|delay_signals[0][5]                                               ; 0                 ; 6       ;
;      - FIR:u_FIR_0|fir_3k4:u_fir_3k4_0|fir_3k4_0002:fir_3k4_inst|fir_3k4_0002_ast:fir_3k4_0002_ast_inst|fir_3k4_0002_rtl_core:\real_passthrough:hpfircore_core|dspba_delay:d_u0_m0_wo0_ca20_q_15|delay_signals[0][6]                                               ; 0                 ; 6       ;
;      - FIR:u_FIR_0|fir_3k4:u_fir_3k4_0|fir_3k4_0002:fir_3k4_inst|fir_3k4_0002_ast:fir_3k4_0002_ast_inst|fir_3k4_0002_rtl_core:\real_passthrough:hpfircore_core|dspba_delay:d_u0_m0_wo0_ca20_q_15|delay_signals[0][7]                                               ; 0                 ; 6       ;
;      - FIR:u_FIR_0|fir_3k4:u_fir_3k4_0|fir_3k4_0002:fir_3k4_inst|fir_3k4_0002_ast:fir_3k4_0002_ast_inst|fir_3k4_0002_rtl_core:\real_passthrough:hpfircore_core|dspba_delay:d_u0_m0_wo0_wi0_r0_split9_g_17|delay_signals[1][0]                                      ; 0                 ; 6       ;
;      - FIR:u_FIR_0|fir_3k4:u_fir_3k4_0|fir_3k4_0002:fir_3k4_inst|fir_3k4_0002_ast:fir_3k4_0002_ast_inst|fir_3k4_0002_rtl_core:\real_passthrough:hpfircore_core|dspba_delay:d_u0_m0_wo0_wi0_r0_split9_g_17|delay_signals[1][1]                                      ; 0                 ; 6       ;
;      - FIR:u_FIR_0|fir_3k4:u_fir_3k4_0|fir_3k4_0002:fir_3k4_inst|fir_3k4_0002_ast:fir_3k4_0002_ast_inst|fir_3k4_0002_rtl_core:\real_passthrough:hpfircore_core|dspba_delay:d_u0_m0_wo0_wi0_r0_split9_g_17|delay_signals[1][2]                                      ; 0                 ; 6       ;
;      - FIR:u_FIR_0|fir_3k4:u_fir_3k4_0|fir_3k4_0002:fir_3k4_inst|fir_3k4_0002_ast:fir_3k4_0002_ast_inst|fir_3k4_0002_rtl_core:\real_passthrough:hpfircore_core|dspba_delay:d_u0_m0_wo0_wi0_r0_split9_g_17|delay_signals[1][3]                                      ; 0                 ; 6       ;
;      - FIR:u_FIR_0|fir_3k4:u_fir_3k4_0|fir_3k4_0002:fir_3k4_inst|fir_3k4_0002_ast:fir_3k4_0002_ast_inst|fir_3k4_0002_rtl_core:\real_passthrough:hpfircore_core|dspba_delay:d_u0_m0_wo0_wi0_r0_split9_g_17|delay_signals[1][4]                                      ; 0                 ; 6       ;
;      - FIR:u_FIR_0|fir_3k4:u_fir_3k4_0|fir_3k4_0002:fir_3k4_inst|fir_3k4_0002_ast:fir_3k4_0002_ast_inst|fir_3k4_0002_rtl_core:\real_passthrough:hpfircore_core|dspba_delay:d_u0_m0_wo0_wi0_r0_split9_g_17|delay_signals[1][5]                                      ; 0                 ; 6       ;
;      - FIR:u_FIR_0|fir_3k4:u_fir_3k4_0|fir_3k4_0002:fir_3k4_inst|fir_3k4_0002_ast:fir_3k4_0002_ast_inst|fir_3k4_0002_rtl_core:\real_passthrough:hpfircore_core|dspba_delay:d_u0_m0_wo0_wi0_r0_split9_g_17|delay_signals[1][6]                                      ; 0                 ; 6       ;
;      - FIR:u_FIR_0|fir_3k4:u_fir_3k4_0|fir_3k4_0002:fir_3k4_inst|fir_3k4_0002_ast:fir_3k4_0002_ast_inst|fir_3k4_0002_rtl_core:\real_passthrough:hpfircore_core|dspba_delay:d_u0_m0_wo0_wi0_r0_split9_g_17|delay_signals[1][7]                                      ; 0                 ; 6       ;
;      - FIR:u_FIR_0|fir_3k4:u_fir_3k4_0|fir_3k4_0002:fir_3k4_inst|fir_3k4_0002_ast:fir_3k4_0002_ast_inst|fir_3k4_0002_rtl_core:\real_passthrough:hpfircore_core|dspba_delay:d_u0_m0_wo0_wi0_r0_split9_f_17|delay_signals[1][0]                                      ; 0                 ; 6       ;
;      - FIR:u_FIR_0|fir_3k4:u_fir_3k4_0|fir_3k4_0002:fir_3k4_inst|fir_3k4_0002_ast:fir_3k4_0002_ast_inst|fir_3k4_0002_rtl_core:\real_passthrough:hpfircore_core|dspba_delay:d_u0_m0_wo0_wi0_r0_split9_f_17|delay_signals[1][1]                                      ; 0                 ; 6       ;
;      - FIR:u_FIR_0|fir_3k4:u_fir_3k4_0|fir_3k4_0002:fir_3k4_inst|fir_3k4_0002_ast:fir_3k4_0002_ast_inst|fir_3k4_0002_rtl_core:\real_passthrough:hpfircore_core|dspba_delay:d_u0_m0_wo0_wi0_r0_split9_f_17|delay_signals[1][2]                                      ; 0                 ; 6       ;
;      - FIR:u_FIR_0|fir_3k4:u_fir_3k4_0|fir_3k4_0002:fir_3k4_inst|fir_3k4_0002_ast:fir_3k4_0002_ast_inst|fir_3k4_0002_rtl_core:\real_passthrough:hpfircore_core|dspba_delay:d_u0_m0_wo0_wi0_r0_split9_f_17|delay_signals[1][3]                                      ; 0                 ; 6       ;
;      - FIR:u_FIR_0|fir_3k4:u_fir_3k4_0|fir_3k4_0002:fir_3k4_inst|fir_3k4_0002_ast:fir_3k4_0002_ast_inst|fir_3k4_0002_rtl_core:\real_passthrough:hpfircore_core|dspba_delay:d_u0_m0_wo0_wi0_r0_split9_f_17|delay_signals[1][4]                                      ; 0                 ; 6       ;
;      - FIR:u_FIR_0|fir_3k4:u_fir_3k4_0|fir_3k4_0002:fir_3k4_inst|fir_3k4_0002_ast:fir_3k4_0002_ast_inst|fir_3k4_0002_rtl_core:\real_passthrough:hpfircore_core|dspba_delay:d_u0_m0_wo0_wi0_r0_split9_f_17|delay_signals[1][5]                                      ; 0                 ; 6       ;
;      - FIR:u_FIR_0|fir_3k4:u_fir_3k4_0|fir_3k4_0002:fir_3k4_inst|fir_3k4_0002_ast:fir_3k4_0002_ast_inst|fir_3k4_0002_rtl_core:\real_passthrough:hpfircore_core|dspba_delay:d_u0_m0_wo0_wi0_r0_split9_f_17|delay_signals[1][6]                                      ; 0                 ; 6       ;
;      - FIR:u_FIR_0|fir_3k4:u_fir_3k4_0|fir_3k4_0002:fir_3k4_inst|fir_3k4_0002_ast:fir_3k4_0002_ast_inst|fir_3k4_0002_rtl_core:\real_passthrough:hpfircore_core|dspba_delay:d_u0_m0_wo0_wi0_r0_split9_f_17|delay_signals[1][7]                                      ; 0                 ; 6       ;
;      - FIR:u_FIR_0|fir_3k4:u_fir_3k4_0|fir_3k4_0002:fir_3k4_inst|fir_3k4_0002_ast:fir_3k4_0002_ast_inst|fir_3k4_0002_rtl_core:\real_passthrough:hpfircore_core|dspba_delay:d_u0_m0_wo0_wi0_r0_split1_g_16|delay_signals[0][0]                                      ; 0                 ; 6       ;
;      - FIR:u_FIR_0|fir_3k4:u_fir_3k4_0|fir_3k4_0002:fir_3k4_inst|fir_3k4_0002_ast:fir_3k4_0002_ast_inst|fir_3k4_0002_rtl_core:\real_passthrough:hpfircore_core|dspba_delay:d_u0_m0_wo0_wi0_r0_split1_g_16|delay_signals[0][1]                                      ; 0                 ; 6       ;
;      - FIR:u_FIR_0|fir_3k4:u_fir_3k4_0|fir_3k4_0002:fir_3k4_inst|fir_3k4_0002_ast:fir_3k4_0002_ast_inst|fir_3k4_0002_rtl_core:\real_passthrough:hpfircore_core|dspba_delay:d_u0_m0_wo0_wi0_r0_split1_g_16|delay_signals[0][2]                                      ; 0                 ; 6       ;
;      - FIR:u_FIR_0|fir_3k4:u_fir_3k4_0|fir_3k4_0002:fir_3k4_inst|fir_3k4_0002_ast:fir_3k4_0002_ast_inst|fir_3k4_0002_rtl_core:\real_passthrough:hpfircore_core|dspba_delay:d_u0_m0_wo0_wi0_r0_split1_g_16|delay_signals[0][3]                                      ; 0                 ; 6       ;
;      - FIR:u_FIR_0|fir_3k4:u_fir_3k4_0|fir_3k4_0002:fir_3k4_inst|fir_3k4_0002_ast:fir_3k4_0002_ast_inst|fir_3k4_0002_rtl_core:\real_passthrough:hpfircore_core|dspba_delay:d_u0_m0_wo0_wi0_r0_split1_g_16|delay_signals[0][4]                                      ; 0                 ; 6       ;
;      - FIR:u_FIR_0|fir_3k4:u_fir_3k4_0|fir_3k4_0002:fir_3k4_inst|fir_3k4_0002_ast:fir_3k4_0002_ast_inst|fir_3k4_0002_rtl_core:\real_passthrough:hpfircore_core|dspba_delay:d_u0_m0_wo0_wi0_r0_split1_g_16|delay_signals[0][5]                                      ; 0                 ; 6       ;
;      - FIR:u_FIR_0|fir_3k4:u_fir_3k4_0|fir_3k4_0002:fir_3k4_inst|fir_3k4_0002_ast:fir_3k4_0002_ast_inst|fir_3k4_0002_rtl_core:\real_passthrough:hpfircore_core|dspba_delay:d_u0_m0_wo0_wi0_r0_split1_g_16|delay_signals[0][6]                                      ; 0                 ; 6       ;
;      - FIR:u_FIR_0|fir_3k4:u_fir_3k4_0|fir_3k4_0002:fir_3k4_inst|fir_3k4_0002_ast:fir_3k4_0002_ast_inst|fir_3k4_0002_rtl_core:\real_passthrough:hpfircore_core|dspba_delay:d_u0_m0_wo0_wi0_r0_split1_g_16|delay_signals[0][7]                                      ; 0                 ; 6       ;
;      - FIR:u_FIR_0|fir_3k4:u_fir_3k4_0|fir_3k4_0002:fir_3k4_inst|fir_3k4_0002_ast:fir_3k4_0002_ast_inst|fir_3k4_0002_rtl_core:\real_passthrough:hpfircore_core|dspba_delay:d_u0_m0_wo0_compute_q_20|delay_signals[4][0]                                            ; 0                 ; 6       ;
;      - FIR:u_FIR_0|fir_3k4:u_fir_3k4_0|fir_3k4_0002:fir_3k4_inst|fir_3k4_0002_ast:fir_3k4_0002_ast_inst|fir_3k4_0002_rtl_core:\real_passthrough:hpfircore_core|dspba_delay:d_u0_m0_wo0_ca20_q_14|delay_signals[0][0]                                               ; 0                 ; 6       ;
;      - FIR:u_FIR_0|fir_3k4:u_fir_3k4_0|fir_3k4_0002:fir_3k4_inst|fir_3k4_0002_ast:fir_3k4_0002_ast_inst|fir_3k4_0002_rtl_core:\real_passthrough:hpfircore_core|dspba_delay:d_u0_m0_wo0_ca20_q_14|delay_signals[0][1]                                               ; 0                 ; 6       ;
;      - FIR:u_FIR_0|fir_3k4:u_fir_3k4_0|fir_3k4_0002:fir_3k4_inst|fir_3k4_0002_ast:fir_3k4_0002_ast_inst|fir_3k4_0002_rtl_core:\real_passthrough:hpfircore_core|dspba_delay:d_u0_m0_wo0_ca20_q_14|delay_signals[0][2]                                               ; 0                 ; 6       ;
;      - FIR:u_FIR_0|fir_3k4:u_fir_3k4_0|fir_3k4_0002:fir_3k4_inst|fir_3k4_0002_ast:fir_3k4_0002_ast_inst|fir_3k4_0002_rtl_core:\real_passthrough:hpfircore_core|dspba_delay:d_u0_m0_wo0_ca20_q_14|delay_signals[0][3]                                               ; 0                 ; 6       ;
;      - FIR:u_FIR_0|fir_3k4:u_fir_3k4_0|fir_3k4_0002:fir_3k4_inst|fir_3k4_0002_ast:fir_3k4_0002_ast_inst|fir_3k4_0002_rtl_core:\real_passthrough:hpfircore_core|dspba_delay:d_u0_m0_wo0_ca20_q_14|delay_signals[0][4]                                               ; 0                 ; 6       ;
;      - FIR:u_FIR_0|fir_3k4:u_fir_3k4_0|fir_3k4_0002:fir_3k4_inst|fir_3k4_0002_ast:fir_3k4_0002_ast_inst|fir_3k4_0002_rtl_core:\real_passthrough:hpfircore_core|dspba_delay:d_u0_m0_wo0_ca20_q_14|delay_signals[0][5]                                               ; 0                 ; 6       ;
;      - FIR:u_FIR_0|fir_3k4:u_fir_3k4_0|fir_3k4_0002:fir_3k4_inst|fir_3k4_0002_ast:fir_3k4_0002_ast_inst|fir_3k4_0002_rtl_core:\real_passthrough:hpfircore_core|dspba_delay:d_u0_m0_wo0_ca20_q_14|delay_signals[0][6]                                               ; 0                 ; 6       ;
;      - FIR:u_FIR_0|fir_3k4:u_fir_3k4_0|fir_3k4_0002:fir_3k4_inst|fir_3k4_0002_ast:fir_3k4_0002_ast_inst|fir_3k4_0002_rtl_core:\real_passthrough:hpfircore_core|dspba_delay:d_u0_m0_wo0_ca20_q_14|delay_signals[0][7]                                               ; 0                 ; 6       ;
;      - FIR:u_FIR_0|fir_3k4:u_fir_3k4_0|fir_3k4_0002:fir_3k4_inst|fir_3k4_0002_ast:fir_3k4_0002_ast_inst|fir_3k4_0002_rtl_core:\real_passthrough:hpfircore_core|dspba_delay:d_u0_m0_wo0_compute_q_20|delay_signals[5][0]                                            ; 0                 ; 6       ;
;      - FIR:u_FIR_0|fir_3k4:u_fir_3k4_0|fir_3k4_0002:fir_3k4_inst|fir_3k4_0002_ast:fir_3k4_0002_ast_inst|fir_3k4_0002_rtl_core:\real_passthrough:hpfircore_core|u0_m0_wo0_ca20_i[0]                                                                                 ; 0                 ; 6       ;
;      - FIR:u_FIR_0|fir_3k4:u_fir_3k4_0|fir_3k4_0002:fir_3k4_inst|fir_3k4_0002_ast:fir_3k4_0002_ast_inst|fir_3k4_0002_rtl_core:\real_passthrough:hpfircore_core|u0_m0_wo0_wi0_r0_we20_seq_q[0]                                                                      ; 0                 ; 6       ;
;      - FIR:u_FIR_0|fir_3k4:u_fir_3k4_0|fir_3k4_0002:fir_3k4_inst|fir_3k4_0002_ast:fir_3k4_0002_ast_inst|fir_3k4_0002_rtl_core:\real_passthrough:hpfircore_core|u0_m0_wo0_wi0_r0_wa20_i[0]                                                                          ; 0                 ; 6       ;
;      - FIR:u_FIR_0|fir_3k4:u_fir_3k4_0|fir_3k4_0002:fir_3k4_inst|fir_3k4_0002_ast:fir_3k4_0002_ast_inst|fir_3k4_0002_rtl_core:\real_passthrough:hpfircore_core|dspba_delay:d_u0_m0_wo0_compute_q_14|delay_signals[0][0]                                            ; 0                 ; 6       ;
;      - FIR:u_FIR_0|fir_3k4:u_fir_3k4_0|fir_3k4_0002:fir_3k4_inst|fir_3k4_0002_ast:fir_3k4_0002_ast_inst|fir_3k4_0002_rtl_core:\real_passthrough:hpfircore_core|u0_m0_wo0_ca20_eq                                                                                   ; 0                 ; 6       ;
;      - FIR:u_FIR_0|fir_3k4:u_fir_3k4_0|fir_3k4_0002:fir_3k4_inst|fir_3k4_0002_ast:fir_3k4_0002_ast_inst|fir_3k4_0002_rtl_core:\real_passthrough:hpfircore_core|dspba_delay:u0_m0_wo0_compute|delay_signals[0][0]                                                   ; 0                 ; 6       ;
;      - FIR:u_FIR_0|fir_3k4:u_fir_3k4_0|fir_3k4_0002:fir_3k4_inst|fir_3k4_0002_ast:fir_3k4_0002_ast_inst|fir_3k4_0002_rtl_core:\real_passthrough:hpfircore_core|u0_m0_wo0_wi0_r0_we20_seq_eq                                                                        ; 0                 ; 6       ;
;      - FIR:u_FIR_0|fir_3k4:u_fir_3k4_0|fir_3k4_0002:fir_3k4_inst|fir_3k4_0002_ast:fir_3k4_0002_ast_inst|fir_3k4_0002_rtl_core:\real_passthrough:hpfircore_core|\u0_m0_wo0_wi0_r0_we20_seq_clkproc:u0_m0_wo0_wi0_r0_we20_seq_c[9]                                   ; 0                 ; 6       ;
;      - FIR:u_FIR_0|fir_3k4:u_fir_3k4_0|fir_3k4_0002:fir_3k4_inst|fir_3k4_0002_ast:fir_3k4_0002_ast_inst|fir_3k4_0002_rtl_core:\real_passthrough:hpfircore_core|\u0_m0_wo0_wi0_r0_we20_seq_clkproc:u0_m0_wo0_wi0_r0_we20_seq_c[8]                                   ; 0                 ; 6       ;
;      - FIR:u_FIR_0|fir_3k4:u_fir_3k4_0|fir_3k4_0002:fir_3k4_inst|fir_3k4_0002_ast:fir_3k4_0002_ast_inst|fir_3k4_0002_rtl_core:\real_passthrough:hpfircore_core|\u0_m0_wo0_wi0_r0_we20_seq_clkproc:u0_m0_wo0_wi0_r0_we20_seq_c[7]                                   ; 0                 ; 6       ;
;      - FIR:u_FIR_0|fir_3k4:u_fir_3k4_0|fir_3k4_0002:fir_3k4_inst|fir_3k4_0002_ast:fir_3k4_0002_ast_inst|fir_3k4_0002_rtl_core:\real_passthrough:hpfircore_core|\u0_m0_wo0_wi0_r0_we20_seq_clkproc:u0_m0_wo0_wi0_r0_we20_seq_c[6]                                   ; 0                 ; 6       ;
;      - FIR:u_FIR_0|fir_3k4:u_fir_3k4_0|fir_3k4_0002:fir_3k4_inst|fir_3k4_0002_ast:fir_3k4_0002_ast_inst|fir_3k4_0002_rtl_core:\real_passthrough:hpfircore_core|\u0_m0_wo0_wi0_r0_we20_seq_clkproc:u0_m0_wo0_wi0_r0_we20_seq_c[5]                                   ; 0                 ; 6       ;
;      - FIR:u_FIR_0|fir_3k4:u_fir_3k4_0|fir_3k4_0002:fir_3k4_inst|fir_3k4_0002_ast:fir_3k4_0002_ast_inst|fir_3k4_0002_rtl_core:\real_passthrough:hpfircore_core|\u0_m0_wo0_wi0_r0_we20_seq_clkproc:u0_m0_wo0_wi0_r0_we20_seq_c[4]                                   ; 0                 ; 6       ;
;      - FIR:u_FIR_0|fir_3k4:u_fir_3k4_0|fir_3k4_0002:fir_3k4_inst|fir_3k4_0002_ast:fir_3k4_0002_ast_inst|fir_3k4_0002_rtl_core:\real_passthrough:hpfircore_core|\u0_m0_wo0_wi0_r0_we20_seq_clkproc:u0_m0_wo0_wi0_r0_we20_seq_c[3]                                   ; 0                 ; 6       ;
;      - FIR:u_FIR_0|fir_3k4:u_fir_3k4_0|fir_3k4_0002:fir_3k4_inst|fir_3k4_0002_ast:fir_3k4_0002_ast_inst|fir_3k4_0002_rtl_core:\real_passthrough:hpfircore_core|\u0_m0_wo0_wi0_r0_we20_seq_clkproc:u0_m0_wo0_wi0_r0_we20_seq_c[2]                                   ; 0                 ; 6       ;
;      - FIR:u_FIR_0|fir_3k4:u_fir_3k4_0|fir_3k4_0002:fir_3k4_inst|fir_3k4_0002_ast:fir_3k4_0002_ast_inst|fir_3k4_0002_rtl_core:\real_passthrough:hpfircore_core|\u0_m0_wo0_wi0_r0_we20_seq_clkproc:u0_m0_wo0_wi0_r0_we20_seq_c[1]                                   ; 0                 ; 6       ;
;      - FIR:u_FIR_0|fir_3k4:u_fir_3k4_0|fir_3k4_0002:fir_3k4_inst|fir_3k4_0002_ast:fir_3k4_0002_ast_inst|fir_3k4_0002_rtl_core:\real_passthrough:hpfircore_core|\u0_m0_wo0_wi0_r0_we20_seq_clkproc:u0_m0_wo0_wi0_r0_we20_seq_c[0]                                   ; 0                 ; 6       ;
;      - FIR:u_FIR_0|fir_3k4:u_fir_3k4_0|fir_3k4_0002:fir_3k4_inst|fir_3k4_0002_ast:fir_3k4_0002_ast_inst|fir_3k4_0002_rtl_core:\real_passthrough:hpfircore_core|u0_m0_wo0_wi0_r0_ra20_count0_i[0]                                                                   ; 0                 ; 6       ;
;      - FIR:u_FIR_0|fir_3k4:u_fir_3k4_0|fir_3k4_0002:fir_3k4_inst|fir_3k4_0002_ast:fir_3k4_0002_ast_inst|fir_3k4_0002_rtl_core:\real_passthrough:hpfircore_core|dspba_delay:d_u0_m0_wo0_memread_q_14|delay_signals[0][0]                                            ; 0                 ; 6       ;
;      - FIR:u_FIR_0|fir_3k4:u_fir_3k4_0|fir_3k4_0002:fir_3k4_inst|fir_3k4_0002_ast:fir_3k4_0002_ast_inst|fir_3k4_0002_rtl_core:\real_passthrough:hpfircore_core|u0_m0_wo0_wi0_r0_ra20_count1_i[0]                                                                   ; 0                 ; 6       ;
;      - FIR:u_FIR_0|fir_3k4:u_fir_3k4_0|fir_3k4_0002:fir_3k4_inst|fir_3k4_0002_ast:fir_3k4_0002_ast_inst|fir_3k4_0002_rtl_core:\real_passthrough:hpfircore_core|dspba_delay:d_u0_m0_wo0_memread_q_13|delay_signals[0][0]                                            ; 0                 ; 6       ;
;      - FIR:u_FIR_0|fir_3k4:u_fir_3k4_0|fir_3k4_0002:fir_3k4_inst|fir_3k4_0002_ast:fir_3k4_0002_ast_inst|fir_3k4_0002_rtl_core:\real_passthrough:hpfircore_core|u0_m0_wo0_wi0_r0_ra20_count1_eq                                                                     ; 0                 ; 6       ;
;      - FIR:u_FIR_0|fir_3k4:u_fir_3k4_0|fir_3k4_0002:fir_3k4_inst|fir_3k4_0002_ast:fir_3k4_0002_ast_inst|fir_3k4_0002_rtl_core:\real_passthrough:hpfircore_core|dspba_delay:u0_m0_wo0_memread|delay_signals[0][0]                                                   ; 0                 ; 6       ;
;      - FIR:u_FIR_0|fir_3k4:u_fir_3k4_0|fir_3k4_0002:fir_3k4_inst|fir_3k4_0002_ast:fir_3k4_0002_ast_inst|fir_3k4_0002_rtl_core:\real_passthrough:hpfircore_core|u0_m0_wo0_wi0_r0_ra20_count0_inner_i[0]                                                             ; 0                 ; 6       ;
;      - FIR:u_FIR_0|fir_3k4:u_fir_3k4_0|fir_3k4_0002:fir_3k4_inst|fir_3k4_0002_ast:fir_3k4_0002_ast_inst|fir_3k4_0002_rtl_core:\real_passthrough:hpfircore_core|u0_m0_wo0_run_q[0]                                                                                  ; 0                 ; 6       ;
;      - FIR:u_FIR_0|fir_3k4:u_fir_3k4_0|fir_3k4_0002:fir_3k4_inst|fir_3k4_0002_ast:fir_3k4_0002_ast_inst|fir_3k4_0002_rtl_core:\real_passthrough:hpfircore_core|u0_m0_wo0_run_count[1]                                                                              ; 0                 ; 6       ;
;      - FIR:u_FIR_0|fir_3k4:u_fir_3k4_0|fir_3k4_0002:fir_3k4_inst|fir_3k4_0002_ast:fir_3k4_0002_ast_inst|fir_3k4_0002_rtl_core:\real_passthrough:hpfircore_core|u0_m0_wo0_run_count[0]                                                                              ; 0                 ; 6       ;
;      - FIR:u_FIR_0|fir_3k4:u_fir_3k4_0|fir_3k4_0002:fir_3k4_inst|fir_3k4_0002_ast:fir_3k4_0002_ast_inst|fir_3k4_0002_rtl_core:\real_passthrough:hpfircore_core|u0_m0_wo0_run_enableQ[0]                                                                            ; 0                 ; 6       ;
;      - FIR:u_FIR_0|fir_3k4:u_fir_3k4_0|fir_3k4_0002:fir_3k4_inst|fir_3k4_0002_ast:fir_3k4_0002_ast_inst|fir_3k4_0002_rtl_core:\real_passthrough:hpfircore_core|dspba_delay:d_in0_m0_wi0_wo0_assign_id1_q_15|delay_signals[0][0]                                    ; 0                 ; 6       ;
;      - FIR:u_FIR_0|fir_3k4:u_fir_3k4_0|fir_3k4_0002:fir_3k4_inst|fir_3k4_0002_ast:fir_3k4_0002_ast_inst|fir_3k4_0002_rtl_core:\real_passthrough:hpfircore_core|dspba_delay:d_xIn_0_15|delay_signals[0][0]                                                          ; 0                 ; 6       ;
;      - FIR:u_FIR_0|fir_3k4:u_fir_3k4_0|fir_3k4_0002:fir_3k4_inst|fir_3k4_0002_ast:fir_3k4_0002_ast_inst|fir_3k4_0002_rtl_core:\real_passthrough:hpfircore_core|u0_m0_wo0_wi0_r0_wa0_i[0]                                                                           ; 0                 ; 6       ;
;      - FIR:u_FIR_0|fir_3k4:u_fir_3k4_0|fir_3k4_0002:fir_3k4_inst|fir_3k4_0002_ast:fir_3k4_0002_ast_inst|fir_3k4_0002_rtl_core:\real_passthrough:hpfircore_core|dspba_delay:d_xIn_0_15|delay_signals[0][1]                                                          ; 0                 ; 6       ;
;      - FIR:u_FIR_0|fir_3k4:u_fir_3k4_0|fir_3k4_0002:fir_3k4_inst|fir_3k4_0002_ast:fir_3k4_0002_ast_inst|fir_3k4_0002_rtl_core:\real_passthrough:hpfircore_core|dspba_delay:d_xIn_0_15|delay_signals[0][2]                                                          ; 0                 ; 6       ;
;      - FIR:u_FIR_0|fir_3k4:u_fir_3k4_0|fir_3k4_0002:fir_3k4_inst|fir_3k4_0002_ast:fir_3k4_0002_ast_inst|fir_3k4_0002_rtl_core:\real_passthrough:hpfircore_core|dspba_delay:d_xIn_0_15|delay_signals[0][3]                                                          ; 0                 ; 6       ;
;      - FIR:u_FIR_0|fir_3k4:u_fir_3k4_0|fir_3k4_0002:fir_3k4_inst|fir_3k4_0002_ast:fir_3k4_0002_ast_inst|fir_3k4_0002_rtl_core:\real_passthrough:hpfircore_core|dspba_delay:d_xIn_0_15|delay_signals[0][4]                                                          ; 0                 ; 6       ;
;      - FIR:u_FIR_0|fir_3k4:u_fir_3k4_0|fir_3k4_0002:fir_3k4_inst|fir_3k4_0002_ast:fir_3k4_0002_ast_inst|fir_3k4_0002_rtl_core:\real_passthrough:hpfircore_core|dspba_delay:d_xIn_0_15|delay_signals[0][5]                                                          ; 0                 ; 6       ;
;      - FIR:u_FIR_0|fir_3k4:u_fir_3k4_0|fir_3k4_0002:fir_3k4_inst|fir_3k4_0002_ast:fir_3k4_0002_ast_inst|fir_3k4_0002_rtl_core:\real_passthrough:hpfircore_core|dspba_delay:d_xIn_0_15|delay_signals[0][6]                                                          ; 0                 ; 6       ;
;      - FIR:u_FIR_0|fir_3k4:u_fir_3k4_0|fir_3k4_0002:fir_3k4_inst|fir_3k4_0002_ast:fir_3k4_0002_ast_inst|fir_3k4_0002_rtl_core:\real_passthrough:hpfircore_core|dspba_delay:d_xIn_0_15|delay_signals[0][7]                                                          ; 0                 ; 6       ;
;      - FIR:u_FIR_0|fir_3k4:u_fir_3k4_0|fir_3k4_0002:fir_3k4_inst|fir_3k4_0002_ast:fir_3k4_0002_ast_inst|fir_3k4_0002_rtl_core:\real_passthrough:hpfircore_core|\u0_m0_wo0_run_clkproc:u0_m0_wo0_run_enable_c[7]                                                    ; 0                 ; 6       ;
;      - FIR:u_FIR_0|fir_3k4:u_fir_3k4_0|fir_3k4_0002:fir_3k4_inst|fir_3k4_0002_ast:fir_3k4_0002_ast_inst|fir_3k4_0002_rtl_core:\real_passthrough:hpfircore_core|\u0_m0_wo0_run_clkproc:u0_m0_wo0_run_enable_c[6]                                                    ; 0                 ; 6       ;
;      - FIR:u_FIR_0|fir_3k4:u_fir_3k4_0|fir_3k4_0002:fir_3k4_inst|fir_3k4_0002_ast:fir_3k4_0002_ast_inst|fir_3k4_0002_rtl_core:\real_passthrough:hpfircore_core|\u0_m0_wo0_run_clkproc:u0_m0_wo0_run_enable_c[5]                                                    ; 0                 ; 6       ;
;      - FIR:u_FIR_0|fir_3k4:u_fir_3k4_0|fir_3k4_0002:fir_3k4_inst|fir_3k4_0002_ast:fir_3k4_0002_ast_inst|fir_3k4_0002_rtl_core:\real_passthrough:hpfircore_core|\u0_m0_wo0_run_clkproc:u0_m0_wo0_run_enable_c[4]                                                    ; 0                 ; 6       ;
;      - FIR:u_FIR_0|fir_3k4:u_fir_3k4_0|fir_3k4_0002:fir_3k4_inst|fir_3k4_0002_ast:fir_3k4_0002_ast_inst|fir_3k4_0002_rtl_core:\real_passthrough:hpfircore_core|\u0_m0_wo0_run_clkproc:u0_m0_wo0_run_enable_c[8]                                                    ; 0                 ; 6       ;
;      - FIR:u_FIR_0|fir_3k4:u_fir_3k4_0|fir_3k4_0002:fir_3k4_inst|fir_3k4_0002_ast:fir_3k4_0002_ast_inst|fir_3k4_0002_rtl_core:\real_passthrough:hpfircore_core|\u0_m0_wo0_run_clkproc:u0_m0_wo0_run_enable_c[3]                                                    ; 0                 ; 6       ;
;      - FIR:u_FIR_0|fir_3k4:u_fir_3k4_0|fir_3k4_0002:fir_3k4_inst|fir_3k4_0002_ast:fir_3k4_0002_ast_inst|fir_3k4_0002_rtl_core:\real_passthrough:hpfircore_core|\u0_m0_wo0_run_clkproc:u0_m0_wo0_run_enable_c[2]                                                    ; 0                 ; 6       ;
;      - FIR:u_FIR_0|fir_3k4:u_fir_3k4_0|fir_3k4_0002:fir_3k4_inst|fir_3k4_0002_ast:fir_3k4_0002_ast_inst|fir_3k4_0002_rtl_core:\real_passthrough:hpfircore_core|\u0_m0_wo0_run_clkproc:u0_m0_wo0_run_enable_c[1]                                                    ; 0                 ; 6       ;
;      - FIR:u_FIR_0|fir_3k4:u_fir_3k4_0|fir_3k4_0002:fir_3k4_inst|fir_3k4_0002_ast:fir_3k4_0002_ast_inst|fir_3k4_0002_rtl_core:\real_passthrough:hpfircore_core|\u0_m0_wo0_run_clkproc:u0_m0_wo0_run_enable_c[0]                                                    ; 0                 ; 6       ;
;      - FIR:u_FIR_0|fir_3k4:u_fir_3k4_0|fir_3k4_0002:fir_3k4_inst|fir_3k4_0002_ast:fir_3k4_0002_ast_inst|fir_3k4_0002_rtl_core:\real_passthrough:hpfircore_core|dspba_delay:d_in0_m0_wi0_wo0_assign_id1_q_15|delay_signals[1][0]                                    ; 0                 ; 6       ;
;      - FIR:u_FIR_0|fir_3k4:u_fir_3k4_0|fir_3k4_0002:fir_3k4_inst|fir_3k4_0002_ast:fir_3k4_0002_ast_inst|fir_3k4_0002_rtl_core:\real_passthrough:hpfircore_core|dspba_delay:d_xIn_0_15|delay_signals[1][0]                                                          ; 0                 ; 6       ;
;      - FIR:u_FIR_0|fir_3k4:u_fir_3k4_0|fir_3k4_0002:fir_3k4_inst|fir_3k4_0002_ast:fir_3k4_0002_ast_inst|fir_3k4_0002_rtl_core:\real_passthrough:hpfircore_core|dspba_delay:d_xIn_0_15|delay_signals[1][1]                                                          ; 0                 ; 6       ;
;      - FIR:u_FIR_0|fir_3k4:u_fir_3k4_0|fir_3k4_0002:fir_3k4_inst|fir_3k4_0002_ast:fir_3k4_0002_ast_inst|fir_3k4_0002_rtl_core:\real_passthrough:hpfircore_core|dspba_delay:d_xIn_0_15|delay_signals[1][2]                                                          ; 0                 ; 6       ;
;      - FIR:u_FIR_0|fir_3k4:u_fir_3k4_0|fir_3k4_0002:fir_3k4_inst|fir_3k4_0002_ast:fir_3k4_0002_ast_inst|fir_3k4_0002_rtl_core:\real_passthrough:hpfircore_core|dspba_delay:d_xIn_0_15|delay_signals[1][3]                                                          ; 0                 ; 6       ;
;      - FIR:u_FIR_0|fir_3k4:u_fir_3k4_0|fir_3k4_0002:fir_3k4_inst|fir_3k4_0002_ast:fir_3k4_0002_ast_inst|fir_3k4_0002_rtl_core:\real_passthrough:hpfircore_core|dspba_delay:d_xIn_0_15|delay_signals[1][4]                                                          ; 0                 ; 6       ;
;      - FIR:u_FIR_0|fir_3k4:u_fir_3k4_0|fir_3k4_0002:fir_3k4_inst|fir_3k4_0002_ast:fir_3k4_0002_ast_inst|fir_3k4_0002_rtl_core:\real_passthrough:hpfircore_core|dspba_delay:d_xIn_0_15|delay_signals[1][5]                                                          ; 0                 ; 6       ;
;      - FIR:u_FIR_0|fir_3k4:u_fir_3k4_0|fir_3k4_0002:fir_3k4_inst|fir_3k4_0002_ast:fir_3k4_0002_ast_inst|fir_3k4_0002_rtl_core:\real_passthrough:hpfircore_core|dspba_delay:d_xIn_0_15|delay_signals[1][6]                                                          ; 0                 ; 6       ;
;      - FIR:u_FIR_0|fir_3k4:u_fir_3k4_0|fir_3k4_0002:fir_3k4_inst|fir_3k4_0002_ast:fir_3k4_0002_ast_inst|fir_3k4_0002_rtl_core:\real_passthrough:hpfircore_core|dspba_delay:d_xIn_0_15|delay_signals[1][7]                                                          ; 0                 ; 6       ;
;      - FIR:u_FIR_0|fir_3k4:u_fir_3k4_0|fir_3k4_0002:fir_3k4_inst|fir_3k4_0002_ast:fir_3k4_0002_ast_inst|fir_3k4_0002_rtl_core:\real_passthrough:hpfircore_core|dspba_delay:d_in0_m0_wi0_wo0_assign_id1_q_15|delay_signals[2][0]                                    ; 0                 ; 6       ;
;      - FIR:u_FIR_0|fir_3k4:u_fir_3k4_0|fir_3k4_0002:fir_3k4_inst|fir_3k4_0002_ast:fir_3k4_0002_ast_inst|fir_3k4_0002_rtl_core:\real_passthrough:hpfircore_core|dspba_delay:d_xIn_0_15|delay_signals[2][0]                                                          ; 0                 ; 6       ;
;      - FIR:u_FIR_0|fir_3k4:u_fir_3k4_0|fir_3k4_0002:fir_3k4_inst|fir_3k4_0002_ast:fir_3k4_0002_ast_inst|fir_3k4_0002_rtl_core:\real_passthrough:hpfircore_core|dspba_delay:d_xIn_0_15|delay_signals[2][1]                                                          ; 0                 ; 6       ;
;      - FIR:u_FIR_0|fir_3k4:u_fir_3k4_0|fir_3k4_0002:fir_3k4_inst|fir_3k4_0002_ast:fir_3k4_0002_ast_inst|fir_3k4_0002_rtl_core:\real_passthrough:hpfircore_core|dspba_delay:d_xIn_0_15|delay_signals[2][2]                                                          ; 0                 ; 6       ;
;      - FIR:u_FIR_0|fir_3k4:u_fir_3k4_0|fir_3k4_0002:fir_3k4_inst|fir_3k4_0002_ast:fir_3k4_0002_ast_inst|fir_3k4_0002_rtl_core:\real_passthrough:hpfircore_core|dspba_delay:d_xIn_0_15|delay_signals[2][3]                                                          ; 0                 ; 6       ;
;      - FIR:u_FIR_0|fir_3k4:u_fir_3k4_0|fir_3k4_0002:fir_3k4_inst|fir_3k4_0002_ast:fir_3k4_0002_ast_inst|fir_3k4_0002_rtl_core:\real_passthrough:hpfircore_core|dspba_delay:d_xIn_0_15|delay_signals[2][4]                                                          ; 0                 ; 6       ;
;      - FIR:u_FIR_0|fir_3k4:u_fir_3k4_0|fir_3k4_0002:fir_3k4_inst|fir_3k4_0002_ast:fir_3k4_0002_ast_inst|fir_3k4_0002_rtl_core:\real_passthrough:hpfircore_core|dspba_delay:d_xIn_0_15|delay_signals[2][5]                                                          ; 0                 ; 6       ;
;      - FIR:u_FIR_0|fir_3k4:u_fir_3k4_0|fir_3k4_0002:fir_3k4_inst|fir_3k4_0002_ast:fir_3k4_0002_ast_inst|fir_3k4_0002_rtl_core:\real_passthrough:hpfircore_core|dspba_delay:d_xIn_0_15|delay_signals[2][6]                                                          ; 0                 ; 6       ;
;      - FIR:u_FIR_0|fir_3k4:u_fir_3k4_0|fir_3k4_0002:fir_3k4_inst|fir_3k4_0002_ast:fir_3k4_0002_ast_inst|fir_3k4_0002_rtl_core:\real_passthrough:hpfircore_core|dspba_delay:d_xIn_0_15|delay_signals[2][7]                                                          ; 0                 ; 6       ;
;      - FIR:u_FIR_0|fir_3k4:u_fir_3k4_0|fir_3k4_0002:fir_3k4_inst|fir_3k4_0002_ast:fir_3k4_0002_ast_inst|fir_3k4_0002_rtl_core:\real_passthrough:hpfircore_core|dspba_delay:d_in0_m0_wi0_wo0_assign_id1_q_15|delay_signals[3][0]                                    ; 0                 ; 6       ;
;      - FIR:u_FIR_0|fir_3k4:u_fir_3k4_0|fir_3k4_0002:fir_3k4_inst|fir_3k4_0002_ast:fir_3k4_0002_ast_inst|fir_3k4_0002_rtl_core:\real_passthrough:hpfircore_core|dspba_delay:d_xIn_0_15|delay_signals[3][0]                                                          ; 0                 ; 6       ;
;      - FIR:u_FIR_0|fir_3k4:u_fir_3k4_0|fir_3k4_0002:fir_3k4_inst|fir_3k4_0002_ast:fir_3k4_0002_ast_inst|fir_3k4_0002_rtl_core:\real_passthrough:hpfircore_core|dspba_delay:d_xIn_0_15|delay_signals[3][1]                                                          ; 0                 ; 6       ;
;      - FIR:u_FIR_0|fir_3k4:u_fir_3k4_0|fir_3k4_0002:fir_3k4_inst|fir_3k4_0002_ast:fir_3k4_0002_ast_inst|fir_3k4_0002_rtl_core:\real_passthrough:hpfircore_core|dspba_delay:d_xIn_0_15|delay_signals[3][2]                                                          ; 0                 ; 6       ;
;      - FIR:u_FIR_0|fir_3k4:u_fir_3k4_0|fir_3k4_0002:fir_3k4_inst|fir_3k4_0002_ast:fir_3k4_0002_ast_inst|fir_3k4_0002_rtl_core:\real_passthrough:hpfircore_core|dspba_delay:d_xIn_0_15|delay_signals[3][3]                                                          ; 0                 ; 6       ;
;      - FIR:u_FIR_0|fir_3k4:u_fir_3k4_0|fir_3k4_0002:fir_3k4_inst|fir_3k4_0002_ast:fir_3k4_0002_ast_inst|fir_3k4_0002_rtl_core:\real_passthrough:hpfircore_core|dspba_delay:d_xIn_0_15|delay_signals[3][4]                                                          ; 0                 ; 6       ;
;      - FIR:u_FIR_0|fir_3k4:u_fir_3k4_0|fir_3k4_0002:fir_3k4_inst|fir_3k4_0002_ast:fir_3k4_0002_ast_inst|fir_3k4_0002_rtl_core:\real_passthrough:hpfircore_core|dspba_delay:d_xIn_0_15|delay_signals[3][5]                                                          ; 0                 ; 6       ;
;      - FIR:u_FIR_0|fir_3k4:u_fir_3k4_0|fir_3k4_0002:fir_3k4_inst|fir_3k4_0002_ast:fir_3k4_0002_ast_inst|fir_3k4_0002_rtl_core:\real_passthrough:hpfircore_core|dspba_delay:d_xIn_0_15|delay_signals[3][6]                                                          ; 0                 ; 6       ;
;      - FIR:u_FIR_0|fir_3k4:u_fir_3k4_0|fir_3k4_0002:fir_3k4_inst|fir_3k4_0002_ast:fir_3k4_0002_ast_inst|fir_3k4_0002_rtl_core:\real_passthrough:hpfircore_core|dspba_delay:d_xIn_0_15|delay_signals[3][7]                                                          ; 0                 ; 6       ;
;      - FIR:u_FIR_0|fir_3k4:u_fir_3k4_0|fir_3k4_0002:fir_3k4_inst|fir_3k4_0002_ast:fir_3k4_0002_ast_inst|fir_3k4_0002_rtl_core:\real_passthrough:hpfircore_core|dspba_delay:d_in0_m0_wi0_wo0_assign_id1_q_15|delay_signals[4][0]                                    ; 0                 ; 6       ;
;      - FIR:u_FIR_0|fir_3k4:u_fir_3k4_0|fir_3k4_0002:fir_3k4_inst|fir_3k4_0002_ast:fir_3k4_0002_ast_inst|fir_3k4_0002_rtl_core:\real_passthrough:hpfircore_core|dspba_delay:d_xIn_0_15|delay_signals[4][0]                                                          ; 0                 ; 6       ;
;      - FIR:u_FIR_0|fir_3k4:u_fir_3k4_0|fir_3k4_0002:fir_3k4_inst|fir_3k4_0002_ast:fir_3k4_0002_ast_inst|fir_3k4_0002_rtl_core:\real_passthrough:hpfircore_core|dspba_delay:d_xIn_0_15|delay_signals[4][1]                                                          ; 0                 ; 6       ;
;      - FIR:u_FIR_0|fir_3k4:u_fir_3k4_0|fir_3k4_0002:fir_3k4_inst|fir_3k4_0002_ast:fir_3k4_0002_ast_inst|fir_3k4_0002_rtl_core:\real_passthrough:hpfircore_core|dspba_delay:d_xIn_0_15|delay_signals[4][2]                                                          ; 0                 ; 6       ;
;      - FIR:u_FIR_0|fir_3k4:u_fir_3k4_0|fir_3k4_0002:fir_3k4_inst|fir_3k4_0002_ast:fir_3k4_0002_ast_inst|fir_3k4_0002_rtl_core:\real_passthrough:hpfircore_core|dspba_delay:d_xIn_0_15|delay_signals[4][3]                                                          ; 0                 ; 6       ;
;      - FIR:u_FIR_0|fir_3k4:u_fir_3k4_0|fir_3k4_0002:fir_3k4_inst|fir_3k4_0002_ast:fir_3k4_0002_ast_inst|fir_3k4_0002_rtl_core:\real_passthrough:hpfircore_core|dspba_delay:d_xIn_0_15|delay_signals[4][4]                                                          ; 0                 ; 6       ;
;      - FIR:u_FIR_0|fir_3k4:u_fir_3k4_0|fir_3k4_0002:fir_3k4_inst|fir_3k4_0002_ast:fir_3k4_0002_ast_inst|fir_3k4_0002_rtl_core:\real_passthrough:hpfircore_core|dspba_delay:d_xIn_0_15|delay_signals[4][5]                                                          ; 0                 ; 6       ;
;      - FIR:u_FIR_0|fir_3k4:u_fir_3k4_0|fir_3k4_0002:fir_3k4_inst|fir_3k4_0002_ast:fir_3k4_0002_ast_inst|fir_3k4_0002_rtl_core:\real_passthrough:hpfircore_core|dspba_delay:d_xIn_0_15|delay_signals[4][6]                                                          ; 0                 ; 6       ;
;      - FIR:u_FIR_0|fir_3k4:u_fir_3k4_0|fir_3k4_0002:fir_3k4_inst|fir_3k4_0002_ast:fir_3k4_0002_ast_inst|fir_3k4_0002_rtl_core:\real_passthrough:hpfircore_core|dspba_delay:d_xIn_0_15|delay_signals[4][7]                                                          ; 0                 ; 6       ;
;      - PLL_32M:u_PLL_32M_0|altpll:altpll_component|PLL_32M_altpll:auto_generated|pll1                                                                                                                                                                              ; 0                 ; 6       ;
; adc_value[0]                                                                                                                                                                                                                                                       ;                   ;         ;
;      - FIR:u_FIR_0|fir_3k4:u_fir_3k4_0|fir_3k4_0002:fir_3k4_inst|fir_3k4_0002_ast:fir_3k4_0002_ast_inst|fir_3k4_0002_rtl_core:\real_passthrough:hpfircore_core|dspba_delay:d_xIn_0_15|delay_signals[4][0]~feeder                                                   ; 0                 ; 6       ;
; adc_value[1]                                                                                                                                                                                                                                                       ;                   ;         ;
;      - FIR:u_FIR_0|fir_3k4:u_fir_3k4_0|fir_3k4_0002:fir_3k4_inst|fir_3k4_0002_ast:fir_3k4_0002_ast_inst|fir_3k4_0002_rtl_core:\real_passthrough:hpfircore_core|dspba_delay:d_xIn_0_15|delay_signals[4][1]~feeder                                                   ; 0                 ; 6       ;
; adc_value[2]                                                                                                                                                                                                                                                       ;                   ;         ;
;      - FIR:u_FIR_0|fir_3k4:u_fir_3k4_0|fir_3k4_0002:fir_3k4_inst|fir_3k4_0002_ast:fir_3k4_0002_ast_inst|fir_3k4_0002_rtl_core:\real_passthrough:hpfircore_core|dspba_delay:d_xIn_0_15|delay_signals[4][2]                                                          ; 0                 ; 6       ;
; adc_value[3]                                                                                                                                                                                                                                                       ;                   ;         ;
;      - FIR:u_FIR_0|fir_3k4:u_fir_3k4_0|fir_3k4_0002:fir_3k4_inst|fir_3k4_0002_ast:fir_3k4_0002_ast_inst|fir_3k4_0002_rtl_core:\real_passthrough:hpfircore_core|dspba_delay:d_xIn_0_15|delay_signals[4][3]                                                          ; 0                 ; 6       ;
; adc_value[4]                                                                                                                                                                                                                                                       ;                   ;         ;
;      - FIR:u_FIR_0|fir_3k4:u_fir_3k4_0|fir_3k4_0002:fir_3k4_inst|fir_3k4_0002_ast:fir_3k4_0002_ast_inst|fir_3k4_0002_rtl_core:\real_passthrough:hpfircore_core|dspba_delay:d_xIn_0_15|delay_signals[4][4]~feeder                                                   ; 1                 ; 6       ;
; adc_value[5]                                                                                                                                                                                                                                                       ;                   ;         ;
;      - FIR:u_FIR_0|fir_3k4:u_fir_3k4_0|fir_3k4_0002:fir_3k4_inst|fir_3k4_0002_ast:fir_3k4_0002_ast_inst|fir_3k4_0002_rtl_core:\real_passthrough:hpfircore_core|dspba_delay:d_xIn_0_15|delay_signals[4][5]                                                          ; 1                 ; 6       ;
; adc_value[6]                                                                                                                                                                                                                                                       ;                   ;         ;
;      - FIR:u_FIR_0|fir_3k4:u_fir_3k4_0|fir_3k4_0002:fir_3k4_inst|fir_3k4_0002_ast:fir_3k4_0002_ast_inst|fir_3k4_0002_rtl_core:\real_passthrough:hpfircore_core|dspba_delay:d_xIn_0_15|delay_signals[4][6]~feeder                                                   ; 0                 ; 6       ;
; adc_value[7]                                                                                                                                                                                                                                                       ;                   ;         ;
;      - FIR:u_FIR_0|fir_3k4:u_fir_3k4_0|fir_3k4_0002:fir_3k4_inst|fir_3k4_0002_ast:fir_3k4_0002_ast_inst|fir_3k4_0002_rtl_core:\real_passthrough:hpfircore_core|dspba_delay:d_xIn_0_15|delay_signals[4][7]~feeder                                                   ; 1                 ; 6       ;
+--------------------------------------------------------------------------------------------------------------------------------------------------------------------------------------------------------------------------------------------------------------------+-------------------+---------+


+---------------------------------------------------------------------------------------------------------------------------------------------------------------------------------------------------------------------------------------------------------------------------------------------------------------------------------------------------------------------+
; Control Signals                                                                                                                                                                                                                                                                                                                                                     ;
+--------------------------------------------------------------------------------------------------------------------------------------------------------------------------------------------------------------------------+--------------------+---------+----------------------------+--------+----------------------+------------------+---------------------------+
; Name                                                                                                                                                                                                                     ; Location           ; Fan-Out ; Usage                      ; Global ; Global Resource Used ; Global Line Name ; Enable Signal Source Name ;
+--------------------------------------------------------------------------------------------------------------------------------------------------------------------------------------------------------------------------+--------------------+---------+----------------------------+--------+----------------------+------------------+---------------------------+
; FIR:u_FIR_0|fir_3k4:u_fir_3k4_0|fir_3k4_0002:fir_3k4_inst|fir_3k4_0002_ast:fir_3k4_0002_ast_inst|fir_3k4_0002_rtl_core:\real_passthrough:hpfircore_core|\u0_m0_wo0_aseq_clkproc:u0_m0_wo0_aseq_c[9]                      ; FF_X28_Y8_N21      ; 31      ; Sync. load                 ; no     ; --                   ; --               ; --                        ;
; FIR:u_FIR_0|fir_3k4:u_fir_3k4_0|fir_3k4_0002:fir_3k4_inst|fir_3k4_0002_ast:fir_3k4_0002_ast_inst|fir_3k4_0002_rtl_core:\real_passthrough:hpfircore_core|dspba_delay:d_in0_m0_wi0_wo0_assign_id1_q_15|delay_signals[0][0] ; FF_X25_Y4_N31      ; 9       ; Clock enable, Write enable ; no     ; --                   ; --               ; --                        ;
; FIR:u_FIR_0|fir_3k4:u_fir_3k4_0|fir_3k4_0002:fir_3k4_inst|fir_3k4_0002_ast:fir_3k4_0002_ast_inst|fir_3k4_0002_rtl_core:\real_passthrough:hpfircore_core|dspba_delay:d_u0_m0_wo0_compute_q_14|delay_signals[0][0]         ; FF_X23_Y8_N25      ; 13      ; Clock enable               ; no     ; --                   ; --               ; --                        ;
; FIR:u_FIR_0|fir_3k4:u_fir_3k4_0|fir_3k4_0002:fir_3k4_inst|fir_3k4_0002_ast:fir_3k4_0002_ast_inst|fir_3k4_0002_rtl_core:\real_passthrough:hpfircore_core|dspba_delay:d_u0_m0_wo0_compute_q_20|delay_signals[0][0]         ; FF_X28_Y8_N27      ; 13      ; Clock enable               ; no     ; --                   ; --               ; --                        ;
; FIR:u_FIR_0|fir_3k4:u_fir_3k4_0|fir_3k4_0002:fir_3k4_inst|fir_3k4_0002_ast:fir_3k4_0002_ast_inst|fir_3k4_0002_rtl_core:\real_passthrough:hpfircore_core|dspba_delay:d_u0_m0_wo0_compute_q_21|delay_signals[0][0]         ; FF_X24_Y7_N3       ; 29      ; Clock enable               ; no     ; --                   ; --               ; --                        ;
; FIR:u_FIR_0|fir_3k4:u_fir_3k4_0|fir_3k4_0002:fir_3k4_inst|fir_3k4_0002_ast:fir_3k4_0002_ast_inst|fir_3k4_0002_rtl_core:\real_passthrough:hpfircore_core|dspba_delay:d_u0_m0_wo0_memread_q_14|delay_signals[0][0]         ; FF_X23_Y12_N27     ; 12      ; Clock enable               ; no     ; --                   ; --               ; --                        ;
; FIR:u_FIR_0|fir_3k4:u_fir_3k4_0|fir_3k4_0002:fir_3k4_inst|fir_3k4_0002_ast:fir_3k4_0002_ast_inst|fir_3k4_0002_rtl_core:\real_passthrough:hpfircore_core|dspba_delay:u0_m0_wo0_compute|delay_signals[0][0]                ; FF_X23_Y8_N3       ; 10      ; Clock enable               ; no     ; --                   ; --               ; --                        ;
; FIR:u_FIR_0|fir_3k4:u_fir_3k4_0|fir_3k4_0002:fir_3k4_inst|fir_3k4_0002_ast:fir_3k4_0002_ast_inst|fir_3k4_0002_rtl_core:\real_passthrough:hpfircore_core|dspba_delay:u0_m0_wo0_memread|delay_signals[0][0]                ; FF_X23_Y12_N7      ; 10      ; Clock enable               ; no     ; --                   ; --               ; --                        ;
; FIR:u_FIR_0|fir_3k4:u_fir_3k4_0|fir_3k4_0002:fir_3k4_inst|fir_3k4_0002_ast:fir_3k4_0002_ast_inst|fir_3k4_0002_rtl_core:\real_passthrough:hpfircore_core|u0_m0_wo0_run_count[1]                                           ; FF_X25_Y4_N1       ; 13      ; Clock enable               ; no     ; --                   ; --               ; --                        ;
; FIR:u_FIR_0|fir_3k4:u_fir_3k4_0|fir_3k4_0002:fir_3k4_inst|fir_3k4_0002_ast:fir_3k4_0002_ast_inst|fir_3k4_0002_rtl_core:\real_passthrough:hpfircore_core|u0_m0_wo0_wi0_r0_ra20_count0_clkproc~0                           ; LCCOMB_X23_Y12_N26 ; 7       ; Clock enable               ; no     ; --                   ; --               ; --                        ;
; FIR:u_FIR_0|fir_3k4:u_fir_3k4_0|fir_3k4_0002:fir_3k4_inst|fir_3k4_0002_ast:fir_3k4_0002_ast_inst|fir_3k4_0002_rtl_core:\real_passthrough:hpfircore_core|u0_m0_wo0_wi0_r0_we20_seq_q[0]                                   ; FF_X19_Y7_N1       ; 12      ; Clock enable, Write enable ; no     ; --                   ; --               ; --                        ;
; FIR:u_FIR_0|fs_pulse                                                                                                                                                                                                     ; FF_X17_Y7_N1       ; 11      ; Clock enable               ; no     ; --                   ; --               ; --                        ;
; clk_50M                                                                                                                                                                                                                  ; PIN_E1             ; 3       ; Clock                      ; no     ; --                   ; --               ; --                        ;
; clk_50M                                                                                                                                                                                                                  ; PIN_E1             ; 435     ; Clock                      ; yes    ; Global Clock         ; GCLK2            ; --                        ;
; rst_n                                                                                                                                                                                                                    ; PIN_N13            ; 431     ; Async. clear               ; no     ; --                   ; --               ; --                        ;
+--------------------------------------------------------------------------------------------------------------------------------------------------------------------------------------------------------------------------+--------------------+---------+----------------------------+--------+----------------------+------------------+---------------------------+


+------------------------------------------------------------------------------------------------------------------------------------------------------------------------------------------------------------------------------+
; Global & Other Fast Signals                                                                                                                                                                                                  ;
+--------------------------------------------------------------------------------------------+----------+---------+--------------------------------------+----------------------+------------------+---------------------------+
; Name                                                                                       ; Location ; Fan-Out ; Fan-Out Using Intentional Clock Skew ; Global Resource Used ; Global Line Name ; Enable Signal Source Name ;
+--------------------------------------------------------------------------------------------+----------+---------+--------------------------------------+----------------------+------------------+---------------------------+
; PLL_32M:u_PLL_32M_0|altpll:altpll_component|PLL_32M_altpll:auto_generated|wire_pll1_clk[0] ; PLL_1    ; 1       ; 0                                    ; Global Clock         ; GCLK3            ; --                        ;
; clk_50M                                                                                    ; PIN_E1   ; 435     ; 0                                    ; Global Clock         ; GCLK2            ; --                        ;
+--------------------------------------------------------------------------------------------+----------+---------+--------------------------------------+----------------------+------------------+---------------------------+


+----------------------------------------------------------------------------------------------------------------------------------------------------------------------------------------------------------------------------------------------------------------------------------------------------------------------------------------------------------------------------------------------------------------------------------------------------------------------------------------------------------------------------------------------------------------------------------------------------------------------------------------------------------------------------------------------------------------------------------------------------------------------------------------------------------------------------------------------------------------------------------+
; Fitter RAM Summary                                                                                                                                                                                                                                                                                                                                                                                                                                                                                                                                                                                                                                                                                                                                                                                                                                                               ;
+-----------------------------------------------------------------------------------------------------------------------------------------------------------------------------------------------------------------------------------------------------------+------+------------------+--------------+--------------+--------------+--------------+--------------+------------------------+-------------------------+------------------------+-------------------------+-------+-----------------------------+-----------------------------+-----------------------------+-----------------------------+---------------------+------+-------------------------------------------------------------------+---------------------------------------------+----------------------+------------------------+------------------------+----------+------------------------+---------------+
; Name                                                                                                                                                                                                                                                      ; Type ; Mode             ; Clock Mode   ; Port A Depth ; Port A Width ; Port B Depth ; Port B Width ; Port A Input Registers ; Port A Output Registers ; Port B Input Registers ; Port B Output Registers ; Size  ; Implementation Port A Depth ; Implementation Port A Width ; Implementation Port B Depth ; Implementation Port B Width ; Implementation Bits ; M9Ks ; MIF                                                               ; Location                                    ; Mixed Width RDW Mode ; Port A RDW Mode        ; Port B RDW Mode        ; ECC Mode ; ECC Pipeline Registers ; Fits in MLABs ;
+-----------------------------------------------------------------------------------------------------------------------------------------------------------------------------------------------------------------------------------------------------------+------+------------------+--------------+--------------+--------------+--------------+--------------+------------------------+-------------------------+------------------------+-------------------------+-------+-----------------------------+-----------------------------+-----------------------------+-----------------------------+---------------------+------+-------------------------------------------------------------------+---------------------------------------------+----------------------+------------------------+------------------------+----------+------------------------+---------------+
; FIR:u_FIR_0|fir_3k4:u_fir_3k4_0|fir_3k4_0002:fir_3k4_inst|fir_3k4_0002_ast:fir_3k4_0002_ast_inst|fir_3k4_0002_rtl_core:\real_passthrough:hpfircore_core|altsyncram:u0_m0_wo0_cm10_lutmem_dmem|altsyncram_1kq3:auto_generated|ALTSYNCRAM                   ; M9K  ; ROM              ; Single Clock ; 239          ; 8            ; --           ; --           ; yes                    ; yes                     ; --                     ; --                      ; 1912  ; 239                         ; 8                           ; --                          ; --                          ; 1912                ; 1    ; fir_3k4_0002_rtl_core_u0_m0_wo0_cm10_lutmem.hex                   ; M9K_X15_Y9_N0                               ; Don't care           ; New data with NBE Read ; New data with NBE Read ; Off      ; No                     ; No - Unknown  ;
; FIR:u_FIR_0|fir_3k4:u_fir_3k4_0|fir_3k4_0002:fir_3k4_inst|fir_3k4_0002_ast:fir_3k4_0002_ast_inst|fir_3k4_0002_rtl_core:\real_passthrough:hpfircore_core|altsyncram:u0_m0_wo0_cm11_lutmem_dmem|altsyncram_2kq3:auto_generated|ALTSYNCRAM                   ; M9K  ; ROM              ; Single Clock ; 239          ; 8            ; --           ; --           ; yes                    ; yes                     ; --                     ; --                      ; 1912  ; 239                         ; 8                           ; --                          ; --                          ; 1912                ; 1    ; fir_3k4_0002_rtl_core_u0_m0_wo0_cm11_lutmem.hex                   ; M9K_X15_Y9_N0                               ; Don't care           ; New data with NBE Read ; New data with NBE Read ; Off      ; No                     ; No - Unknown  ;
; FIR:u_FIR_0|fir_3k4:u_fir_3k4_0|fir_3k4_0002:fir_3k4_inst|fir_3k4_0002_ast:fir_3k4_0002_ast_inst|fir_3k4_0002_rtl_core:\real_passthrough:hpfircore_core|altsyncram:u0_m0_wo0_cm12_lutmem_dmem|altsyncram_3kq3:auto_generated|ALTSYNCRAM                   ; M9K  ; ROM              ; Single Clock ; 239          ; 8            ; --           ; --           ; yes                    ; yes                     ; --                     ; --                      ; 1912  ; 239                         ; 8                           ; --                          ; --                          ; 1912                ; 1    ; fir_3k4_0002_rtl_core_u0_m0_wo0_cm12_lutmem.hex                   ; M9K_X15_Y9_N0                               ; Don't care           ; New data with NBE Read ; New data with NBE Read ; Off      ; No                     ; No - Unknown  ;
; FIR:u_FIR_0|fir_3k4:u_fir_3k4_0|fir_3k4_0002:fir_3k4_inst|fir_3k4_0002_ast:fir_3k4_0002_ast_inst|fir_3k4_0002_rtl_core:\real_passthrough:hpfircore_core|altsyncram:u0_m0_wo0_cm13_lutmem_dmem|altsyncram_4kq3:auto_generated|ALTSYNCRAM                   ; M9K  ; ROM              ; Single Clock ; 239          ; 8            ; --           ; --           ; yes                    ; yes                     ; --                     ; --                      ; 1912  ; 239                         ; 8                           ; --                          ; --                          ; 1912                ; 1    ; fir_3k4_0002_rtl_core_u0_m0_wo0_cm13_lutmem.hex                   ; M9K_X15_Y10_N0                              ; Don't care           ; New data with NBE Read ; New data with NBE Read ; Off      ; No                     ; No - Unknown  ;
; FIR:u_FIR_0|fir_3k4:u_fir_3k4_0|fir_3k4_0002:fir_3k4_inst|fir_3k4_0002_ast:fir_3k4_0002_ast_inst|fir_3k4_0002_rtl_core:\real_passthrough:hpfircore_core|altsyncram:u0_m0_wo0_cm14_lutmem_dmem|altsyncram_5kq3:auto_generated|ALTSYNCRAM                   ; M9K  ; ROM              ; Single Clock ; 239          ; 8            ; --           ; --           ; yes                    ; yes                     ; --                     ; --                      ; 1912  ; 239                         ; 8                           ; --                          ; --                          ; 1912                ; 1    ; fir_3k4_0002_rtl_core_u0_m0_wo0_cm14_lutmem.hex                   ; M9K_X15_Y10_N0                              ; Don't care           ; New data with NBE Read ; New data with NBE Read ; Off      ; No                     ; No - Unknown  ;
; FIR:u_FIR_0|fir_3k4:u_fir_3k4_0|fir_3k4_0002:fir_3k4_inst|fir_3k4_0002_ast:fir_3k4_0002_ast_inst|fir_3k4_0002_rtl_core:\real_passthrough:hpfircore_core|altsyncram:u0_m0_wo0_cm6_lutmem_dmem|altsyncram_miq3:auto_generated|ALTSYNCRAM                    ; M9K  ; ROM              ; Single Clock ; 239          ; 8            ; --           ; --           ; yes                    ; yes                     ; --                     ; --                      ; 1912  ; 239                         ; 8                           ; --                          ; --                          ; 1912                ; 1    ; fir_3k4_0002_rtl_core_u0_m0_wo0_cm6_lutmem.hex                    ; M9K_X15_Y13_N0                              ; Don't care           ; New data with NBE Read ; New data with NBE Read ; Off      ; No                     ; No - Unknown  ;
; FIR:u_FIR_0|fir_3k4:u_fir_3k4_0|fir_3k4_0002:fir_3k4_inst|fir_3k4_0002_ast:fir_3k4_0002_ast_inst|fir_3k4_0002_rtl_core:\real_passthrough:hpfircore_core|altsyncram:u0_m0_wo0_cm7_lutmem_dmem|altsyncram_niq3:auto_generated|ALTSYNCRAM                    ; M9K  ; ROM              ; Single Clock ; 239          ; 8            ; --           ; --           ; yes                    ; yes                     ; --                     ; --                      ; 1912  ; 239                         ; 8                           ; --                          ; --                          ; 1912                ; 1    ; fir_3k4_0002_rtl_core_u0_m0_wo0_cm7_lutmem.hex                    ; M9K_X15_Y11_N0                              ; Don't care           ; New data with NBE Read ; New data with NBE Read ; Off      ; No                     ; No - Unknown  ;
; FIR:u_FIR_0|fir_3k4:u_fir_3k4_0|fir_3k4_0002:fir_3k4_inst|fir_3k4_0002_ast:fir_3k4_0002_ast_inst|fir_3k4_0002_rtl_core:\real_passthrough:hpfircore_core|altsyncram:u0_m0_wo0_cm8_lutmem_dmem|altsyncram_oiq3:auto_generated|ALTSYNCRAM                    ; M9K  ; ROM              ; Single Clock ; 239          ; 8            ; --           ; --           ; yes                    ; yes                     ; --                     ; --                      ; 1912  ; 239                         ; 8                           ; --                          ; --                          ; 1912                ; 2    ; fir_3k4_0002_rtl_core_u0_m0_wo0_cm8_lutmem.hex                    ; M9K_X15_Y9_N0, M9K_X15_Y11_N0               ; Don't care           ; New data with NBE Read ; New data with NBE Read ; Off      ; No                     ; No - Unknown  ;
; FIR:u_FIR_0|fir_3k4:u_fir_3k4_0|fir_3k4_0002:fir_3k4_inst|fir_3k4_0002_ast:fir_3k4_0002_ast_inst|fir_3k4_0002_rtl_core:\real_passthrough:hpfircore_core|altsyncram:u0_m0_wo0_cm9_lutmem_dmem|altsyncram_piq3:auto_generated|ALTSYNCRAM                    ; M9K  ; ROM              ; Single Clock ; 239          ; 8            ; --           ; --           ; yes                    ; yes                     ; --                     ; --                      ; 1912  ; 239                         ; 8                           ; --                          ; --                          ; 1912                ; 1    ; fir_3k4_0002_rtl_core_u0_m0_wo0_cm9_lutmem.hex                    ; M9K_X15_Y9_N0                               ; Don't care           ; New data with NBE Read ; New data with NBE Read ; Off      ; No                     ; No - Unknown  ;
; FIR:u_FIR_0|fir_3k4:u_fir_3k4_0|fir_3k4_0002:fir_3k4_inst|fir_3k4_0002_ast:fir_3k4_0002_ast_inst|fir_3k4_0002_rtl_core:\real_passthrough:hpfircore_core|altsyncram:u0_m0_wo0_wi0_r0_memr0_dmem|altsyncram_cmn3:auto_generated|ALTSYNCRAM                  ; M9K  ; Simple Dual Port ; Single Clock ; 256          ; 8            ; 256          ; 8            ; yes                    ; no                      ; yes                    ; yes                     ; 2048  ; 256                         ; 8                           ; 256                         ; 8                           ; 2048                ; 1    ; None                                                              ; M9K_X27_Y5_N0                               ; Don't care           ; New data with NBE Read ; New data with NBE Read ; Off      ; No                     ; No - Unknown  ;
; FIR:u_FIR_0|fir_3k4:u_fir_3k4_0|fir_3k4_0002:fir_3k4_inst|fir_3k4_0002_ast:fir_3k4_0002_ast_inst|fir_3k4_0002_rtl_core:\real_passthrough:hpfircore_core|altsyncram:u0_m0_wo0_wi0_r0_memr1_dmem|altsyncram_gpn3:auto_generated|ALTSYNCRAM                  ; M9K  ; Simple Dual Port ; Single Clock ; 256          ; 64           ; 256          ; 64           ; yes                    ; no                      ; yes                    ; yes                     ; 16384 ; 256                         ; 64                          ; 256                         ; 64                          ; 16384               ; 3    ; None                                                              ; M9K_X15_Y7_N0, M9K_X15_Y6_N0, M9K_X15_Y5_N0 ; Don't care           ; New data with NBE Read ; New data with NBE Read ; Off      ; No                     ; No - Unknown  ;
; FIR:u_FIR_0|fir_3k4:u_fir_3k4_0|fir_3k4_0002:fir_3k4_inst|fir_3k4_0002_ast:fir_3k4_0002_ast_inst|fir_3k4_0002_rtl_core:\real_passthrough:hpfircore_core|altsyncram:u0_m0_wo0_wi0_r0_memr9_dmem|altsyncram_gpn3:auto_generated|ALTSYNCRAM                  ; M9K  ; Simple Dual Port ; Single Clock ; 256          ; 64           ; 256          ; 64           ; yes                    ; no                      ; yes                    ; yes                     ; 16384 ; 256                         ; 48                          ; 256                         ; 48                          ; 12288               ; 2    ; None                                                              ; M9K_X15_Y8_N0, M9K_X15_Y7_N0                ; Don't care           ; New data with NBE Read ; New data with NBE Read ; Off      ; No                     ; No - Unknown  ;
; FIR:u_FIR_0|fir_3k4:u_fir_3k4_0|fir_3k4_0002:fir_3k4_inst|fir_3k4_0002_ast:fir_3k4_0002_ast_inst|fir_3k4_0002_rtl_core:\real_passthrough:hpfircore_core|altsyncram:u0_m0_wo0_wi0_r0_ra20_count1_lut_lutmem_dmem|altsyncram_3bs3:auto_generated|ALTSYNCRAM ; M9K  ; ROM              ; Single Clock ; 239          ; 9            ; --           ; --           ; yes                    ; yes                     ; --                     ; --                      ; 2151  ; 239                         ; 8                           ; --                          ; --                          ; 1912                ; 1    ; fir_3k4_0002_rtl_core_u0_m0_wo0_wi0_r0_ra20_count1_lut_lutmem.hex ; M9K_X27_Y4_N0                               ; Don't care           ; New data with NBE Read ; New data with NBE Read ; Off      ; No                     ; No - Unknown  ;
+-----------------------------------------------------------------------------------------------------------------------------------------------------------------------------------------------------------------------------------------------------------+------+------------------+--------------+--------------+--------------+--------------+--------------+------------------------+-------------------------+------------------------+-------------------------+-------+-----------------------------+-----------------------------+-----------------------------+-----------------------------+---------------------+------+-------------------------------------------------------------------+---------------------------------------------+----------------------+------------------------+------------------------+----------+------------------------+---------------+
Note: Fitter may spread logical memories into multiple blocks to improve timing. The actual required RAM blocks can be found in the Fitter Resource Usage section.


RAM content values are presented in the following format: (Binary) (Octal) (Decimal) (Hexadecimal) 
+------------------------------------------------------------------------------------------------------------------------------------------------------------------------------------------------------------------------------------------------------------------+
; |FIR_3k4_lowpass|FIR:u_FIR_0|fir_3k4:u_fir_3k4_0|fir_3k4_0002:fir_3k4_inst|fir_3k4_0002_ast:fir_3k4_0002_ast_inst|fir_3k4_0002_rtl_core:\real_passthrough:hpfircore_core|altsyncram:u0_m0_wo0_cm13_lutmem_dmem|altsyncram_4kq3:auto_generated|ALTSYNCRAM         ;
+------------------------------------------------------------------------------------------------------------------------------------------------------------------------------------------------------------------------------------------------------------------+
;   Addr   ;              +0              ;              +1              ;              +2              ;              +3              ;              +4              ;              +5              ;              +6              ;              +7              ;
+----------+------------------------------+------------------------------+------------------------------+------------------------------+------------------------------+------------------------------+------------------------------+------------------------------+
;0;(00000000) (0) (0) (00)    ;(00000000) (0) (0) (00)   ;(00000000) (0) (0) (00)   ;(00000000) (0) (0) (00)   ;(00000001) (1) (1) (01)   ;(00000001) (1) (1) (01)   ;(00000001) (1) (1) (01)   ;(00000001) (1) (1) (01)   ;
;8;(00000001) (1) (1) (01)    ;(00000001) (1) (1) (01)   ;(00000001) (1) (1) (01)   ;(00000000) (0) (0) (00)   ;(00000000) (0) (0) (00)   ;(00000000) (0) (0) (00)   ;(00000000) (0) (0) (00)   ;(00000000) (0) (0) (00)   ;
;16;(00000000) (0) (0) (00)    ;(00000000) (0) (0) (00)   ;(00000000) (0) (0) (00)   ;(00000000) (0) (0) (00)   ;(00000000) (0) (0) (00)   ;(00000000) (0) (0) (00)   ;(00000000) (0) (0) (00)   ;(00000000) (0) (0) (00)   ;
;24;(00000000) (0) (0) (00)    ;(00000000) (0) (0) (00)   ;(00000000) (0) (0) (00)   ;(00000000) (0) (0) (00)   ;(00000000) (0) (0) (00)   ;(00000000) (0) (0) (00)   ;(00000000) (0) (0) (00)   ;(00000000) (0) (0) (00)   ;
;32;(11111111) (377) (255) (FF)    ;(11111111) (377) (255) (FF)   ;(11111111) (377) (255) (FF)   ;(11111111) (377) (255) (FF)   ;(11111111) (377) (255) (FF)   ;(11111111) (377) (255) (FF)   ;(11111111) (377) (255) (FF)   ;(11111111) (377) (255) (FF)   ;
;40;(11111111) (377) (255) (FF)    ;(11111111) (377) (255) (FF)   ;(00000000) (0) (0) (00)   ;(00000000) (0) (0) (00)   ;(00000000) (0) (0) (00)   ;(00000000) (0) (0) (00)   ;(00000000) (0) (0) (00)   ;(00000000) (0) (0) (00)   ;
;48;(00000000) (0) (0) (00)    ;(00000000) (0) (0) (00)   ;(00000000) (0) (0) (00)   ;(00000000) (0) (0) (00)   ;(00000000) (0) (0) (00)   ;(00000000) (0) (0) (00)   ;(00000000) (0) (0) (00)   ;(00000000) (0) (0) (00)   ;
;56;(00000000) (0) (0) (00)    ;(00000000) (0) (0) (00)   ;(00000000) (0) (0) (00)   ;(00000000) (0) (0) (00)   ;(00000000) (0) (0) (00)   ;(00000001) (1) (1) (01)   ;(00000001) (1) (1) (01)   ;(00000001) (1) (1) (01)   ;
;64;(00000001) (1) (1) (01)    ;(00000001) (1) (1) (01)   ;(00000001) (1) (1) (01)   ;(00000001) (1) (1) (01)   ;(00000001) (1) (1) (01)   ;(00000001) (1) (1) (01)   ;(00000001) (1) (1) (01)   ;(00000001) (1) (1) (01)   ;
;72;(00000000) (0) (0) (00)    ;(00000000) (0) (0) (00)   ;(00000000) (0) (0) (00)   ;(00000000) (0) (0) (00)   ;(00000000) (0) (0) (00)   ;(00000000) (0) (0) (00)   ;(00000000) (0) (0) (00)   ;(00000000) (0) (0) (00)   ;
;80;(00000000) (0) (0) (00)    ;(00000000) (0) (0) (00)   ;(00000000) (0) (0) (00)   ;(00000000) (0) (0) (00)   ;(00000000) (0) (0) (00)   ;(00000000) (0) (0) (00)   ;(00000000) (0) (0) (00)   ;(00000000) (0) (0) (00)   ;
;88;(00000000) (0) (0) (00)    ;(11111111) (377) (255) (FF)   ;(11111111) (377) (255) (FF)   ;(11111111) (377) (255) (FF)   ;(11111111) (377) (255) (FF)   ;(11111111) (377) (255) (FF)   ;(11111111) (377) (255) (FF)   ;(11111111) (377) (255) (FF)   ;
;96;(11111111) (377) (255) (FF)    ;(11111111) (377) (255) (FF)   ;(11111111) (377) (255) (FF)   ;(11111111) (377) (255) (FF)   ;(11111111) (377) (255) (FF)   ;(11111111) (377) (255) (FF)   ;(00000000) (0) (0) (00)   ;(00000000) (0) (0) (00)   ;
;104;(00000000) (0) (0) (00)    ;(00000000) (0) (0) (00)   ;(00000000) (0) (0) (00)   ;(00000000) (0) (0) (00)   ;(00000000) (0) (0) (00)   ;(00000000) (0) (0) (00)   ;(00000000) (0) (0) (00)   ;(00000000) (0) (0) (00)   ;
;112;(00000000) (0) (0) (00)    ;(00000000) (0) (0) (00)   ;(00000000) (0) (0) (00)   ;(00000000) (0) (0) (00)   ;(00000000) (0) (0) (00)   ;(00000000) (0) (0) (00)   ;(00000001) (1) (1) (01)   ;(00000001) (1) (1) (01)   ;
;120;(00000001) (1) (1) (01)    ;(00000001) (1) (1) (01)   ;(00000001) (1) (1) (01)   ;(00000001) (1) (1) (01)   ;(00000001) (1) (1) (01)   ;(00000001) (1) (1) (01)   ;(00000001) (1) (1) (01)   ;(00000001) (1) (1) (01)   ;
;128;(00000001) (1) (1) (01)    ;(00000001) (1) (1) (01)   ;(00000001) (1) (1) (01)   ;(00000001) (1) (1) (01)   ;(00000000) (0) (0) (00)   ;(00000000) (0) (0) (00)   ;(00000000) (0) (0) (00)   ;(00000000) (0) (0) (00)   ;
;136;(00000000) (0) (0) (00)    ;(00000000) (0) (0) (00)   ;(00000000) (0) (0) (00)   ;(00000000) (0) (0) (00)   ;(00000000) (0) (0) (00)   ;(00000000) (0) (0) (00)   ;(00000000) (0) (0) (00)   ;(00000000) (0) (0) (00)   ;
;144;(00000000) (0) (0) (00)    ;(00000000) (0) (0) (00)   ;(00000000) (0) (0) (00)   ;(11111111) (377) (255) (FF)   ;(11111111) (377) (255) (FF)   ;(11111111) (377) (255) (FF)   ;(11111111) (377) (255) (FF)   ;(11111111) (377) (255) (FF)   ;
;152;(11111111) (377) (255) (FF)    ;(11111111) (377) (255) (FF)   ;(11111111) (377) (255) (FF)   ;(11111111) (377) (255) (FF)   ;(11111111) (377) (255) (FF)   ;(11111111) (377) (255) (FF)   ;(11111111) (377) (255) (FF)   ;(11111111) (377) (255) (FF)   ;
;160;(11111111) (377) (255) (FF)    ;(11111111) (377) (255) (FF)   ;(00000000) (0) (0) (00)   ;(00000000) (0) (0) (00)   ;(00000000) (0) (0) (00)   ;(00000000) (0) (0) (00)   ;(00000000) (0) (0) (00)   ;(00000000) (0) (0) (00)   ;
;168;(00000000) (0) (0) (00)    ;(00000000) (0) (0) (00)   ;(00000000) (0) (0) (00)   ;(00000000) (0) (0) (00)   ;(00000000) (0) (0) (00)   ;(00000000) (0) (0) (00)   ;(00000000) (0) (0) (00)   ;(00000000) (0) (0) (00)   ;
;176;(00000001) (1) (1) (01)    ;(00000001) (1) (1) (01)   ;(00000001) (1) (1) (01)   ;(00000001) (1) (1) (01)   ;(00000001) (1) (1) (01)   ;(00000001) (1) (1) (01)   ;(00000001) (1) (1) (01)   ;(00000001) (1) (1) (01)   ;
;184;(00000001) (1) (1) (01)    ;(00000001) (1) (1) (01)   ;(00000001) (1) (1) (01)   ;(00000001) (1) (1) (01)   ;(00000001) (1) (1) (01)   ;(00000001) (1) (1) (01)   ;(00000001) (1) (1) (01)   ;(00000001) (1) (1) (01)   ;
;192;(00000000) (0) (0) (00)    ;(00000000) (0) (0) (00)   ;(00000000) (0) (0) (00)   ;(00000000) (0) (0) (00)   ;(00000000) (0) (0) (00)   ;(00000000) (0) (0) (00)   ;(00000000) (0) (0) (00)   ;(00000000) (0) (0) (00)   ;
;200;(00000000) (0) (0) (00)    ;(00000000) (0) (0) (00)   ;(00000000) (0) (0) (00)   ;(00000000) (0) (0) (00)   ;(00000000) (0) (0) (00)   ;(11111111) (377) (255) (FF)   ;(11111111) (377) (255) (FF)   ;(11111111) (377) (255) (FF)   ;
;208;(11111111) (377) (255) (FF)    ;(11111111) (377) (255) (FF)   ;(11111111) (377) (255) (FF)   ;(11111111) (377) (255) (FF)   ;(11111111) (377) (255) (FF)   ;(11111111) (377) (255) (FF)   ;(11111111) (377) (255) (FF)   ;(11111111) (377) (255) (FF)   ;
;216;(11111111) (377) (255) (FF)    ;(11111111) (377) (255) (FF)   ;(11111111) (377) (255) (FF)   ;(11111111) (377) (255) (FF)   ;(11111111) (377) (255) (FF)   ;(11111111) (377) (255) (FF)   ;(00000000) (0) (0) (00)   ;(00000000) (0) (0) (00)   ;
;224;(00000000) (0) (0) (00)    ;(00000000) (0) (0) (00)   ;(00000000) (0) (0) (00)   ;(00000000) (0) (0) (00)   ;(00000000) (0) (0) (00)   ;(00000000) (0) (0) (00)   ;(00000000) (0) (0) (00)   ;(00000000) (0) (0) (00)   ;
;232;(00000000) (0) (0) (00)    ;(00000000) (0) (0) (00)   ;(00000001) (1) (1) (01)   ;(00000001) (1) (1) (01)   ;(00000001) (1) (1) (01)   ;(00000001) (1) (1) (01)   ;(00000001) (1) (1) (01)   ;


RAM content values are presented in the following format: (Binary) (Octal) (Decimal) (Hexadecimal) 
+------------------------------------------------------------------------------------------------------------------------------------------------------------------------------------------------------------------------------------------------------------------+
; |FIR_3k4_lowpass|FIR:u_FIR_0|fir_3k4:u_fir_3k4_0|fir_3k4_0002:fir_3k4_inst|fir_3k4_0002_ast:fir_3k4_0002_ast_inst|fir_3k4_0002_rtl_core:\real_passthrough:hpfircore_core|altsyncram:u0_m0_wo0_cm14_lutmem_dmem|altsyncram_5kq3:auto_generated|ALTSYNCRAM         ;
+------------------------------------------------------------------------------------------------------------------------------------------------------------------------------------------------------------------------------------------------------------------+
;   Addr   ;              +0              ;              +1              ;              +2              ;              +3              ;              +4              ;              +5              ;              +6              ;              +7              ;
+----------+------------------------------+------------------------------+------------------------------+------------------------------+------------------------------+------------------------------+------------------------------+------------------------------+
;0;(00000000) (0) (0) (00)    ;(00000000) (0) (0) (00)   ;(00000000) (0) (0) (00)   ;(00000000) (0) (0) (00)   ;(00000000) (0) (0) (00)   ;(00000000) (0) (0) (00)   ;(00000000) (0) (0) (00)   ;(00000000) (0) (0) (00)   ;
;8;(00000000) (0) (0) (00)    ;(00000000) (0) (0) (00)   ;(00000000) (0) (0) (00)   ;(00000000) (0) (0) (00)   ;(00000000) (0) (0) (00)   ;(00000000) (0) (0) (00)   ;(00000000) (0) (0) (00)   ;(00000000) (0) (0) (00)   ;
;16;(00000000) (0) (0) (00)    ;(00000000) (0) (0) (00)   ;(00000000) (0) (0) (00)   ;(00000000) (0) (0) (00)   ;(00000000) (0) (0) (00)   ;(00000000) (0) (0) (00)   ;(00000000) (0) (0) (00)   ;(00000000) (0) (0) (00)   ;
;24;(00000000) (0) (0) (00)    ;(00000000) (0) (0) (00)   ;(00000000) (0) (0) (00)   ;(00000000) (0) (0) (00)   ;(00000000) (0) (0) (00)   ;(00000000) (0) (0) (00)   ;(00000000) (0) (0) (00)   ;(00000000) (0) (0) (00)   ;
;32;(00000000) (0) (0) (00)    ;(00000000) (0) (0) (00)   ;(00000000) (0) (0) (00)   ;(00000000) (0) (0) (00)   ;(00000000) (0) (0) (00)   ;(00000000) (0) (0) (00)   ;(00000000) (0) (0) (00)   ;(00000000) (0) (0) (00)   ;
;40;(00000000) (0) (0) (00)    ;(00000000) (0) (0) (00)   ;(00000000) (0) (0) (00)   ;(00000000) (0) (0) (00)   ;(00000000) (0) (0) (00)   ;(00000000) (0) (0) (00)   ;(00000000) (0) (0) (00)   ;(00000000) (0) (0) (00)   ;
;48;(00000000) (0) (0) (00)    ;(00000000) (0) (0) (00)   ;(00000000) (0) (0) (00)   ;(00000000) (0) (0) (00)   ;(00000000) (0) (0) (00)   ;(00000000) (0) (0) (00)   ;(00000000) (0) (0) (00)   ;(00000000) (0) (0) (00)   ;
;56;(00000000) (0) (0) (00)    ;(00000000) (0) (0) (00)   ;(00000000) (0) (0) (00)   ;(00000000) (0) (0) (00)   ;(00000000) (0) (0) (00)   ;(00000000) (0) (0) (00)   ;(00000000) (0) (0) (00)   ;(00000000) (0) (0) (00)   ;
;64;(00000000) (0) (0) (00)    ;(00000000) (0) (0) (00)   ;(00000000) (0) (0) (00)   ;(00000000) (0) (0) (00)   ;(00000000) (0) (0) (00)   ;(00000000) (0) (0) (00)   ;(00000000) (0) (0) (00)   ;(00000000) (0) (0) (00)   ;
;72;(00000000) (0) (0) (00)    ;(00000000) (0) (0) (00)   ;(00000000) (0) (0) (00)   ;(00000000) (0) (0) (00)   ;(00000000) (0) (0) (00)   ;(00000000) (0) (0) (00)   ;(00000000) (0) (0) (00)   ;(00000000) (0) (0) (00)   ;
;80;(00000000) (0) (0) (00)    ;(00000000) (0) (0) (00)   ;(00000000) (0) (0) (00)   ;(00000000) (0) (0) (00)   ;(00000000) (0) (0) (00)   ;(00000000) (0) (0) (00)   ;(00000000) (0) (0) (00)   ;(00000000) (0) (0) (00)   ;
;88;(00000000) (0) (0) (00)    ;(00000000) (0) (0) (00)   ;(00000000) (0) (0) (00)   ;(00000000) (0) (0) (00)   ;(00000000) (0) (0) (00)   ;(00000000) (0) (0) (00)   ;(00000000) (0) (0) (00)   ;(00000000) (0) (0) (00)   ;
;96;(00000000) (0) (0) (00)    ;(00000000) (0) (0) (00)   ;(00000000) (0) (0) (00)   ;(00000000) (0) (0) (00)   ;(00000000) (0) (0) (00)   ;(00000000) (0) (0) (00)   ;(00000000) (0) (0) (00)   ;(00000000) (0) (0) (00)   ;
;104;(00000000) (0) (0) (00)    ;(00000000) (0) (0) (00)   ;(00000000) (0) (0) (00)   ;(00000000) (0) (0) (00)   ;(00000000) (0) (0) (00)   ;(00000000) (0) (0) (00)   ;(00000000) (0) (0) (00)   ;(00000000) (0) (0) (00)   ;
;112;(00000000) (0) (0) (00)    ;(00000000) (0) (0) (00)   ;(00000000) (0) (0) (00)   ;(00000000) (0) (0) (00)   ;(00000000) (0) (0) (00)   ;(00000000) (0) (0) (00)   ;(00000000) (0) (0) (00)   ;(00000000) (0) (0) (00)   ;
;120;(00000000) (0) (0) (00)    ;(00000000) (0) (0) (00)   ;(00000000) (0) (0) (00)   ;(00000000) (0) (0) (00)   ;(00000000) (0) (0) (00)   ;(00000000) (0) (0) (00)   ;(00000000) (0) (0) (00)   ;(00000000) (0) (0) (00)   ;
;128;(00000000) (0) (0) (00)    ;(00000000) (0) (0) (00)   ;(00000000) (0) (0) (00)   ;(00000000) (0) (0) (00)   ;(00000000) (0) (0) (00)   ;(00000000) (0) (0) (00)   ;(00000000) (0) (0) (00)   ;(00000000) (0) (0) (00)   ;
;136;(00000000) (0) (0) (00)    ;(00000000) (0) (0) (00)   ;(00000000) (0) (0) (00)   ;(00000000) (0) (0) (00)   ;(00000000) (0) (0) (00)   ;(00000000) (0) (0) (00)   ;(00000000) (0) (0) (00)   ;(00000000) (0) (0) (00)   ;
;144;(00000000) (0) (0) (00)    ;(00000000) (0) (0) (00)   ;(00000000) (0) (0) (00)   ;(00000000) (0) (0) (00)   ;(00000000) (0) (0) (00)   ;(00000000) (0) (0) (00)   ;(00000000) (0) (0) (00)   ;(00000000) (0) (0) (00)   ;
;152;(00000000) (0) (0) (00)    ;(00000000) (0) (0) (00)   ;(00000000) (0) (0) (00)   ;(00000000) (0) (0) (00)   ;(00000000) (0) (0) (00)   ;(00000000) (0) (0) (00)   ;(00000000) (0) (0) (00)   ;(00000000) (0) (0) (00)   ;
;160;(00000000) (0) (0) (00)    ;(00000000) (0) (0) (00)   ;(00000000) (0) (0) (00)   ;(00000000) (0) (0) (00)   ;(00000000) (0) (0) (00)   ;(00000000) (0) (0) (00)   ;(00000000) (0) (0) (00)   ;(00000000) (0) (0) (00)   ;
;168;(00000000) (0) (0) (00)    ;(00000000) (0) (0) (00)   ;(00000000) (0) (0) (00)   ;(00000000) (0) (0) (00)   ;(00000000) (0) (0) (00)   ;(00000000) (0) (0) (00)   ;(00000000) (0) (0) (00)   ;(00000000) (0) (0) (00)   ;
;176;(00000000) (0) (0) (00)    ;(00000000) (0) (0) (00)   ;(00000000) (0) (0) (00)   ;(00000000) (0) (0) (00)   ;(00000000) (0) (0) (00)   ;(00000000) (0) (0) (00)   ;(00000000) (0) (0) (00)   ;(00000000) (0) (0) (00)   ;
;184;(00000000) (0) (0) (00)    ;(00000000) (0) (0) (00)   ;(00000000) (0) (0) (00)   ;(00000000) (0) (0) (00)   ;(00000000) (0) (0) (00)   ;(00000000) (0) (0) (00)   ;(00000000) (0) (0) (00)   ;(00000000) (0) (0) (00)   ;
;192;(00000000) (0) (0) (00)    ;(00000000) (0) (0) (00)   ;(00000000) (0) (0) (00)   ;(00000000) (0) (0) (00)   ;(00000000) (0) (0) (00)   ;(00000000) (0) (0) (00)   ;(00000000) (0) (0) (00)   ;(00000000) (0) (0) (00)   ;
;200;(00000000) (0) (0) (00)    ;(00000000) (0) (0) (00)   ;(00000000) (0) (0) (00)   ;(00000000) (0) (0) (00)   ;(00000000) (0) (0) (00)   ;(00000000) (0) (0) (00)   ;(00000000) (0) (0) (00)   ;(00000000) (0) (0) (00)   ;
;208;(00000000) (0) (0) (00)    ;(00000000) (0) (0) (00)   ;(00000000) (0) (0) (00)   ;(00000000) (0) (0) (00)   ;(00000000) (0) (0) (00)   ;(00000000) (0) (0) (00)   ;(00000000) (0) (0) (00)   ;(11111111) (377) (255) (FF)   ;
;216;(11111111) (377) (255) (FF)    ;(11111111) (377) (255) (FF)   ;(11111111) (377) (255) (FF)   ;(00000000) (0) (0) (00)   ;(00000000) (0) (0) (00)   ;(00000000) (0) (0) (00)   ;(00000000) (0) (0) (00)   ;(00000000) (0) (0) (00)   ;
;224;(00000000) (0) (0) (00)    ;(00000000) (0) (0) (00)   ;(00000000) (0) (0) (00)   ;(00000000) (0) (0) (00)   ;(00000000) (0) (0) (00)   ;(00000000) (0) (0) (00)   ;(00000000) (0) (0) (00)   ;(00000000) (0) (0) (00)   ;
;232;(00000000) (0) (0) (00)    ;(00000000) (0) (0) (00)   ;(00000000) (0) (0) (00)   ;(00000000) (0) (0) (00)   ;(00000000) (0) (0) (00)   ;(00000000) (0) (0) (00)   ;(00000000) (0) (0) (00)   ;


RAM content values are presented in the following format: (Binary) (Octal) (Decimal) (Hexadecimal) 
+------------------------------------------------------------------------------------------------------------------------------------------------------------------------------------------------------------------------------------------------------------------+
; |FIR_3k4_lowpass|FIR:u_FIR_0|fir_3k4:u_fir_3k4_0|fir_3k4_0002:fir_3k4_inst|fir_3k4_0002_ast:fir_3k4_0002_ast_inst|fir_3k4_0002_rtl_core:\real_passthrough:hpfircore_core|altsyncram:u0_m0_wo0_cm6_lutmem_dmem|altsyncram_miq3:auto_generated|ALTSYNCRAM          ;
+------------------------------------------------------------------------------------------------------------------------------------------------------------------------------------------------------------------------------------------------------------------+
;   Addr   ;              +0              ;              +1              ;              +2              ;              +3              ;              +4              ;              +5              ;              +6              ;              +7              ;
+----------+------------------------------+------------------------------+------------------------------+------------------------------+------------------------------+------------------------------+------------------------------+------------------------------+
;0;(00000000) (0) (0) (00)    ;(00000000) (0) (0) (00)   ;(00000000) (0) (0) (00)   ;(00000000) (0) (0) (00)   ;(00000000) (0) (0) (00)   ;(00000000) (0) (0) (00)   ;(00000000) (0) (0) (00)   ;(00000001) (1) (1) (01)   ;
;8;(00000001) (1) (1) (01)    ;(00000001) (1) (1) (01)   ;(00000001) (1) (1) (01)   ;(00000001) (1) (1) (01)   ;(00000001) (1) (1) (01)   ;(00000001) (1) (1) (01)   ;(00000000) (0) (0) (00)   ;(00000000) (0) (0) (00)   ;
;16;(00000000) (0) (0) (00)    ;(00000000) (0) (0) (00)   ;(00000000) (0) (0) (00)   ;(00000000) (0) (0) (00)   ;(00000000) (0) (0) (00)   ;(00000000) (0) (0) (00)   ;(00000000) (0) (0) (00)   ;(00000000) (0) (0) (00)   ;
;24;(00000000) (0) (0) (00)    ;(00000000) (0) (0) (00)   ;(00000000) (0) (0) (00)   ;(00000000) (0) (0) (00)   ;(00000000) (0) (0) (00)   ;(00000000) (0) (0) (00)   ;(00000000) (0) (0) (00)   ;(00000000) (0) (0) (00)   ;
;32;(00000000) (0) (0) (00)    ;(00000000) (0) (0) (00)   ;(00000000) (0) (0) (00)   ;(00000000) (0) (0) (00)   ;(00000000) (0) (0) (00)   ;(00000000) (0) (0) (00)   ;(11111111) (377) (255) (FF)   ;(11111111) (377) (255) (FF)   ;
;40;(11111111) (377) (255) (FF)    ;(11111111) (377) (255) (FF)   ;(00000000) (0) (0) (00)   ;(00000000) (0) (0) (00)   ;(00000000) (0) (0) (00)   ;(00000000) (0) (0) (00)   ;(00000000) (0) (0) (00)   ;(00000000) (0) (0) (00)   ;
;48;(00000000) (0) (0) (00)    ;(00000000) (0) (0) (00)   ;(00000000) (0) (0) (00)   ;(00000000) (0) (0) (00)   ;(00000000) (0) (0) (00)   ;(00000000) (0) (0) (00)   ;(00000000) (0) (0) (00)   ;(00000000) (0) (0) (00)   ;
;56;(00000000) (0) (0) (00)    ;(00000000) (0) (0) (00)   ;(00000000) (0) (0) (00)   ;(00000000) (0) (0) (00)   ;(00000000) (0) (0) (00)   ;(00000000) (0) (0) (00)   ;(00000000) (0) (0) (00)   ;(00000000) (0) (0) (00)   ;
;64;(00000000) (0) (0) (00)    ;(00000000) (0) (0) (00)   ;(00000000) (0) (0) (00)   ;(00000000) (0) (0) (00)   ;(00000000) (0) (0) (00)   ;(00000000) (0) (0) (00)   ;(00000000) (0) (0) (00)   ;(00000000) (0) (0) (00)   ;
;72;(00000000) (0) (0) (00)    ;(00000000) (0) (0) (00)   ;(00000000) (0) (0) (00)   ;(00000000) (0) (0) (00)   ;(00000000) (0) (0) (00)   ;(00000000) (0) (0) (00)   ;(00000000) (0) (0) (00)   ;(00000000) (0) (0) (00)   ;
;80;(00000000) (0) (0) (00)    ;(00000000) (0) (0) (00)   ;(00000000) (0) (0) (00)   ;(00000000) (0) (0) (00)   ;(00000000) (0) (0) (00)   ;(00000000) (0) (0) (00)   ;(00000000) (0) (0) (00)   ;(00000000) (0) (0) (00)   ;
;88;(00000000) (0) (0) (00)    ;(00000000) (0) (0) (00)   ;(00000000) (0) (0) (00)   ;(00000000) (0) (0) (00)   ;(00000000) (0) (0) (00)   ;(00000000) (0) (0) (00)   ;(00000000) (0) (0) (00)   ;(00000000) (0) (0) (00)   ;
;96;(00000000) (0) (0) (00)    ;(00000000) (0) (0) (00)   ;(00000000) (0) (0) (00)   ;(00000000) (0) (0) (00)   ;(00000000) (0) (0) (00)   ;(00000000) (0) (0) (00)   ;(00000000) (0) (0) (00)   ;(00000000) (0) (0) (00)   ;
;104;(00000000) (0) (0) (00)    ;(00000000) (0) (0) (00)   ;(00000000) (0) (0) (00)   ;(00000000) (0) (0) (00)   ;(00000000) (0) (0) (00)   ;(00000000) (0) (0) (00)   ;(00000000) (0) (0) (00)   ;(00000000) (0) (0) (00)   ;
;112;(00000000) (0) (0) (00)    ;(00000000) (0) (0) (00)   ;(00000000) (0) (0) (00)   ;(00000000) (0) (0) (00)   ;(00000000) (0) (0) (00)   ;(00000000) (0) (0) (00)   ;(00000000) (0) (0) (00)   ;(00000000) (0) (0) (00)   ;
;120;(00000000) (0) (0) (00)    ;(00000000) (0) (0) (00)   ;(00000000) (0) (0) (00)   ;(00000000) (0) (0) (00)   ;(00000000) (0) (0) (00)   ;(00000000) (0) (0) (00)   ;(00000000) (0) (0) (00)   ;(00000000) (0) (0) (00)   ;
;128;(00000000) (0) (0) (00)    ;(00000000) (0) (0) (00)   ;(00000000) (0) (0) (00)   ;(00000000) (0) (0) (00)   ;(00000000) (0) (0) (00)   ;(00000000) (0) (0) (00)   ;(00000000) (0) (0) (00)   ;(00000000) (0) (0) (00)   ;
;136;(00000000) (0) (0) (00)    ;(00000000) (0) (0) (00)   ;(00000000) (0) (0) (00)   ;(00000000) (0) (0) (00)   ;(00000000) (0) (0) (00)   ;(00000000) (0) (0) (00)   ;(00000000) (0) (0) (00)   ;(00000000) (0) (0) (00)   ;
;144;(00000000) (0) (0) (00)    ;(00000000) (0) (0) (00)   ;(00000000) (0) (0) (00)   ;(00000000) (0) (0) (00)   ;(00000000) (0) (0) (00)   ;(00000000) (0) (0) (00)   ;(00000000) (0) (0) (00)   ;(00000000) (0) (0) (00)   ;
;152;(00000000) (0) (0) (00)    ;(00000000) (0) (0) (00)   ;(00000000) (0) (0) (00)   ;(00000000) (0) (0) (00)   ;(00000000) (0) (0) (00)   ;(00000000) (0) (0) (00)   ;(00000000) (0) (0) (00)   ;(00000000) (0) (0) (00)   ;
;160;(00000000) (0) (0) (00)    ;(00000000) (0) (0) (00)   ;(00000000) (0) (0) (00)   ;(00000000) (0) (0) (00)   ;(00000000) (0) (0) (00)   ;(00000000) (0) (0) (00)   ;(00000000) (0) (0) (00)   ;(00000000) (0) (0) (00)   ;
;168;(00000000) (0) (0) (00)    ;(00000000) (0) (0) (00)   ;(00000000) (0) (0) (00)   ;(00000000) (0) (0) (00)   ;(00000000) (0) (0) (00)   ;(00000000) (0) (0) (00)   ;(00000000) (0) (0) (00)   ;(00000000) (0) (0) (00)   ;
;176;(00000000) (0) (0) (00)    ;(00000000) (0) (0) (00)   ;(00000000) (0) (0) (00)   ;(00000000) (0) (0) (00)   ;(00000000) (0) (0) (00)   ;(00000000) (0) (0) (00)   ;(00000000) (0) (0) (00)   ;(00000000) (0) (0) (00)   ;
;184;(00000000) (0) (0) (00)    ;(00000000) (0) (0) (00)   ;(00000000) (0) (0) (00)   ;(00000000) (0) (0) (00)   ;(00000000) (0) (0) (00)   ;(00000000) (0) (0) (00)   ;(00000000) (0) (0) (00)   ;(00000000) (0) (0) (00)   ;
;192;(00000000) (0) (0) (00)    ;(00000000) (0) (0) (00)   ;(00000000) (0) (0) (00)   ;(00000000) (0) (0) (00)   ;(00000000) (0) (0) (00)   ;(00000000) (0) (0) (00)   ;(00000000) (0) (0) (00)   ;(00000000) (0) (0) (00)   ;
;200;(00000000) (0) (0) (00)    ;(00000000) (0) (0) (00)   ;(00000000) (0) (0) (00)   ;(00000000) (0) (0) (00)   ;(00000000) (0) (0) (00)   ;(00000000) (0) (0) (00)   ;(00000000) (0) (0) (00)   ;(00000000) (0) (0) (00)   ;
;208;(00000000) (0) (0) (00)    ;(00000000) (0) (0) (00)   ;(00000000) (0) (0) (00)   ;(00000000) (0) (0) (00)   ;(00000000) (0) (0) (00)   ;(00000000) (0) (0) (00)   ;(00000000) (0) (0) (00)   ;(00000000) (0) (0) (00)   ;
;216;(00000000) (0) (0) (00)    ;(00000000) (0) (0) (00)   ;(00000000) (0) (0) (00)   ;(00000000) (0) (0) (00)   ;(00000000) (0) (0) (00)   ;(00000000) (0) (0) (00)   ;(00000000) (0) (0) (00)   ;(00000000) (0) (0) (00)   ;
;224;(00000000) (0) (0) (00)    ;(00000000) (0) (0) (00)   ;(00000000) (0) (0) (00)   ;(00000000) (0) (0) (00)   ;(00000000) (0) (0) (00)   ;(00000000) (0) (0) (00)   ;(00000000) (0) (0) (00)   ;(00000000) (0) (0) (00)   ;
;232;(00000000) (0) (0) (00)    ;(00000000) (0) (0) (00)   ;(00000000) (0) (0) (00)   ;(00000000) (0) (0) (00)   ;(00000000) (0) (0) (00)   ;(00000000) (0) (0) (00)   ;(00000000) (0) (0) (00)   ;


RAM content values are presented in the following format: (Binary) (Octal) (Decimal) (Hexadecimal) 
+------------------------------------------------------------------------------------------------------------------------------------------------------------------------------------------------------------------------------------------------------------------+
; |FIR_3k4_lowpass|FIR:u_FIR_0|fir_3k4:u_fir_3k4_0|fir_3k4_0002:fir_3k4_inst|fir_3k4_0002_ast:fir_3k4_0002_ast_inst|fir_3k4_0002_rtl_core:\real_passthrough:hpfircore_core|altsyncram:u0_m0_wo0_cm8_lutmem_dmem|altsyncram_oiq3:auto_generated|ALTSYNCRAM          ;
+------------------------------------------------------------------------------------------------------------------------------------------------------------------------------------------------------------------------------------------------------------------+
;   Addr   ;              +0              ;              +1              ;              +2              ;              +3              ;              +4              ;              +5              ;              +6              ;              +7              ;
+----------+------------------------------+------------------------------+------------------------------+------------------------------+------------------------------+------------------------------+------------------------------+------------------------------+
;0;(11111111) (377) (255) (FF)    ;(00000000) (0) (0) (00)   ;(00000000) (0) (0) (00)   ;(00000000) (0) (0) (00)   ;(00000000) (0) (0) (00)   ;(00000000) (0) (0) (00)   ;(00000001) (1) (1) (01)   ;(00000001) (1) (1) (01)   ;
;8;(00000001) (1) (1) (01)    ;(00000001) (1) (1) (01)   ;(00000010) (2) (2) (02)   ;(00000010) (2) (2) (02)   ;(00000010) (2) (2) (02)   ;(00000010) (2) (2) (02)   ;(00000010) (2) (2) (02)   ;(00000010) (2) (2) (02)   ;
;16;(00000011) (3) (3) (03)    ;(00000011) (3) (3) (03)   ;(00000011) (3) (3) (03)   ;(00000011) (3) (3) (03)   ;(00000010) (2) (2) (02)   ;(00000010) (2) (2) (02)   ;(00000010) (2) (2) (02)   ;(00000010) (2) (2) (02)   ;
;24;(00000010) (2) (2) (02)    ;(00000010) (2) (2) (02)   ;(00000001) (1) (1) (01)   ;(00000001) (1) (1) (01)   ;(00000001) (1) (1) (01)   ;(00000001) (1) (1) (01)   ;(00000000) (0) (0) (00)   ;(00000000) (0) (0) (00)   ;
;32;(00000000) (0) (0) (00)    ;(00000000) (0) (0) (00)   ;(00000000) (0) (0) (00)   ;(00000000) (0) (0) (00)   ;(11111111) (377) (255) (FF)   ;(11111111) (377) (255) (FF)   ;(11111111) (377) (255) (FF)   ;(11111111) (377) (255) (FF)   ;
;40;(11111110) (376) (254) (FE)    ;(11111110) (376) (254) (FE)   ;(11111110) (376) (254) (FE)   ;(11111110) (376) (254) (FE)   ;(11111110) (376) (254) (FE)   ;(11111110) (376) (254) (FE)   ;(11111110) (376) (254) (FE)   ;(11111110) (376) (254) (FE)   ;
;48;(11111110) (376) (254) (FE)    ;(11111110) (376) (254) (FE)   ;(11111110) (376) (254) (FE)   ;(11111110) (376) (254) (FE)   ;(11111110) (376) (254) (FE)   ;(11111110) (376) (254) (FE)   ;(11111110) (376) (254) (FE)   ;(11111111) (377) (255) (FF)   ;
;56;(11111111) (377) (255) (FF)    ;(11111111) (377) (255) (FF)   ;(11111111) (377) (255) (FF)   ;(00000000) (0) (0) (00)   ;(00000000) (0) (0) (00)   ;(00000000) (0) (0) (00)   ;(00000000) (0) (0) (00)   ;(00000000) (0) (0) (00)   ;
;64;(00000000) (0) (0) (00)    ;(00000000) (0) (0) (00)   ;(00000001) (1) (1) (01)   ;(00000001) (1) (1) (01)   ;(00000001) (1) (1) (01)   ;(00000001) (1) (1) (01)   ;(00000010) (2) (2) (02)   ;(00000010) (2) (2) (02)   ;
;72;(00000010) (2) (2) (02)    ;(00000010) (2) (2) (02)   ;(00000010) (2) (2) (02)   ;(00000010) (2) (2) (02)   ;(00000010) (2) (2) (02)   ;(00000010) (2) (2) (02)   ;(00000010) (2) (2) (02)   ;(00000010) (2) (2) (02)   ;
;80;(00000010) (2) (2) (02)    ;(00000010) (2) (2) (02)   ;(00000010) (2) (2) (02)   ;(00000001) (1) (1) (01)   ;(00000001) (1) (1) (01)   ;(00000001) (1) (1) (01)   ;(00000001) (1) (1) (01)   ;(00000001) (1) (1) (01)   ;
;88;(00000000) (0) (0) (00)    ;(00000000) (0) (0) (00)   ;(00000000) (0) (0) (00)   ;(00000000) (0) (0) (00)   ;(00000000) (0) (0) (00)   ;(00000000) (0) (0) (00)   ;(00000000) (0) (0) (00)   ;(00000000) (0) (0) (00)   ;
;96;(11111111) (377) (255) (FF)    ;(11111111) (377) (255) (FF)   ;(11111111) (377) (255) (FF)   ;(11111111) (377) (255) (FF)   ;(11111111) (377) (255) (FF)   ;(11111110) (376) (254) (FE)   ;(11111110) (376) (254) (FE)   ;(11111110) (376) (254) (FE)   ;
;104;(11111110) (376) (254) (FE)    ;(11111110) (376) (254) (FE)   ;(11111110) (376) (254) (FE)   ;(11111110) (376) (254) (FE)   ;(11111110) (376) (254) (FE)   ;(11111110) (376) (254) (FE)   ;(11111110) (376) (254) (FE)   ;(11111110) (376) (254) (FE)   ;
;112;(11111111) (377) (255) (FF)    ;(11111111) (377) (255) (FF)   ;(11111111) (377) (255) (FF)   ;(11111111) (377) (255) (FF)   ;(11111111) (377) (255) (FF)   ;(00000000) (0) (0) (00)   ;(00000000) (0) (0) (00)   ;(00000000) (0) (0) (00)   ;
;120;(00000000) (0) (0) (00)    ;(00000000) (0) (0) (00)   ;(00000000) (0) (0) (00)   ;(00000000) (0) (0) (00)   ;(00000000) (0) (0) (00)   ;(00000001) (1) (1) (01)   ;(00000001) (1) (1) (01)   ;(00000001) (1) (1) (01)   ;
;128;(00000001) (1) (1) (01)    ;(00000001) (1) (1) (01)   ;(00000001) (1) (1) (01)   ;(00000010) (2) (2) (02)   ;(00000010) (2) (2) (02)   ;(00000010) (2) (2) (02)   ;(00000010) (2) (2) (02)   ;(00000010) (2) (2) (02)   ;
;136;(00000010) (2) (2) (02)    ;(00000010) (2) (2) (02)   ;(00000010) (2) (2) (02)   ;(00000010) (2) (2) (02)   ;(00000001) (1) (1) (01)   ;(00000001) (1) (1) (01)   ;(00000001) (1) (1) (01)   ;(00000001) (1) (1) (01)   ;
;144;(00000001) (1) (1) (01)    ;(00000001) (1) (1) (01)   ;(00000000) (0) (0) (00)   ;(00000000) (0) (0) (00)   ;(00000000) (0) (0) (00)   ;(00000000) (0) (0) (00)   ;(00000000) (0) (0) (00)   ;(00000000) (0) (0) (00)   ;
;152;(00000000) (0) (0) (00)    ;(00000000) (0) (0) (00)   ;(00000000) (0) (0) (00)   ;(11111111) (377) (255) (FF)   ;(11111111) (377) (255) (FF)   ;(11111111) (377) (255) (FF)   ;(11111111) (377) (255) (FF)   ;(11111111) (377) (255) (FF)   ;
;160;(11111111) (377) (255) (FF)    ;(11111111) (377) (255) (FF)   ;(11111110) (376) (254) (FE)   ;(11111110) (376) (254) (FE)   ;(11111110) (376) (254) (FE)   ;(11111110) (376) (254) (FE)   ;(11111110) (376) (254) (FE)   ;(11111110) (376) (254) (FE)   ;
;168;(11111111) (377) (255) (FF)    ;(11111111) (377) (255) (FF)   ;(11111111) (377) (255) (FF)   ;(11111111) (377) (255) (FF)   ;(11111111) (377) (255) (FF)   ;(11111111) (377) (255) (FF)   ;(11111111) (377) (255) (FF)   ;(00000000) (0) (0) (00)   ;
;176;(00000000) (0) (0) (00)    ;(00000000) (0) (0) (00)   ;(00000000) (0) (0) (00)   ;(00000000) (0) (0) (00)   ;(00000000) (0) (0) (00)   ;(00000000) (0) (0) (00)   ;(00000000) (0) (0) (00)   ;(00000000) (0) (0) (00)   ;
;184;(00000000) (0) (0) (00)    ;(00000001) (1) (1) (01)   ;(00000001) (1) (1) (01)   ;(00000001) (1) (1) (01)   ;(00000001) (1) (1) (01)   ;(00000001) (1) (1) (01)   ;(00000001) (1) (1) (01)   ;(00000001) (1) (1) (01)   ;
;192;(00000001) (1) (1) (01)    ;(00000001) (1) (1) (01)   ;(00000001) (1) (1) (01)   ;(00000001) (1) (1) (01)   ;(00000001) (1) (1) (01)   ;(00000001) (1) (1) (01)   ;(00000001) (1) (1) (01)   ;(00000001) (1) (1) (01)   ;
;200;(00000001) (1) (1) (01)    ;(00000001) (1) (1) (01)   ;(00000001) (1) (1) (01)   ;(00000001) (1) (1) (01)   ;(00000000) (0) (0) (00)   ;(00000000) (0) (0) (00)   ;(00000000) (0) (0) (00)   ;(00000000) (0) (0) (00)   ;
;208;(00000000) (0) (0) (00)    ;(00000000) (0) (0) (00)   ;(00000000) (0) (0) (00)   ;(00000000) (0) (0) (00)   ;(00000000) (0) (0) (00)   ;(00000000) (0) (0) (00)   ;(00000000) (0) (0) (00)   ;(11111111) (377) (255) (FF)   ;
;216;(11111111) (377) (255) (FF)    ;(11111111) (377) (255) (FF)   ;(11111111) (377) (255) (FF)   ;(11111111) (377) (255) (FF)   ;(11111111) (377) (255) (FF)   ;(11111111) (377) (255) (FF)   ;(11111111) (377) (255) (FF)   ;(11111111) (377) (255) (FF)   ;
;224;(11111111) (377) (255) (FF)    ;(11111111) (377) (255) (FF)   ;(11111111) (377) (255) (FF)   ;(11111111) (377) (255) (FF)   ;(11111111) (377) (255) (FF)   ;(11111111) (377) (255) (FF)   ;(11111111) (377) (255) (FF)   ;(11111111) (377) (255) (FF)   ;
;232;(11111111) (377) (255) (FF)    ;(00000000) (0) (0) (00)   ;(00000000) (0) (0) (00)   ;(00000000) (0) (0) (00)   ;(00000000) (0) (0) (00)   ;(00000000) (0) (0) (00)   ;(00000000) (0) (0) (00)   ;


RAM content values are presented in the following format: (Binary) (Octal) (Decimal) (Hexadecimal) 
+------------------------------------------------------------------------------------------------------------------------------------------------------------------------------------------------------------------------------------------------------------------+
; |FIR_3k4_lowpass|FIR:u_FIR_0|fir_3k4:u_fir_3k4_0|fir_3k4_0002:fir_3k4_inst|fir_3k4_0002_ast:fir_3k4_0002_ast_inst|fir_3k4_0002_rtl_core:\real_passthrough:hpfircore_core|altsyncram:u0_m0_wo0_cm9_lutmem_dmem|altsyncram_piq3:auto_generated|ALTSYNCRAM          ;
+------------------------------------------------------------------------------------------------------------------------------------------------------------------------------------------------------------------------------------------------------------------+
;   Addr   ;              +0              ;              +1              ;              +2              ;              +3              ;              +4              ;              +5              ;              +6              ;              +7              ;
+----------+------------------------------+------------------------------+------------------------------+------------------------------+------------------------------+------------------------------+------------------------------+------------------------------+
;0;(11111010) (372) (250) (FA)    ;(11111011) (373) (251) (FB)   ;(11111100) (374) (252) (FC)   ;(11111101) (375) (253) (FD)   ;(11111110) (376) (254) (FE)   ;(11111111) (377) (255) (FF)   ;(00000000) (0) (0) (00)   ;(00000000) (0) (0) (00)   ;
;8;(00000001) (1) (1) (01)    ;(00000010) (2) (2) (02)   ;(00000011) (3) (3) (03)   ;(00000100) (4) (4) (04)   ;(00000101) (5) (5) (05)   ;(00000101) (5) (5) (05)   ;(00000110) (6) (6) (06)   ;(00000111) (7) (7) (07)   ;
;16;(00000111) (7) (7) (07)    ;(00001000) (10) (8) (08)   ;(00001000) (10) (8) (08)   ;(00001000) (10) (8) (08)   ;(00001000) (10) (8) (08)   ;(00001000) (10) (8) (08)   ;(00001000) (10) (8) (08)   ;(00001000) (10) (8) (08)   ;
;24;(00001000) (10) (8) (08)    ;(00001000) (10) (8) (08)   ;(00000111) (7) (7) (07)   ;(00000111) (7) (7) (07)   ;(00000110) (6) (6) (06)   ;(00000101) (5) (5) (05)   ;(00000101) (5) (5) (05)   ;(00000100) (4) (4) (04)   ;
;32;(00000011) (3) (3) (03)    ;(00000010) (2) (2) (02)   ;(00000001) (1) (1) (01)   ;(00000000) (0) (0) (00)   ;(00000000) (0) (0) (00)   ;(00000000) (0) (0) (00)   ;(11111111) (377) (255) (FF)   ;(11111110) (376) (254) (FE)   ;
;40;(11111101) (375) (253) (FD)    ;(11111101) (375) (253) (FD)   ;(11111100) (374) (252) (FC)   ;(11111011) (373) (251) (FB)   ;(11111011) (373) (251) (FB)   ;(11111010) (372) (250) (FA)   ;(11111010) (372) (250) (FA)   ;(11111010) (372) (250) (FA)   ;
;48;(11111001) (371) (249) (F9)    ;(11111001) (371) (249) (F9)   ;(11111001) (371) (249) (F9)   ;(11111001) (371) (249) (F9)   ;(11111001) (371) (249) (F9)   ;(11111010) (372) (250) (FA)   ;(11111010) (372) (250) (FA)   ;(11111010) (372) (250) (FA)   ;
;56;(11111011) (373) (251) (FB)    ;(11111011) (373) (251) (FB)   ;(11111100) (374) (252) (FC)   ;(11111100) (374) (252) (FC)   ;(11111101) (375) (253) (FD)   ;(11111101) (375) (253) (FD)   ;(11111110) (376) (254) (FE)   ;(11111111) (377) (255) (FF)   ;
;64;(11111111) (377) (255) (FF)    ;(00000000) (0) (0) (00)   ;(00000000) (0) (0) (00)   ;(00000001) (1) (1) (01)   ;(00000001) (1) (1) (01)   ;(00000010) (2) (2) (02)   ;(00000011) (3) (3) (03)   ;(00000011) (3) (3) (03)   ;
;72;(00000100) (4) (4) (04)    ;(00000100) (4) (4) (04)   ;(00000101) (5) (5) (05)   ;(00000101) (5) (5) (05)   ;(00000101) (5) (5) (05)   ;(00000101) (5) (5) (05)   ;(00000110) (6) (6) (06)   ;(00000110) (6) (6) (06)   ;
;80;(00000110) (6) (6) (06)    ;(00000110) (6) (6) (06)   ;(00000101) (5) (5) (05)   ;(00000101) (5) (5) (05)   ;(00000101) (5) (5) (05)   ;(00000101) (5) (5) (05)   ;(00000100) (4) (4) (04)   ;(00000100) (4) (4) (04)   ;
;88;(00000011) (3) (3) (03)    ;(00000011) (3) (3) (03)   ;(00000010) (2) (2) (02)   ;(00000010) (2) (2) (02)   ;(00000001) (1) (1) (01)   ;(00000001) (1) (1) (01)   ;(00000000) (0) (0) (00)   ;(00000000) (0) (0) (00)   ;
;96;(00000000) (0) (0) (00)    ;(11111111) (377) (255) (FF)   ;(11111111) (377) (255) (FF)   ;(11111110) (376) (254) (FE)   ;(11111110) (376) (254) (FE)   ;(11111101) (375) (253) (FD)   ;(11111101) (375) (253) (FD)   ;(11111100) (374) (252) (FC)   ;
;104;(11111100) (374) (252) (FC)    ;(11111100) (374) (252) (FC)   ;(11111100) (374) (252) (FC)   ;(11111011) (373) (251) (FB)   ;(11111011) (373) (251) (FB)   ;(11111011) (373) (251) (FB)   ;(11111011) (373) (251) (FB)   ;(11111011) (373) (251) (FB)   ;
;112;(11111011) (373) (251) (FB)    ;(11111100) (374) (252) (FC)   ;(11111100) (374) (252) (FC)   ;(11111100) (374) (252) (FC)   ;(11111101) (375) (253) (FD)   ;(11111101) (375) (253) (FD)   ;(11111101) (375) (253) (FD)   ;(11111110) (376) (254) (FE)   ;
;120;(11111110) (376) (254) (FE)    ;(11111111) (377) (255) (FF)   ;(11111111) (377) (255) (FF)   ;(00000000) (0) (0) (00)   ;(00000000) (0) (0) (00)   ;(00000000) (0) (0) (00)   ;(00000000) (0) (0) (00)   ;(00000001) (1) (1) (01)   ;
;128;(00000001) (1) (1) (01)    ;(00000010) (2) (2) (02)   ;(00000010) (2) (2) (02)   ;(00000011) (3) (3) (03)   ;(00000011) (3) (3) (03)   ;(00000011) (3) (3) (03)   ;(00000100) (4) (4) (04)   ;(00000100) (4) (4) (04)   ;
;136;(00000100) (4) (4) (04)    ;(00000100) (4) (4) (04)   ;(00000100) (4) (4) (04)   ;(00000100) (4) (4) (04)   ;(00000100) (4) (4) (04)   ;(00000100) (4) (4) (04)   ;(00000100) (4) (4) (04)   ;(00000100) (4) (4) (04)   ;
;144;(00000011) (3) (3) (03)    ;(00000011) (3) (3) (03)   ;(00000011) (3) (3) (03)   ;(00000010) (2) (2) (02)   ;(00000010) (2) (2) (02)   ;(00000010) (2) (2) (02)   ;(00000001) (1) (1) (01)   ;(00000001) (1) (1) (01)   ;
;152;(00000000) (0) (0) (00)    ;(00000000) (0) (0) (00)   ;(00000000) (0) (0) (00)   ;(00000000) (0) (0) (00)   ;(11111111) (377) (255) (FF)   ;(11111111) (377) (255) (FF)   ;(11111111) (377) (255) (FF)   ;(11111110) (376) (254) (FE)   ;
;160;(11111110) (376) (254) (FE)    ;(11111110) (376) (254) (FE)   ;(11111101) (375) (253) (FD)   ;(11111101) (375) (253) (FD)   ;(11111101) (375) (253) (FD)   ;(11111101) (375) (253) (FD)   ;(11111100) (374) (252) (FC)   ;(11111100) (374) (252) (FC)   ;
;168;(11111100) (374) (252) (FC)    ;(11111100) (374) (252) (FC)   ;(11111100) (374) (252) (FC)   ;(11111101) (375) (253) (FD)   ;(11111101) (375) (253) (FD)   ;(11111101) (375) (253) (FD)   ;(11111101) (375) (253) (FD)   ;(11111101) (375) (253) (FD)   ;
;176;(11111110) (376) (254) (FE)    ;(11111110) (376) (254) (FE)   ;(11111110) (376) (254) (FE)   ;(11111111) (377) (255) (FF)   ;(11111111) (377) (255) (FF)   ;(00000000) (0) (0) (00)   ;(00000000) (0) (0) (00)   ;(00000000) (0) (0) (00)   ;
;184;(00000000) (0) (0) (00)    ;(00000000) (0) (0) (00)   ;(00000001) (1) (1) (01)   ;(00000001) (1) (1) (01)   ;(00000001) (1) (1) (01)   ;(00000010) (2) (2) (02)   ;(00000010) (2) (2) (02)   ;(00000010) (2) (2) (02)   ;
;192;(00000011) (3) (3) (03)    ;(00000011) (3) (3) (03)   ;(00000011) (3) (3) (03)   ;(00000011) (3) (3) (03)   ;(00000011) (3) (3) (03)   ;(00000011) (3) (3) (03)   ;(00000011) (3) (3) (03)   ;(00000011) (3) (3) (03)   ;
;200;(00000011) (3) (3) (03)    ;(00000011) (3) (3) (03)   ;(00000011) (3) (3) (03)   ;(00000011) (3) (3) (03)   ;(00000010) (2) (2) (02)   ;(00000010) (2) (2) (02)   ;(00000010) (2) (2) (02)   ;(00000010) (2) (2) (02)   ;
;208;(00000001) (1) (1) (01)    ;(00000001) (1) (1) (01)   ;(00000000) (0) (0) (00)   ;(00000000) (0) (0) (00)   ;(00000000) (0) (0) (00)   ;(00000000) (0) (0) (00)   ;(00000000) (0) (0) (00)   ;(00000000) (0) (0) (00)   ;
;216;(11111111) (377) (255) (FF)    ;(11111111) (377) (255) (FF)   ;(11111111) (377) (255) (FF)   ;(11111110) (376) (254) (FE)   ;(11111110) (376) (254) (FE)   ;(11111110) (376) (254) (FE)   ;(11111110) (376) (254) (FE)   ;(11111101) (375) (253) (FD)   ;
;224;(11111101) (375) (253) (FD)    ;(11111101) (375) (253) (FD)   ;(11111101) (375) (253) (FD)   ;(11111101) (375) (253) (FD)   ;(11111101) (375) (253) (FD)   ;(11111101) (375) (253) (FD)   ;(11111101) (375) (253) (FD)   ;(11111101) (375) (253) (FD)   ;
;232;(11111110) (376) (254) (FE)    ;(11111110) (376) (254) (FE)   ;(11111110) (376) (254) (FE)   ;(11111110) (376) (254) (FE)   ;(11111111) (377) (255) (FF)   ;(11111111) (377) (255) (FF)   ;(11111111) (377) (255) (FF)   ;


RAM content values are presented in the following format: (Binary) (Octal) (Decimal) (Hexadecimal) 
+------------------------------------------------------------------------------------------------------------------------------------------------------------------------------------------------------------------------------------------------------------------+
; |FIR_3k4_lowpass|FIR:u_FIR_0|fir_3k4:u_fir_3k4_0|fir_3k4_0002:fir_3k4_inst|fir_3k4_0002_ast:fir_3k4_0002_ast_inst|fir_3k4_0002_rtl_core:\real_passthrough:hpfircore_core|altsyncram:u0_m0_wo0_cm12_lutmem_dmem|altsyncram_3kq3:auto_generated|ALTSYNCRAM         ;
+------------------------------------------------------------------------------------------------------------------------------------------------------------------------------------------------------------------------------------------------------------------+
;   Addr   ;              +0              ;              +1              ;              +2              ;              +3              ;              +4              ;              +5              ;              +6              ;              +7              ;
+----------+------------------------------+------------------------------+------------------------------+------------------------------+------------------------------+------------------------------+------------------------------+------------------------------+
;0;(00000001) (1) (1) (01)    ;(00000001) (1) (1) (01)   ;(00000001) (1) (1) (01)   ;(00000001) (1) (1) (01)   ;(00000001) (1) (1) (01)   ;(00000001) (1) (1) (01)   ;(00000001) (1) (1) (01)   ;(00000001) (1) (1) (01)   ;
;8;(00000001) (1) (1) (01)    ;(00000001) (1) (1) (01)   ;(00000001) (1) (1) (01)   ;(00000001) (1) (1) (01)   ;(00000001) (1) (1) (01)   ;(00000000) (0) (0) (00)   ;(00000000) (0) (0) (00)   ;(00000000) (0) (0) (00)   ;
;16;(00000000) (0) (0) (00)    ;(00000000) (0) (0) (00)   ;(00000000) (0) (0) (00)   ;(00000000) (0) (0) (00)   ;(00000000) (0) (0) (00)   ;(00000000) (0) (0) (00)   ;(00000000) (0) (0) (00)   ;(00000000) (0) (0) (00)   ;
;24;(11111111) (377) (255) (FF)    ;(11111111) (377) (255) (FF)   ;(11111111) (377) (255) (FF)   ;(11111111) (377) (255) (FF)   ;(11111111) (377) (255) (FF)   ;(11111111) (377) (255) (FF)   ;(11111111) (377) (255) (FF)   ;(11111111) (377) (255) (FF)   ;
;32;(11111111) (377) (255) (FF)    ;(11111111) (377) (255) (FF)   ;(11111111) (377) (255) (FF)   ;(11111111) (377) (255) (FF)   ;(11111111) (377) (255) (FF)   ;(11111111) (377) (255) (FF)   ;(11111111) (377) (255) (FF)   ;(11111111) (377) (255) (FF)   ;
;40;(11111111) (377) (255) (FF)    ;(11111111) (377) (255) (FF)   ;(00000000) (0) (0) (00)   ;(00000000) (0) (0) (00)   ;(00000000) (0) (0) (00)   ;(00000000) (0) (0) (00)   ;(00000000) (0) (0) (00)   ;(00000000) (0) (0) (00)   ;
;48;(00000000) (0) (0) (00)    ;(00000000) (0) (0) (00)   ;(00000000) (0) (0) (00)   ;(00000000) (0) (0) (00)   ;(00000000) (0) (0) (00)   ;(00000001) (1) (1) (01)   ;(00000001) (1) (1) (01)   ;(00000001) (1) (1) (01)   ;
;56;(00000001) (1) (1) (01)    ;(00000001) (1) (1) (01)   ;(00000001) (1) (1) (01)   ;(00000001) (1) (1) (01)   ;(00000001) (1) (1) (01)   ;(00000001) (1) (1) (01)   ;(00000001) (1) (1) (01)   ;(00000001) (1) (1) (01)   ;
;64;(00000001) (1) (1) (01)    ;(00000001) (1) (1) (01)   ;(00000001) (1) (1) (01)   ;(00000001) (1) (1) (01)   ;(00000001) (1) (1) (01)   ;(00000001) (1) (1) (01)   ;(00000001) (1) (1) (01)   ;(00000001) (1) (1) (01)   ;
;72;(00000000) (0) (0) (00)    ;(00000000) (0) (0) (00)   ;(00000000) (0) (0) (00)   ;(00000000) (0) (0) (00)   ;(00000000) (0) (0) (00)   ;(00000000) (0) (0) (00)   ;(00000000) (0) (0) (00)   ;(00000000) (0) (0) (00)   ;
;80;(00000000) (0) (0) (00)    ;(00000000) (0) (0) (00)   ;(11111111) (377) (255) (FF)   ;(11111111) (377) (255) (FF)   ;(11111111) (377) (255) (FF)   ;(11111111) (377) (255) (FF)   ;(11111111) (377) (255) (FF)   ;(11111111) (377) (255) (FF)   ;
;88;(11111111) (377) (255) (FF)    ;(11111110) (376) (254) (FE)   ;(11111110) (376) (254) (FE)   ;(11111110) (376) (254) (FE)   ;(11111110) (376) (254) (FE)   ;(11111110) (376) (254) (FE)   ;(11111110) (376) (254) (FE)   ;(11111111) (377) (255) (FF)   ;
;96;(11111111) (377) (255) (FF)    ;(11111111) (377) (255) (FF)   ;(11111111) (377) (255) (FF)   ;(11111111) (377) (255) (FF)   ;(11111111) (377) (255) (FF)   ;(11111111) (377) (255) (FF)   ;(00000000) (0) (0) (00)   ;(00000000) (0) (0) (00)   ;
;104;(00000000) (0) (0) (00)    ;(00000000) (0) (0) (00)   ;(00000000) (0) (0) (00)   ;(00000000) (0) (0) (00)   ;(00000000) (0) (0) (00)   ;(00000000) (0) (0) (00)   ;(00000000) (0) (0) (00)   ;(00000001) (1) (1) (01)   ;
;112;(00000001) (1) (1) (01)    ;(00000001) (1) (1) (01)   ;(00000001) (1) (1) (01)   ;(00000001) (1) (1) (01)   ;(00000001) (1) (1) (01)   ;(00000010) (2) (2) (02)   ;(00000010) (2) (2) (02)   ;(00000010) (2) (2) (02)   ;
;120;(00000010) (2) (2) (02)    ;(00000010) (2) (2) (02)   ;(00000010) (2) (2) (02)   ;(00000010) (2) (2) (02)   ;(00000010) (2) (2) (02)   ;(00000010) (2) (2) (02)   ;(00000001) (1) (1) (01)   ;(00000001) (1) (1) (01)   ;
;128;(00000001) (1) (1) (01)    ;(00000001) (1) (1) (01)   ;(00000001) (1) (1) (01)   ;(00000001) (1) (1) (01)   ;(00000000) (0) (0) (00)   ;(00000000) (0) (0) (00)   ;(00000000) (0) (0) (00)   ;(00000000) (0) (0) (00)   ;
;136;(00000000) (0) (0) (00)    ;(00000000) (0) (0) (00)   ;(00000000) (0) (0) (00)   ;(00000000) (0) (0) (00)   ;(11111111) (377) (255) (FF)   ;(11111111) (377) (255) (FF)   ;(11111111) (377) (255) (FF)   ;(11111111) (377) (255) (FF)   ;
;144;(11111111) (377) (255) (FF)    ;(11111110) (376) (254) (FE)   ;(11111110) (376) (254) (FE)   ;(11111110) (376) (254) (FE)   ;(11111110) (376) (254) (FE)   ;(11111110) (376) (254) (FE)   ;(11111110) (376) (254) (FE)   ;(11111110) (376) (254) (FE)   ;
;152;(11111110) (376) (254) (FE)    ;(11111110) (376) (254) (FE)   ;(11111110) (376) (254) (FE)   ;(11111110) (376) (254) (FE)   ;(11111111) (377) (255) (FF)   ;(11111111) (377) (255) (FF)   ;(11111111) (377) (255) (FF)   ;(11111111) (377) (255) (FF)   ;
;160;(11111111) (377) (255) (FF)    ;(00000000) (0) (0) (00)   ;(00000000) (0) (0) (00)   ;(00000000) (0) (0) (00)   ;(00000000) (0) (0) (00)   ;(00000000) (0) (0) (00)   ;(00000000) (0) (0) (00)   ;(00000000) (0) (0) (00)   ;
;168;(00000000) (0) (0) (00)    ;(00000001) (1) (1) (01)   ;(00000001) (1) (1) (01)   ;(00000001) (1) (1) (01)   ;(00000001) (1) (1) (01)   ;(00000001) (1) (1) (01)   ;(00000010) (2) (2) (02)   ;(00000010) (2) (2) (02)   ;
;176;(00000010) (2) (2) (02)    ;(00000010) (2) (2) (02)   ;(00000010) (2) (2) (02)   ;(00000010) (2) (2) (02)   ;(00000010) (2) (2) (02)   ;(00000010) (2) (2) (02)   ;(00000010) (2) (2) (02)   ;(00000010) (2) (2) (02)   ;
;184;(00000010) (2) (2) (02)    ;(00000010) (2) (2) (02)   ;(00000010) (2) (2) (02)   ;(00000001) (1) (1) (01)   ;(00000001) (1) (1) (01)   ;(00000001) (1) (1) (01)   ;(00000001) (1) (1) (01)   ;(00000000) (0) (0) (00)   ;
;192;(00000000) (0) (0) (00)    ;(00000000) (0) (0) (00)   ;(00000000) (0) (0) (00)   ;(00000000) (0) (0) (00)   ;(00000000) (0) (0) (00)   ;(00000000) (0) (0) (00)   ;(11111111) (377) (255) (FF)   ;(11111111) (377) (255) (FF)   ;
;200;(11111111) (377) (255) (FF)    ;(11111111) (377) (255) (FF)   ;(11111110) (376) (254) (FE)   ;(11111110) (376) (254) (FE)   ;(11111110) (376) (254) (FE)   ;(11111110) (376) (254) (FE)   ;(11111110) (376) (254) (FE)   ;(11111110) (376) (254) (FE)   ;
;208;(11111110) (376) (254) (FE)    ;(11111110) (376) (254) (FE)   ;(11111110) (376) (254) (FE)   ;(11111110) (376) (254) (FE)   ;(11111110) (376) (254) (FE)   ;(11111110) (376) (254) (FE)   ;(11111110) (376) (254) (FE)   ;(11111110) (376) (254) (FE)   ;
;216;(11111110) (376) (254) (FE)    ;(11111111) (377) (255) (FF)   ;(11111111) (377) (255) (FF)   ;(11111111) (377) (255) (FF)   ;(11111111) (377) (255) (FF)   ;(00000000) (0) (0) (00)   ;(00000000) (0) (0) (00)   ;(00000000) (0) (0) (00)   ;
;224;(00000000) (0) (0) (00)    ;(00000000) (0) (0) (00)   ;(00000000) (0) (0) (00)   ;(00000001) (1) (1) (01)   ;(00000001) (1) (1) (01)   ;(00000001) (1) (1) (01)   ;(00000001) (1) (1) (01)   ;(00000010) (2) (2) (02)   ;
;232;(00000010) (2) (2) (02)    ;(00000010) (2) (2) (02)   ;(00000010) (2) (2) (02)   ;(00000010) (2) (2) (02)   ;(00000010) (2) (2) (02)   ;(00000011) (3) (3) (03)   ;(00000011) (3) (3) (03)   ;


RAM content values are presented in the following format: (Binary) (Octal) (Decimal) (Hexadecimal) 
+------------------------------------------------------------------------------------------------------------------------------------------------------------------------------------------------------------------------------------------------------------------+
; |FIR_3k4_lowpass|FIR:u_FIR_0|fir_3k4:u_fir_3k4_0|fir_3k4_0002:fir_3k4_inst|fir_3k4_0002_ast:fir_3k4_0002_ast_inst|fir_3k4_0002_rtl_core:\real_passthrough:hpfircore_core|altsyncram:u0_m0_wo0_cm11_lutmem_dmem|altsyncram_2kq3:auto_generated|ALTSYNCRAM         ;
+------------------------------------------------------------------------------------------------------------------------------------------------------------------------------------------------------------------------------------------------------------------+
;   Addr   ;              +0              ;              +1              ;              +2              ;              +3              ;              +4              ;              +5              ;              +6              ;              +7              ;
+----------+------------------------------+------------------------------+------------------------------+------------------------------+------------------------------+------------------------------+------------------------------+------------------------------+
;0;(00000011) (3) (3) (03)    ;(00000011) (3) (3) (03)   ;(00000010) (2) (2) (02)   ;(00000010) (2) (2) (02)   ;(00000010) (2) (2) (02)   ;(00000010) (2) (2) (02)   ;(00000010) (2) (2) (02)   ;(00000010) (2) (2) (02)   ;
;8;(00000001) (1) (1) (01)    ;(00000001) (1) (1) (01)   ;(00000001) (1) (1) (01)   ;(00000001) (1) (1) (01)   ;(00000000) (0) (0) (00)   ;(00000000) (0) (0) (00)   ;(00000000) (0) (0) (00)   ;(00000000) (0) (0) (00)   ;
;16;(00000000) (0) (0) (00)    ;(11111111) (377) (255) (FF)   ;(11111111) (377) (255) (FF)   ;(11111111) (377) (255) (FF)   ;(11111111) (377) (255) (FF)   ;(11111110) (376) (254) (FE)   ;(11111110) (376) (254) (FE)   ;(11111110) (376) (254) (FE)   ;
;24;(11111110) (376) (254) (FE)    ;(11111101) (375) (253) (FD)   ;(11111101) (375) (253) (FD)   ;(11111101) (375) (253) (FD)   ;(11111101) (375) (253) (FD)   ;(11111101) (375) (253) (FD)   ;(11111101) (375) (253) (FD)   ;(11111101) (375) (253) (FD)   ;
;32;(11111101) (375) (253) (FD)    ;(11111101) (375) (253) (FD)   ;(11111110) (376) (254) (FE)   ;(11111110) (376) (254) (FE)   ;(11111110) (376) (254) (FE)   ;(11111110) (376) (254) (FE)   ;(11111111) (377) (255) (FF)   ;(11111111) (377) (255) (FF)   ;
;40;(11111111) (377) (255) (FF)    ;(00000000) (0) (0) (00)   ;(00000000) (0) (0) (00)   ;(00000000) (0) (0) (00)   ;(00000000) (0) (0) (00)   ;(00000000) (0) (0) (00)   ;(00000000) (0) (0) (00)   ;(00000001) (1) (1) (01)   ;
;48;(00000001) (1) (1) (01)    ;(00000010) (2) (2) (02)   ;(00000010) (2) (2) (02)   ;(00000010) (2) (2) (02)   ;(00000010) (2) (2) (02)   ;(00000011) (3) (3) (03)   ;(00000011) (3) (3) (03)   ;(00000011) (3) (3) (03)   ;
;56;(00000011) (3) (3) (03)    ;(00000011) (3) (3) (03)   ;(00000011) (3) (3) (03)   ;(00000011) (3) (3) (03)   ;(00000011) (3) (3) (03)   ;(00000011) (3) (3) (03)   ;(00000011) (3) (3) (03)   ;(00000011) (3) (3) (03)   ;
;64;(00000011) (3) (3) (03)    ;(00000010) (2) (2) (02)   ;(00000010) (2) (2) (02)   ;(00000010) (2) (2) (02)   ;(00000001) (1) (1) (01)   ;(00000001) (1) (1) (01)   ;(00000001) (1) (1) (01)   ;(00000000) (0) (0) (00)   ;
;72;(00000000) (0) (0) (00)    ;(00000000) (0) (0) (00)   ;(00000000) (0) (0) (00)   ;(00000000) (0) (0) (00)   ;(11111111) (377) (255) (FF)   ;(11111111) (377) (255) (FF)   ;(11111110) (376) (254) (FE)   ;(11111110) (376) (254) (FE)   ;
;80;(11111110) (376) (254) (FE)    ;(11111101) (375) (253) (FD)   ;(11111101) (375) (253) (FD)   ;(11111101) (375) (253) (FD)   ;(11111101) (375) (253) (FD)   ;(11111101) (375) (253) (FD)   ;(11111100) (374) (252) (FC)   ;(11111100) (374) (252) (FC)   ;
;88;(11111100) (374) (252) (FC)    ;(11111100) (374) (252) (FC)   ;(11111100) (374) (252) (FC)   ;(11111101) (375) (253) (FD)   ;(11111101) (375) (253) (FD)   ;(11111101) (375) (253) (FD)   ;(11111101) (375) (253) (FD)   ;(11111110) (376) (254) (FE)   ;
;96;(11111110) (376) (254) (FE)    ;(11111110) (376) (254) (FE)   ;(11111111) (377) (255) (FF)   ;(11111111) (377) (255) (FF)   ;(11111111) (377) (255) (FF)   ;(00000000) (0) (0) (00)   ;(00000000) (0) (0) (00)   ;(00000000) (0) (0) (00)   ;
;104;(00000000) (0) (0) (00)    ;(00000001) (1) (1) (01)   ;(00000001) (1) (1) (01)   ;(00000010) (2) (2) (02)   ;(00000010) (2) (2) (02)   ;(00000010) (2) (2) (02)   ;(00000011) (3) (3) (03)   ;(00000011) (3) (3) (03)   ;
;112;(00000011) (3) (3) (03)    ;(00000100) (4) (4) (04)   ;(00000100) (4) (4) (04)   ;(00000100) (4) (4) (04)   ;(00000100) (4) (4) (04)   ;(00000100) (4) (4) (04)   ;(00000100) (4) (4) (04)   ;(00000100) (4) (4) (04)   ;
;120;(00000100) (4) (4) (04)    ;(00000100) (4) (4) (04)   ;(00000100) (4) (4) (04)   ;(00000011) (3) (3) (03)   ;(00000011) (3) (3) (03)   ;(00000011) (3) (3) (03)   ;(00000010) (2) (2) (02)   ;(00000010) (2) (2) (02)   ;
;128;(00000001) (1) (1) (01)    ;(00000001) (1) (1) (01)   ;(00000000) (0) (0) (00)   ;(00000000) (0) (0) (00)   ;(00000000) (0) (0) (00)   ;(00000000) (0) (0) (00)   ;(11111111) (377) (255) (FF)   ;(11111111) (377) (255) (FF)   ;
;136;(11111110) (376) (254) (FE)    ;(11111110) (376) (254) (FE)   ;(11111101) (375) (253) (FD)   ;(11111101) (375) (253) (FD)   ;(11111101) (375) (253) (FD)   ;(11111100) (374) (252) (FC)   ;(11111100) (374) (252) (FC)   ;(11111100) (374) (252) (FC)   ;
;144;(11111011) (373) (251) (FB)    ;(11111011) (373) (251) (FB)   ;(11111011) (373) (251) (FB)   ;(11111011) (373) (251) (FB)   ;(11111011) (373) (251) (FB)   ;(11111011) (373) (251) (FB)   ;(11111100) (374) (252) (FC)   ;(11111100) (374) (252) (FC)   ;
;152;(11111100) (374) (252) (FC)    ;(11111100) (374) (252) (FC)   ;(11111101) (375) (253) (FD)   ;(11111101) (375) (253) (FD)   ;(11111110) (376) (254) (FE)   ;(11111110) (376) (254) (FE)   ;(11111111) (377) (255) (FF)   ;(11111111) (377) (255) (FF)   ;
;160;(00000000) (0) (0) (00)    ;(00000000) (0) (0) (00)   ;(00000000) (0) (0) (00)   ;(00000001) (1) (1) (01)   ;(00000001) (1) (1) (01)   ;(00000010) (2) (2) (02)   ;(00000010) (2) (2) (02)   ;(00000011) (3) (3) (03)   ;
;168;(00000011) (3) (3) (03)    ;(00000100) (4) (4) (04)   ;(00000100) (4) (4) (04)   ;(00000101) (5) (5) (05)   ;(00000101) (5) (5) (05)   ;(00000101) (5) (5) (05)   ;(00000101) (5) (5) (05)   ;(00000110) (6) (6) (06)   ;
;176;(00000110) (6) (6) (06)    ;(00000110) (6) (6) (06)   ;(00000110) (6) (6) (06)   ;(00000101) (5) (5) (05)   ;(00000101) (5) (5) (05)   ;(00000101) (5) (5) (05)   ;(00000101) (5) (5) (05)   ;(00000100) (4) (4) (04)   ;
;184;(00000100) (4) (4) (04)    ;(00000011) (3) (3) (03)   ;(00000011) (3) (3) (03)   ;(00000010) (2) (2) (02)   ;(00000001) (1) (1) (01)   ;(00000001) (1) (1) (01)   ;(00000000) (0) (0) (00)   ;(00000000) (0) (0) (00)   ;
;192;(11111111) (377) (255) (FF)    ;(11111111) (377) (255) (FF)   ;(11111110) (376) (254) (FE)   ;(11111101) (375) (253) (FD)   ;(11111101) (375) (253) (FD)   ;(11111100) (374) (252) (FC)   ;(11111100) (374) (252) (FC)   ;(11111011) (373) (251) (FB)   ;
;200;(11111011) (373) (251) (FB)    ;(11111010) (372) (250) (FA)   ;(11111010) (372) (250) (FA)   ;(11111010) (372) (250) (FA)   ;(11111001) (371) (249) (F9)   ;(11111001) (371) (249) (F9)   ;(11111001) (371) (249) (F9)   ;(11111001) (371) (249) (F9)   ;
;208;(11111001) (371) (249) (F9)    ;(11111010) (372) (250) (FA)   ;(11111010) (372) (250) (FA)   ;(11111010) (372) (250) (FA)   ;(11111011) (373) (251) (FB)   ;(11111011) (373) (251) (FB)   ;(11111100) (374) (252) (FC)   ;(11111101) (375) (253) (FD)   ;
;216;(11111101) (375) (253) (FD)    ;(11111110) (376) (254) (FE)   ;(11111111) (377) (255) (FF)   ;(00000000) (0) (0) (00)   ;(00000000) (0) (0) (00)   ;(00000000) (0) (0) (00)   ;(00000001) (1) (1) (01)   ;(00000010) (2) (2) (02)   ;
;224;(00000011) (3) (3) (03)    ;(00000100) (4) (4) (04)   ;(00000101) (5) (5) (05)   ;(00000101) (5) (5) (05)   ;(00000110) (6) (6) (06)   ;(00000111) (7) (7) (07)   ;(00000111) (7) (7) (07)   ;(00001000) (10) (8) (08)   ;
;232;(00001000) (10) (8) (08)    ;(00001000) (10) (8) (08)   ;(00001000) (10) (8) (08)   ;(00001000) (10) (8) (08)   ;(00001000) (10) (8) (08)   ;(00001000) (10) (8) (08)   ;(00001000) (10) (8) (08)   ;


RAM content values are presented in the following format: (Binary) (Octal) (Decimal) (Hexadecimal) 
+------------------------------------------------------------------------------------------------------------------------------------------------------------------------------------------------------------------------------------------------------------------+
; |FIR_3k4_lowpass|FIR:u_FIR_0|fir_3k4:u_fir_3k4_0|fir_3k4_0002:fir_3k4_inst|fir_3k4_0002_ast:fir_3k4_0002_ast_inst|fir_3k4_0002_rtl_core:\real_passthrough:hpfircore_core|altsyncram:u0_m0_wo0_cm10_lutmem_dmem|altsyncram_1kq3:auto_generated|ALTSYNCRAM         ;
+------------------------------------------------------------------------------------------------------------------------------------------------------------------------------------------------------------------------------------------------------------------+
;   Addr   ;              +0              ;              +1              ;              +2              ;              +3              ;              +4              ;              +5              ;              +6              ;              +7              ;
+----------+------------------------------+------------------------------+------------------------------+------------------------------+------------------------------+------------------------------+------------------------------+------------------------------+
;0;(00001000) (10) (8) (08)    ;(00000111) (7) (7) (07)   ;(00000111) (7) (7) (07)   ;(00000110) (6) (6) (06)   ;(00000101) (5) (5) (05)   ;(00000101) (5) (5) (05)   ;(00000100) (4) (4) (04)   ;(00000011) (3) (3) (03)   ;
;8;(00000010) (2) (2) (02)    ;(00000001) (1) (1) (01)   ;(00000000) (0) (0) (00)   ;(00000000) (0) (0) (00)   ;(11111111) (377) (255) (FF)   ;(11111110) (376) (254) (FE)   ;(11111101) (375) (253) (FD)   ;(11111100) (374) (252) (FC)   ;
;16;(11111011) (373) (251) (FB)    ;(11111010) (372) (250) (FA)   ;(11111001) (371) (249) (F9)   ;(11111000) (370) (248) (F8)   ;(11110111) (367) (247) (F7)   ;(11110110) (366) (246) (F6)   ;(11110110) (366) (246) (F6)   ;(11110101) (365) (245) (F5)   ;
;24;(11110101) (365) (245) (F5)    ;(11110101) (365) (245) (F5)   ;(11110101) (365) (245) (F5)   ;(11110101) (365) (245) (F5)   ;(11110101) (365) (245) (F5)   ;(11110110) (366) (246) (F6)   ;(11110110) (366) (246) (F6)   ;(11110111) (367) (247) (F7)   ;
;32;(11110111) (367) (247) (F7)    ;(11111000) (370) (248) (F8)   ;(11111001) (371) (249) (F9)   ;(11111010) (372) (250) (FA)   ;(11111011) (373) (251) (FB)   ;(11111101) (375) (253) (FD)   ;(11111110) (376) (254) (FE)   ;(11111111) (377) (255) (FF)   ;
;40;(00000000) (0) (0) (00)    ;(00000001) (1) (1) (01)   ;(00000011) (3) (3) (03)   ;(00000100) (4) (4) (04)   ;(00000110) (6) (6) (06)   ;(00000111) (7) (7) (07)   ;(00001000) (10) (8) (08)   ;(00001010) (12) (10) (0A)   ;
;48;(00001011) (13) (11) (0B)    ;(00001100) (14) (12) (0C)   ;(00001101) (15) (13) (0D)   ;(00001110) (16) (14) (0E)   ;(00001111) (17) (15) (0F)   ;(00001111) (17) (15) (0F)   ;(00010000) (20) (16) (10)   ;(00010000) (20) (16) (10)   ;
;56;(00010000) (20) (16) (10)    ;(00010000) (20) (16) (10)   ;(00001111) (17) (15) (0F)   ;(00001111) (17) (15) (0F)   ;(00001110) (16) (14) (0E)   ;(00001101) (15) (13) (0D)   ;(00001100) (14) (12) (0C)   ;(00001011) (13) (11) (0B)   ;
;64;(00001001) (11) (9) (09)    ;(00001000) (10) (8) (08)   ;(00000110) (6) (6) (06)   ;(00000100) (4) (4) (04)   ;(00000010) (2) (2) (02)   ;(00000000) (0) (0) (00)   ;(11111111) (377) (255) (FF)   ;(11111100) (374) (252) (FC)   ;
;72;(11111010) (372) (250) (FA)    ;(11111000) (370) (248) (F8)   ;(11110110) (366) (246) (F6)   ;(11110011) (363) (243) (F3)   ;(11110001) (361) (241) (F1)   ;(11101111) (357) (239) (EF)   ;(11101101) (355) (237) (ED)   ;(11101011) (353) (235) (EB)   ;
;80;(11101010) (352) (234) (EA)    ;(11101000) (350) (232) (E8)   ;(11100111) (347) (231) (E7)   ;(11100110) (346) (230) (E6)   ;(11100101) (345) (229) (E5)   ;(11100101) (345) (229) (E5)   ;(11100101) (345) (229) (E5)   ;(11100101) (345) (229) (E5)   ;
;88;(11100110) (346) (230) (E6)    ;(11100110) (346) (230) (E6)   ;(11101000) (350) (232) (E8)   ;(11101001) (351) (233) (E9)   ;(11101011) (353) (235) (EB)   ;(11101101) (355) (237) (ED)   ;(11110000) (360) (240) (F0)   ;(11110011) (363) (243) (F3)   ;
;96;(11110110) (366) (246) (F6)    ;(11111010) (372) (250) (FA)   ;(11111110) (376) (254) (FE)   ;(00000001) (1) (1) (01)   ;(00000110) (6) (6) (06)   ;(00001011) (13) (11) (0B)   ;(00010000) (20) (16) (10)   ;(00010101) (25) (21) (15)   ;
;104;(00011011) (33) (27) (1B)    ;(00100000) (40) (32) (20)   ;(00100110) (46) (38) (26)   ;(00101100) (54) (44) (2C)   ;(00110010) (62) (50) (32)   ;(00111000) (70) (56) (38)   ;(00111110) (76) (62) (3E)   ;(01000011) (103) (67) (43)   ;
;112;(01001001) (111) (73) (49)    ;(01001111) (117) (79) (4F)   ;(01010100) (124) (84) (54)   ;(01011001) (131) (89) (59)   ;(01011110) (136) (94) (5E)   ;(01100011) (143) (99) (63)   ;(01101000) (150) (104) (68)   ;(01101100) (154) (108) (6C)   ;
;120;(01110000) (160) (112) (70)    ;(01110011) (163) (115) (73)   ;(01110110) (166) (118) (76)   ;(01111001) (171) (121) (79)   ;(01111011) (173) (123) (7B)   ;(01111100) (174) (124) (7C)   ;(01111110) (176) (126) (7E)   ;(01111110) (176) (126) (7E)   ;
;128;(01111111) (177) (127) (7F)    ;(01111110) (176) (126) (7E)   ;(01111110) (176) (126) (7E)   ;(01111100) (174) (124) (7C)   ;(01111011) (173) (123) (7B)   ;(01111001) (171) (121) (79)   ;(01110110) (166) (118) (76)   ;(01110011) (163) (115) (73)   ;
;136;(01110000) (160) (112) (70)    ;(01101100) (154) (108) (6C)   ;(01101000) (150) (104) (68)   ;(01100011) (143) (99) (63)   ;(01011110) (136) (94) (5E)   ;(01011001) (131) (89) (59)   ;(01010100) (124) (84) (54)   ;(01001111) (117) (79) (4F)   ;
;144;(01001001) (111) (73) (49)    ;(01000011) (103) (67) (43)   ;(00111110) (76) (62) (3E)   ;(00111000) (70) (56) (38)   ;(00110010) (62) (50) (32)   ;(00101100) (54) (44) (2C)   ;(00100110) (46) (38) (26)   ;(00100000) (40) (32) (20)   ;
;152;(00011011) (33) (27) (1B)    ;(00010101) (25) (21) (15)   ;(00010000) (20) (16) (10)   ;(00001011) (13) (11) (0B)   ;(00000110) (6) (6) (06)   ;(00000001) (1) (1) (01)   ;(11111110) (376) (254) (FE)   ;(11111010) (372) (250) (FA)   ;
;160;(11110110) (366) (246) (F6)    ;(11110011) (363) (243) (F3)   ;(11110000) (360) (240) (F0)   ;(11101101) (355) (237) (ED)   ;(11101011) (353) (235) (EB)   ;(11101001) (351) (233) (E9)   ;(11101000) (350) (232) (E8)   ;(11100110) (346) (230) (E6)   ;
;168;(11100110) (346) (230) (E6)    ;(11100101) (345) (229) (E5)   ;(11100101) (345) (229) (E5)   ;(11100101) (345) (229) (E5)   ;(11100101) (345) (229) (E5)   ;(11100110) (346) (230) (E6)   ;(11100111) (347) (231) (E7)   ;(11101000) (350) (232) (E8)   ;
;176;(11101010) (352) (234) (EA)    ;(11101011) (353) (235) (EB)   ;(11101101) (355) (237) (ED)   ;(11101111) (357) (239) (EF)   ;(11110001) (361) (241) (F1)   ;(11110011) (363) (243) (F3)   ;(11110110) (366) (246) (F6)   ;(11111000) (370) (248) (F8)   ;
;184;(11111010) (372) (250) (FA)    ;(11111100) (374) (252) (FC)   ;(11111111) (377) (255) (FF)   ;(00000000) (0) (0) (00)   ;(00000010) (2) (2) (02)   ;(00000100) (4) (4) (04)   ;(00000110) (6) (6) (06)   ;(00001000) (10) (8) (08)   ;
;192;(00001001) (11) (9) (09)    ;(00001011) (13) (11) (0B)   ;(00001100) (14) (12) (0C)   ;(00001101) (15) (13) (0D)   ;(00001110) (16) (14) (0E)   ;(00001111) (17) (15) (0F)   ;(00001111) (17) (15) (0F)   ;(00010000) (20) (16) (10)   ;
;200;(00010000) (20) (16) (10)    ;(00010000) (20) (16) (10)   ;(00010000) (20) (16) (10)   ;(00001111) (17) (15) (0F)   ;(00001111) (17) (15) (0F)   ;(00001110) (16) (14) (0E)   ;(00001101) (15) (13) (0D)   ;(00001100) (14) (12) (0C)   ;
;208;(00001011) (13) (11) (0B)    ;(00001010) (12) (10) (0A)   ;(00001000) (10) (8) (08)   ;(00000111) (7) (7) (07)   ;(00000110) (6) (6) (06)   ;(00000100) (4) (4) (04)   ;(00000011) (3) (3) (03)   ;(00000001) (1) (1) (01)   ;
;216;(00000000) (0) (0) (00)    ;(11111111) (377) (255) (FF)   ;(11111110) (376) (254) (FE)   ;(11111101) (375) (253) (FD)   ;(11111011) (373) (251) (FB)   ;(11111010) (372) (250) (FA)   ;(11111001) (371) (249) (F9)   ;(11111000) (370) (248) (F8)   ;
;224;(11110111) (367) (247) (F7)    ;(11110111) (367) (247) (F7)   ;(11110110) (366) (246) (F6)   ;(11110110) (366) (246) (F6)   ;(11110101) (365) (245) (F5)   ;(11110101) (365) (245) (F5)   ;(11110101) (365) (245) (F5)   ;(11110101) (365) (245) (F5)   ;
;232;(11110101) (365) (245) (F5)    ;(11110101) (365) (245) (F5)   ;(11110110) (366) (246) (F6)   ;(11110110) (366) (246) (F6)   ;(11110111) (367) (247) (F7)   ;(11111000) (370) (248) (F8)   ;(11111001) (371) (249) (F9)   ;


RAM content values are presented in the following format: (Binary) (Octal) (Decimal) (Hexadecimal) 
+------------------------------------------------------------------------------------------------------------------------------------------------------------------------------------------------------------------------------------------------------------------+
; |FIR_3k4_lowpass|FIR:u_FIR_0|fir_3k4:u_fir_3k4_0|fir_3k4_0002:fir_3k4_inst|fir_3k4_0002_ast:fir_3k4_0002_ast_inst|fir_3k4_0002_rtl_core:\real_passthrough:hpfircore_core|altsyncram:u0_m0_wo0_cm7_lutmem_dmem|altsyncram_niq3:auto_generated|ALTSYNCRAM          ;
+------------------------------------------------------------------------------------------------------------------------------------------------------------------------------------------------------------------------------------------------------------------+
;   Addr   ;              +0              ;              +1              ;              +2              ;              +3              ;              +4              ;              +5              ;              +6              ;              +7              ;
+----------+------------------------------+------------------------------+------------------------------+------------------------------+------------------------------+------------------------------+------------------------------+------------------------------+
;0;(00000000) (0) (0) (00)    ;(00000000) (0) (0) (00)   ;(00000000) (0) (0) (00)   ;(00000000) (0) (0) (00)   ;(00000000) (0) (0) (00)   ;(00000001) (1) (1) (01)   ;(00000001) (1) (1) (01)   ;(00000001) (1) (1) (01)   ;
;8;(00000001) (1) (1) (01)    ;(00000001) (1) (1) (01)   ;(00000001) (1) (1) (01)   ;(00000001) (1) (1) (01)   ;(00000001) (1) (1) (01)   ;(00000001) (1) (1) (01)   ;(00000001) (1) (1) (01)   ;(00000001) (1) (1) (01)   ;
;16;(00000001) (1) (1) (01)    ;(00000001) (1) (1) (01)   ;(00000001) (1) (1) (01)   ;(00000001) (1) (1) (01)   ;(00000001) (1) (1) (01)   ;(00000001) (1) (1) (01)   ;(00000001) (1) (1) (01)   ;(00000000) (0) (0) (00)   ;
;24;(00000000) (0) (0) (00)    ;(00000000) (0) (0) (00)   ;(00000000) (0) (0) (00)   ;(00000000) (0) (0) (00)   ;(00000000) (0) (0) (00)   ;(00000000) (0) (0) (00)   ;(00000000) (0) (0) (00)   ;(00000000) (0) (0) (00)   ;
;32;(00000000) (0) (0) (00)    ;(00000000) (0) (0) (00)   ;(00000000) (0) (0) (00)   ;(11111111) (377) (255) (FF)   ;(11111111) (377) (255) (FF)   ;(11111111) (377) (255) (FF)   ;(11111111) (377) (255) (FF)   ;(11111111) (377) (255) (FF)   ;
;40;(11111111) (377) (255) (FF)    ;(11111111) (377) (255) (FF)   ;(11111111) (377) (255) (FF)   ;(11111111) (377) (255) (FF)   ;(11111111) (377) (255) (FF)   ;(11111111) (377) (255) (FF)   ;(11111111) (377) (255) (FF)   ;(11111111) (377) (255) (FF)   ;
;48;(11111111) (377) (255) (FF)    ;(11111111) (377) (255) (FF)   ;(11111111) (377) (255) (FF)   ;(11111111) (377) (255) (FF)   ;(00000000) (0) (0) (00)   ;(00000000) (0) (0) (00)   ;(00000000) (0) (0) (00)   ;(00000000) (0) (0) (00)   ;
;56;(00000000) (0) (0) (00)    ;(00000000) (0) (0) (00)   ;(00000000) (0) (0) (00)   ;(00000000) (0) (0) (00)   ;(00000000) (0) (0) (00)   ;(00000000) (0) (0) (00)   ;(00000000) (0) (0) (00)   ;(00000000) (0) (0) (00)   ;
;64;(00000000) (0) (0) (00)    ;(00000001) (1) (1) (01)   ;(00000001) (1) (1) (01)   ;(00000001) (1) (1) (01)   ;(00000001) (1) (1) (01)   ;(00000001) (1) (1) (01)   ;(00000001) (1) (1) (01)   ;(00000001) (1) (1) (01)   ;
;72;(00000001) (1) (1) (01)    ;(00000001) (1) (1) (01)   ;(00000001) (1) (1) (01)   ;(00000001) (1) (1) (01)   ;(00000001) (1) (1) (01)   ;(00000001) (1) (1) (01)   ;(00000001) (1) (1) (01)   ;(00000001) (1) (1) (01)   ;
;80;(00000001) (1) (1) (01)    ;(00000000) (0) (0) (00)   ;(00000000) (0) (0) (00)   ;(00000000) (0) (0) (00)   ;(00000000) (0) (0) (00)   ;(00000000) (0) (0) (00)   ;(00000000) (0) (0) (00)   ;(00000000) (0) (0) (00)   ;
;88;(00000000) (0) (0) (00)    ;(00000000) (0) (0) (00)   ;(00000000) (0) (0) (00)   ;(00000000) (0) (0) (00)   ;(00000000) (0) (0) (00)   ;(00000000) (0) (0) (00)   ;(00000000) (0) (0) (00)   ;(11111111) (377) (255) (FF)   ;
;96;(11111111) (377) (255) (FF)    ;(11111111) (377) (255) (FF)   ;(11111111) (377) (255) (FF)   ;(11111111) (377) (255) (FF)   ;(11111111) (377) (255) (FF)   ;(11111111) (377) (255) (FF)   ;(11111111) (377) (255) (FF)   ;(11111111) (377) (255) (FF)   ;
;104;(11111111) (377) (255) (FF)    ;(11111111) (377) (255) (FF)   ;(11111111) (377) (255) (FF)   ;(11111111) (377) (255) (FF)   ;(11111111) (377) (255) (FF)   ;(11111111) (377) (255) (FF)   ;(00000000) (0) (0) (00)   ;(00000000) (0) (0) (00)   ;
;112;(00000000) (0) (0) (00)    ;(00000000) (0) (0) (00)   ;(00000000) (0) (0) (00)   ;(00000000) (0) (0) (00)   ;(00000000) (0) (0) (00)   ;(00000000) (0) (0) (00)   ;(00000000) (0) (0) (00)   ;(00000000) (0) (0) (00)   ;
;120;(00000000) (0) (0) (00)    ;(00000000) (0) (0) (00)   ;(00000000) (0) (0) (00)   ;(00000000) (0) (0) (00)   ;(00000000) (0) (0) (00)   ;(00000001) (1) (1) (01)   ;(00000001) (1) (1) (01)   ;(00000001) (1) (1) (01)   ;
;128;(00000001) (1) (1) (01)    ;(00000001) (1) (1) (01)   ;(00000001) (1) (1) (01)   ;(00000001) (1) (1) (01)   ;(00000001) (1) (1) (01)   ;(00000001) (1) (1) (01)   ;(00000001) (1) (1) (01)   ;(00000001) (1) (1) (01)   ;
;136;(00000001) (1) (1) (01)    ;(00000001) (1) (1) (01)   ;(00000001) (1) (1) (01)   ;(00000000) (0) (0) (00)   ;(00000000) (0) (0) (00)   ;(00000000) (0) (0) (00)   ;(00000000) (0) (0) (00)   ;(00000000) (0) (0) (00)   ;
;144;(00000000) (0) (0) (00)    ;(00000000) (0) (0) (00)   ;(00000000) (0) (0) (00)   ;(00000000) (0) (0) (00)   ;(00000000) (0) (0) (00)   ;(00000000) (0) (0) (00)   ;(00000000) (0) (0) (00)   ;(00000000) (0) (0) (00)   ;
;152;(00000000) (0) (0) (00)    ;(00000000) (0) (0) (00)   ;(00000000) (0) (0) (00)   ;(11111111) (377) (255) (FF)   ;(11111111) (377) (255) (FF)   ;(11111111) (377) (255) (FF)   ;(11111111) (377) (255) (FF)   ;(11111111) (377) (255) (FF)   ;
;160;(11111111) (377) (255) (FF)    ;(11111111) (377) (255) (FF)   ;(11111111) (377) (255) (FF)   ;(11111111) (377) (255) (FF)   ;(11111111) (377) (255) (FF)   ;(11111111) (377) (255) (FF)   ;(11111111) (377) (255) (FF)   ;(11111111) (377) (255) (FF)   ;
;168;(00000000) (0) (0) (00)    ;(00000000) (0) (0) (00)   ;(00000000) (0) (0) (00)   ;(00000000) (0) (0) (00)   ;(00000000) (0) (0) (00)   ;(00000000) (0) (0) (00)   ;(00000000) (0) (0) (00)   ;(00000000) (0) (0) (00)   ;
;176;(00000000) (0) (0) (00)    ;(00000000) (0) (0) (00)   ;(00000000) (0) (0) (00)   ;(00000000) (0) (0) (00)   ;(00000000) (0) (0) (00)   ;(00000000) (0) (0) (00)   ;(00000000) (0) (0) (00)   ;(00000000) (0) (0) (00)   ;
;184;(00000000) (0) (0) (00)    ;(00000001) (1) (1) (01)   ;(00000001) (1) (1) (01)   ;(00000001) (1) (1) (01)   ;(00000001) (1) (1) (01)   ;(00000001) (1) (1) (01)   ;(00000001) (1) (1) (01)   ;(00000001) (1) (1) (01)   ;
;192;(00000001) (1) (1) (01)    ;(00000001) (1) (1) (01)   ;(00000001) (1) (1) (01)   ;(00000001) (1) (1) (01)   ;(00000000) (0) (0) (00)   ;(00000000) (0) (0) (00)   ;(00000000) (0) (0) (00)   ;(00000000) (0) (0) (00)   ;
;200;(00000000) (0) (0) (00)    ;(00000000) (0) (0) (00)   ;(00000000) (0) (0) (00)   ;(00000000) (0) (0) (00)   ;(00000000) (0) (0) (00)   ;(00000000) (0) (0) (00)   ;(00000000) (0) (0) (00)   ;(00000000) (0) (0) (00)   ;
;208;(00000000) (0) (0) (00)    ;(00000000) (0) (0) (00)   ;(00000000) (0) (0) (00)   ;(00000000) (0) (0) (00)   ;(00000000) (0) (0) (00)   ;(00000000) (0) (0) (00)   ;(00000000) (0) (0) (00)   ;(11111111) (377) (255) (FF)   ;
;216;(11111111) (377) (255) (FF)    ;(11111111) (377) (255) (FF)   ;(11111111) (377) (255) (FF)   ;(11111111) (377) (255) (FF)   ;(11111111) (377) (255) (FF)   ;(11111111) (377) (255) (FF)   ;(11111111) (377) (255) (FF)   ;(11111111) (377) (255) (FF)   ;
;224;(11111111) (377) (255) (FF)    ;(00000000) (0) (0) (00)   ;(00000000) (0) (0) (00)   ;(00000000) (0) (0) (00)   ;(00000000) (0) (0) (00)   ;(00000000) (0) (0) (00)   ;(00000000) (0) (0) (00)   ;(00000000) (0) (0) (00)   ;
;232;(00000000) (0) (0) (00)    ;(00000000) (0) (0) (00)   ;(00000000) (0) (0) (00)   ;(00000000) (0) (0) (00)   ;(00000000) (0) (0) (00)   ;(00000000) (0) (0) (00)   ;(00000000) (0) (0) (00)   ;


RAM content values are presented in the following format: (Binary) (Octal) (Decimal) (Hexadecimal) 
+------------------------------------------------------------------------------------------------------------------------------------------------------------------------------------------------------------------------------------------------------------------+
; |FIR_3k4_lowpass|FIR:u_FIR_0|fir_3k4:u_fir_3k4_0|fir_3k4_0002:fir_3k4_inst|fir_3k4_0002_ast:fir_3k4_0002_ast_inst|fir_3k4_0002_rtl_core:\real_passthrough:hpfircore_core|altsyncram:u0_m0_wo0_wi0_r0_ra20_count1_lut_lutmem_dmem|altsyncram_3bs3:auto_generated|ALTSYNCRAM ;
+------------------------------------------------------------------------------------------------------------------------------------------------------------------------------------------------------------------------------------------------------------------+
;   Addr   ;              +0              ;              +1              ;              +2              ;              +3              ;              +4              ;              +5              ;              +6              ;              +7              ;
+----------+------------------------------+------------------------------+------------------------------+------------------------------+------------------------------+------------------------------+------------------------------+------------------------------+
;0;(011110001) (361) (241) (F1)    ;(011110010) (362) (242) (F2)   ;(011110011) (363) (243) (F3)   ;(011110100) (364) (244) (F4)   ;(011110101) (365) (245) (F5)   ;(011110110) (366) (246) (F6)   ;(011110111) (367) (247) (F7)   ;(011111000) (370) (248) (F8)   ;
;8;(011111001) (371) (249) (F9)    ;(011111010) (372) (250) (FA)   ;(011111011) (373) (251) (FB)   ;(011111100) (374) (252) (FC)   ;(011111101) (375) (253) (FD)   ;(011111110) (376) (254) (FE)   ;(011111111) (377) (255) (FF)   ;(000000000) (0) (0) (00)   ;
;16;(000000001) (1) (1) (01)    ;(000000010) (2) (2) (02)   ;(000000011) (3) (3) (03)   ;(000000100) (4) (4) (04)   ;(000000101) (5) (5) (05)   ;(000000110) (6) (6) (06)   ;(000000111) (7) (7) (07)   ;(000001000) (10) (8) (08)   ;
;24;(000001001) (11) (9) (09)    ;(000001010) (12) (10) (0A)   ;(000001011) (13) (11) (0B)   ;(000001100) (14) (12) (0C)   ;(000001101) (15) (13) (0D)   ;(000001110) (16) (14) (0E)   ;(000001111) (17) (15) (0F)   ;(000010000) (20) (16) (10)   ;
;32;(000010001) (21) (17) (11)    ;(000010010) (22) (18) (12)   ;(000010011) (23) (19) (13)   ;(000010100) (24) (20) (14)   ;(000010101) (25) (21) (15)   ;(000010110) (26) (22) (16)   ;(000010111) (27) (23) (17)   ;(000011000) (30) (24) (18)   ;
;40;(000011001) (31) (25) (19)    ;(000011010) (32) (26) (1A)   ;(000011011) (33) (27) (1B)   ;(000011100) (34) (28) (1C)   ;(000011101) (35) (29) (1D)   ;(000011110) (36) (30) (1E)   ;(000011111) (37) (31) (1F)   ;(000100000) (40) (32) (20)   ;
;48;(000100001) (41) (33) (21)    ;(000100010) (42) (34) (22)   ;(000100011) (43) (35) (23)   ;(000100100) (44) (36) (24)   ;(000100101) (45) (37) (25)   ;(000100110) (46) (38) (26)   ;(000100111) (47) (39) (27)   ;(000101000) (50) (40) (28)   ;
;56;(000101001) (51) (41) (29)    ;(000101010) (52) (42) (2A)   ;(000101011) (53) (43) (2B)   ;(000101100) (54) (44) (2C)   ;(000101101) (55) (45) (2D)   ;(000101110) (56) (46) (2E)   ;(000101111) (57) (47) (2F)   ;(000110000) (60) (48) (30)   ;
;64;(000110001) (61) (49) (31)    ;(000110010) (62) (50) (32)   ;(000110011) (63) (51) (33)   ;(000110100) (64) (52) (34)   ;(000110101) (65) (53) (35)   ;(000110110) (66) (54) (36)   ;(000110111) (67) (55) (37)   ;(000111000) (70) (56) (38)   ;
;72;(000111001) (71) (57) (39)    ;(000111010) (72) (58) (3A)   ;(000111011) (73) (59) (3B)   ;(000111100) (74) (60) (3C)   ;(000111101) (75) (61) (3D)   ;(000111110) (76) (62) (3E)   ;(000111111) (77) (63) (3F)   ;(001000000) (100) (64) (40)   ;
;80;(001000001) (101) (65) (41)    ;(001000010) (102) (66) (42)   ;(001000011) (103) (67) (43)   ;(001000100) (104) (68) (44)   ;(001000101) (105) (69) (45)   ;(001000110) (106) (70) (46)   ;(001000111) (107) (71) (47)   ;(001001000) (110) (72) (48)   ;
;88;(001001001) (111) (73) (49)    ;(001001010) (112) (74) (4A)   ;(001001011) (113) (75) (4B)   ;(001001100) (114) (76) (4C)   ;(001001101) (115) (77) (4D)   ;(001001110) (116) (78) (4E)   ;(001001111) (117) (79) (4F)   ;(001010000) (120) (80) (50)   ;
;96;(001010001) (121) (81) (51)    ;(001010010) (122) (82) (52)   ;(001010011) (123) (83) (53)   ;(001010100) (124) (84) (54)   ;(001010101) (125) (85) (55)   ;(001010110) (126) (86) (56)   ;(001010111) (127) (87) (57)   ;(001011000) (130) (88) (58)   ;
;104;(001011001) (131) (89) (59)    ;(001011010) (132) (90) (5A)   ;(001011011) (133) (91) (5B)   ;(001011100) (134) (92) (5C)   ;(001011101) (135) (93) (5D)   ;(001011110) (136) (94) (5E)   ;(001011111) (137) (95) (5F)   ;(001100000) (140) (96) (60)   ;
;112;(001100001) (141) (97) (61)    ;(001100010) (142) (98) (62)   ;(001100011) (143) (99) (63)   ;(001100100) (144) (100) (64)   ;(001100101) (145) (101) (65)   ;(001100110) (146) (102) (66)   ;(001100111) (147) (103) (67)   ;(001101000) (150) (104) (68)   ;
;120;(001101001) (151) (105) (69)    ;(001101010) (152) (106) (6A)   ;(001101011) (153) (107) (6B)   ;(001101100) (154) (108) (6C)   ;(001101101) (155) (109) (6D)   ;(001101110) (156) (110) (6E)   ;(001101111) (157) (111) (6F)   ;(001110000) (160) (112) (70)   ;
;128;(001110001) (161) (113) (71)    ;(001110010) (162) (114) (72)   ;(001110011) (163) (115) (73)   ;(001110100) (164) (116) (74)   ;(001110101) (165) (117) (75)   ;(001110110) (166) (118) (76)   ;(001110111) (167) (119) (77)   ;(001111000) (170) (120) (78)   ;
;136;(001111001) (171) (121) (79)    ;(001111010) (172) (122) (7A)   ;(001111011) (173) (123) (7B)   ;(001111100) (174) (124) (7C)   ;(001111101) (175) (125) (7D)   ;(001111110) (176) (126) (7E)   ;(001111111) (177) (127) (7F)   ;(010000000) (200) (128) (80)   ;
;144;(010000001) (201) (129) (81)    ;(010000010) (202) (130) (82)   ;(010000011) (203) (131) (83)   ;(010000100) (204) (132) (84)   ;(010000101) (205) (133) (85)   ;(010000110) (206) (134) (86)   ;(010000111) (207) (135) (87)   ;(010001000) (210) (136) (88)   ;
;152;(010001001) (211) (137) (89)    ;(010001010) (212) (138) (8A)   ;(010001011) (213) (139) (8B)   ;(010001100) (214) (140) (8C)   ;(010001101) (215) (141) (8D)   ;(010001110) (216) (142) (8E)   ;(010001111) (217) (143) (8F)   ;(010010000) (220) (144) (90)   ;
;160;(010010001) (221) (145) (91)    ;(010010010) (222) (146) (92)   ;(010010011) (223) (147) (93)   ;(010010100) (224) (148) (94)   ;(010010101) (225) (149) (95)   ;(010010110) (226) (150) (96)   ;(010010111) (227) (151) (97)   ;(010011000) (230) (152) (98)   ;
;168;(010011001) (231) (153) (99)    ;(010011010) (232) (154) (9A)   ;(010011011) (233) (155) (9B)   ;(010011100) (234) (156) (9C)   ;(010011101) (235) (157) (9D)   ;(010011110) (236) (158) (9E)   ;(010011111) (237) (159) (9F)   ;(010100000) (240) (160) (A0)   ;
;176;(010100001) (241) (161) (A1)    ;(010100010) (242) (162) (A2)   ;(010100011) (243) (163) (A3)   ;(010100100) (244) (164) (A4)   ;(010100101) (245) (165) (A5)   ;(010100110) (246) (166) (A6)   ;(010100111) (247) (167) (A7)   ;(010101000) (250) (168) (A8)   ;
;184;(010101001) (251) (169) (A9)    ;(010101010) (252) (170) (AA)   ;(010101011) (253) (171) (AB)   ;(010101100) (254) (172) (AC)   ;(010101101) (255) (173) (AD)   ;(010101110) (256) (174) (AE)   ;(010101111) (257) (175) (AF)   ;(010110000) (260) (176) (B0)   ;
;192;(010110001) (261) (177) (B1)    ;(010110010) (262) (178) (B2)   ;(010110011) (263) (179) (B3)   ;(010110100) (264) (180) (B4)   ;(010110101) (265) (181) (B5)   ;(010110110) (266) (182) (B6)   ;(010110111) (267) (183) (B7)   ;(010111000) (270) (184) (B8)   ;
;200;(010111001) (271) (185) (B9)    ;(010111010) (272) (186) (BA)   ;(010111011) (273) (187) (BB)   ;(010111100) (274) (188) (BC)   ;(010111101) (275) (189) (BD)   ;(010111110) (276) (190) (BE)   ;(010111111) (277) (191) (BF)   ;(011000000) (300) (192) (C0)   ;
;208;(011000001) (301) (193) (C1)    ;(011000010) (302) (194) (C2)   ;(011000011) (303) (195) (C3)   ;(011000100) (304) (196) (C4)   ;(011000101) (305) (197) (C5)   ;(011000110) (306) (198) (C6)   ;(011000111) (307) (199) (C7)   ;(011001000) (310) (200) (C8)   ;
;216;(011001001) (311) (201) (C9)    ;(011001010) (312) (202) (CA)   ;(011001011) (313) (203) (CB)   ;(011001100) (314) (204) (CC)   ;(011001101) (315) (205) (CD)   ;(011001110) (316) (206) (CE)   ;(011001111) (317) (207) (CF)   ;(011010000) (320) (208) (D0)   ;
;224;(011010001) (321) (209) (D1)    ;(011010010) (322) (210) (D2)   ;(011010011) (323) (211) (D3)   ;(011010100) (324) (212) (D4)   ;(011010101) (325) (213) (D5)   ;(011010110) (326) (214) (D6)   ;(011010111) (327) (215) (D7)   ;(011011000) (330) (216) (D8)   ;
;232;(011011001) (331) (217) (D9)    ;(011011010) (332) (218) (DA)   ;(011011011) (333) (219) (DB)   ;(011011100) (334) (220) (DC)   ;(011011101) (335) (221) (DD)   ;(011011110) (336) (222) (DE)   ;(011011111) (337) (223) (DF)   ;


+-----------------------------------------------------------------------------------------------+
; Fitter DSP Block Usage Summary                                                                ;
+---------------------------------------+-------------+---------------------+-------------------+
; Statistic                             ; Number Used ; Available per Block ; Maximum Available ;
+---------------------------------------+-------------+---------------------+-------------------+
; Simple Multipliers (9-bit)            ; 9           ; 2                   ; 30                ;
; Simple Multipliers (18-bit)           ; 0           ; 1                   ; 15                ;
; Embedded Multiplier Blocks            ; 5           ; --                  ; 15                ;
; Embedded Multiplier 9-bit elements    ; 9           ; 2                   ; 30                ;
; Signed Embedded Multipliers           ; 9           ; --                  ; --                ;
; Unsigned Embedded Multipliers         ; 0           ; --                  ; --                ;
; Mixed Sign Embedded Multipliers       ; 0           ; --                  ; --                ;
; Variable Sign Embedded Multipliers    ; 0           ; --                  ; --                ;
; Dedicated Input Shift Register Chains ; 0           ; --                  ; --                ;
+---------------------------------------+-------------+---------------------+-------------------+


+----------------------------------------------------------------------------------------------------------------------------------------------------------------------------------------------------------------------------------------------------------------------------------------------------------------------------------------------------------------------------------------------------------------------------------------+
; DSP Block Details                                                                                                                                                                                                                                                                                                                                                                                                                      ;
+------------------------------------------------------------------------------------------------------------------------------------------------------------------------------------------------------------------------------------------+---------------------------+--------------------+---------------------+--------------------------------+-----------------------+-----------------------+-------------------+-----------------+
; Name                                                                                                                                                                                                                                     ; Mode                      ; Location           ; Sign Representation ; Has Input Shift Register Chain ; Data A Input Register ; Data B Input Register ; Pipeline Register ; Output Register ;
+------------------------------------------------------------------------------------------------------------------------------------------------------------------------------------------------------------------------------------------+---------------------------+--------------------+---------------------+--------------------------------+-----------------------+-----------------------+-------------------+-----------------+
; FIR:u_FIR_0|fir_3k4:u_fir_3k4_0|fir_3k4_0002:fir_3k4_inst|fir_3k4_0002_ast:fir_3k4_0002_ast_inst|fir_3k4_0002_rtl_core:\real_passthrough:hpfircore_core|lpm_mult:u0_m0_wo0_mtree_mult1_6_component|mult_9bu:auto_generated|result[0]     ; Simple Multiplier (9-bit) ; DSPOUT_X20_Y10_N3  ;                     ; No                             ;                       ;                       ;                   ; yes             ;
;    FIR:u_FIR_0|fir_3k4:u_fir_3k4_0|fir_3k4_0002:fir_3k4_inst|fir_3k4_0002_ast:fir_3k4_0002_ast_inst|fir_3k4_0002_rtl_core:\real_passthrough:hpfircore_core|lpm_mult:u0_m0_wo0_mtree_mult1_6_component|mult_9bu:auto_generated|mac_mult1  ;                           ; DSPMULT_X20_Y10_N1 ; Signed              ;                                ; yes                   ; yes                   ; no                ;                 ;
; FIR:u_FIR_0|fir_3k4:u_fir_3k4_0|fir_3k4_0002:fir_3k4_inst|fir_3k4_0002_ast:fir_3k4_0002_ast_inst|fir_3k4_0002_rtl_core:\real_passthrough:hpfircore_core|lpm_mult:u0_m0_wo0_mtree_mult1_7_component|mult_9bu:auto_generated|result[0]     ; Simple Multiplier (9-bit) ; DSPOUT_X20_Y10_N2  ;                     ; No                             ;                       ;                       ;                   ; yes             ;
;    FIR:u_FIR_0|fir_3k4:u_fir_3k4_0|fir_3k4_0002:fir_3k4_inst|fir_3k4_0002_ast:fir_3k4_0002_ast_inst|fir_3k4_0002_rtl_core:\real_passthrough:hpfircore_core|lpm_mult:u0_m0_wo0_mtree_mult1_7_component|mult_9bu:auto_generated|mac_mult1  ;                           ; DSPMULT_X20_Y10_N0 ; Signed              ;                                ; yes                   ; yes                   ; no                ;                 ;
; FIR:u_FIR_0|fir_3k4:u_fir_3k4_0|fir_3k4_0002:fir_3k4_inst|fir_3k4_0002_ast:fir_3k4_0002_ast_inst|fir_3k4_0002_rtl_core:\real_passthrough:hpfircore_core|lpm_mult:u0_m0_wo0_mtree_mult1_14_component|mult_9bu:auto_generated|result[0]    ; Simple Multiplier (9-bit) ; DSPOUT_X20_Y12_N2  ;                     ; No                             ;                       ;                       ;                   ; yes             ;
;    FIR:u_FIR_0|fir_3k4:u_fir_3k4_0|fir_3k4_0002:fir_3k4_inst|fir_3k4_0002_ast:fir_3k4_0002_ast_inst|fir_3k4_0002_rtl_core:\real_passthrough:hpfircore_core|lpm_mult:u0_m0_wo0_mtree_mult1_14_component|mult_9bu:auto_generated|mac_mult1 ;                           ; DSPMULT_X20_Y12_N0 ; Signed              ;                                ; yes                   ; yes                   ; no                ;                 ;
; FIR:u_FIR_0|fir_3k4:u_fir_3k4_0|fir_3k4_0002:fir_3k4_inst|fir_3k4_0002_ast:fir_3k4_0002_ast_inst|fir_3k4_0002_rtl_core:\real_passthrough:hpfircore_core|lpm_mult:u0_m0_wo0_mtree_mult1_8_component|mult_9bu:auto_generated|result[0]     ; Simple Multiplier (9-bit) ; DSPOUT_X20_Y8_N2   ;                     ; No                             ;                       ;                       ;                   ; yes             ;
;    FIR:u_FIR_0|fir_3k4:u_fir_3k4_0|fir_3k4_0002:fir_3k4_inst|fir_3k4_0002_ast:fir_3k4_0002_ast_inst|fir_3k4_0002_rtl_core:\real_passthrough:hpfircore_core|lpm_mult:u0_m0_wo0_mtree_mult1_8_component|mult_9bu:auto_generated|mac_mult1  ;                           ; DSPMULT_X20_Y8_N0  ; Signed              ;                                ; yes                   ; yes                   ; no                ;                 ;
; FIR:u_FIR_0|fir_3k4:u_fir_3k4_0|fir_3k4_0002:fir_3k4_inst|fir_3k4_0002_ast:fir_3k4_0002_ast_inst|fir_3k4_0002_rtl_core:\real_passthrough:hpfircore_core|lpm_mult:u0_m0_wo0_mtree_mult1_9_component|mult_9bu:auto_generated|result[0]     ; Simple Multiplier (9-bit) ; DSPOUT_X20_Y8_N3   ;                     ; No                             ;                       ;                       ;                   ; yes             ;
;    FIR:u_FIR_0|fir_3k4:u_fir_3k4_0|fir_3k4_0002:fir_3k4_inst|fir_3k4_0002_ast:fir_3k4_0002_ast_inst|fir_3k4_0002_rtl_core:\real_passthrough:hpfircore_core|lpm_mult:u0_m0_wo0_mtree_mult1_9_component|mult_9bu:auto_generated|mac_mult1  ;                           ; DSPMULT_X20_Y8_N1  ; Signed              ;                                ; yes                   ; yes                   ; no                ;                 ;
; FIR:u_FIR_0|fir_3k4:u_fir_3k4_0|fir_3k4_0002:fir_3k4_inst|fir_3k4_0002_ast:fir_3k4_0002_ast_inst|fir_3k4_0002_rtl_core:\real_passthrough:hpfircore_core|lpm_mult:u0_m0_wo0_mtree_mult1_10_component|mult_9bu:auto_generated|result[0]    ; Simple Multiplier (9-bit) ; DSPOUT_X20_Y4_N2   ;                     ; No                             ;                       ;                       ;                   ; yes             ;
;    FIR:u_FIR_0|fir_3k4:u_fir_3k4_0|fir_3k4_0002:fir_3k4_inst|fir_3k4_0002_ast:fir_3k4_0002_ast_inst|fir_3k4_0002_rtl_core:\real_passthrough:hpfircore_core|lpm_mult:u0_m0_wo0_mtree_mult1_10_component|mult_9bu:auto_generated|mac_mult1 ;                           ; DSPMULT_X20_Y4_N0  ; Signed              ;                                ; yes                   ; yes                   ; no                ;                 ;
; FIR:u_FIR_0|fir_3k4:u_fir_3k4_0|fir_3k4_0002:fir_3k4_inst|fir_3k4_0002_ast:fir_3k4_0002_ast_inst|fir_3k4_0002_rtl_core:\real_passthrough:hpfircore_core|lpm_mult:u0_m0_wo0_mtree_mult1_11_component|mult_9bu:auto_generated|result[0]    ; Simple Multiplier (9-bit) ; DSPOUT_X20_Y4_N3   ;                     ; No                             ;                       ;                       ;                   ; yes             ;
;    FIR:u_FIR_0|fir_3k4:u_fir_3k4_0|fir_3k4_0002:fir_3k4_inst|fir_3k4_0002_ast:fir_3k4_0002_ast_inst|fir_3k4_0002_rtl_core:\real_passthrough:hpfircore_core|lpm_mult:u0_m0_wo0_mtree_mult1_11_component|mult_9bu:auto_generated|mac_mult1 ;                           ; DSPMULT_X20_Y4_N1  ; Signed              ;                                ; yes                   ; yes                   ; no                ;                 ;
; FIR:u_FIR_0|fir_3k4:u_fir_3k4_0|fir_3k4_0002:fir_3k4_inst|fir_3k4_0002_ast:fir_3k4_0002_ast_inst|fir_3k4_0002_rtl_core:\real_passthrough:hpfircore_core|lpm_mult:u0_m0_wo0_mtree_mult1_12_component|mult_9bu:auto_generated|result[0]    ; Simple Multiplier (9-bit) ; DSPOUT_X20_Y11_N2  ;                     ; No                             ;                       ;                       ;                   ; yes             ;
;    FIR:u_FIR_0|fir_3k4:u_fir_3k4_0|fir_3k4_0002:fir_3k4_inst|fir_3k4_0002_ast:fir_3k4_0002_ast_inst|fir_3k4_0002_rtl_core:\real_passthrough:hpfircore_core|lpm_mult:u0_m0_wo0_mtree_mult1_12_component|mult_9bu:auto_generated|mac_mult1 ;                           ; DSPMULT_X20_Y11_N0 ; Signed              ;                                ; yes                   ; yes                   ; no                ;                 ;
; FIR:u_FIR_0|fir_3k4:u_fir_3k4_0|fir_3k4_0002:fir_3k4_inst|fir_3k4_0002_ast:fir_3k4_0002_ast_inst|fir_3k4_0002_rtl_core:\real_passthrough:hpfircore_core|lpm_mult:u0_m0_wo0_mtree_mult1_13_component|mult_9bu:auto_generated|result[0]    ; Simple Multiplier (9-bit) ; DSPOUT_X20_Y11_N3  ;                     ; No                             ;                       ;                       ;                   ; yes             ;
;    FIR:u_FIR_0|fir_3k4:u_fir_3k4_0|fir_3k4_0002:fir_3k4_inst|fir_3k4_0002_ast:fir_3k4_0002_ast_inst|fir_3k4_0002_rtl_core:\real_passthrough:hpfircore_core|lpm_mult:u0_m0_wo0_mtree_mult1_13_component|mult_9bu:auto_generated|mac_mult1 ;                           ; DSPMULT_X20_Y11_N1 ; Signed              ;                                ; yes                   ; yes                   ; no                ;                 ;
+------------------------------------------------------------------------------------------------------------------------------------------------------------------------------------------------------------------------------------------+---------------------------+--------------------+---------------------+--------------------------------+-----------------------+-----------------------+-------------------+-----------------+


+-----------------------------------------------+
; Routing Usage Summary                         ;
+-----------------------+-----------------------+
; Routing Resource Type ; Usage                 ;
+-----------------------+-----------------------+
; Block interconnects   ; 883 / 32,401 ( 3 % )  ;
; C16 interconnects     ; 8 / 1,326 ( < 1 % )   ;
; C4 interconnects      ; 502 / 21,816 ( 2 % )  ;
; Direct links          ; 78 / 32,401 ( < 1 % ) ;
; Global clocks         ; 2 / 10 ( 20 % )       ;
; Local interconnects   ; 197 / 10,320 ( 2 % )  ;
; R24 interconnects     ; 15 / 1,289 ( 1 % )    ;
; R4 interconnects      ; 753 / 28,186 ( 3 % )  ;
+-----------------------+-----------------------+


+---------------------------------------------------------------------------+
; LAB Logic Elements                                                        ;
+--------------------------------------------+------------------------------+
; Number of Logic Elements  (Average = 8.96) ; Number of LABs  (Total = 50) ;
+--------------------------------------------+------------------------------+
; 1                                          ; 6                            ;
; 2                                          ; 2                            ;
; 3                                          ; 2                            ;
; 4                                          ; 2                            ;
; 5                                          ; 0                            ;
; 6                                          ; 1                            ;
; 7                                          ; 3                            ;
; 8                                          ; 4                            ;
; 9                                          ; 8                            ;
; 10                                         ; 5                            ;
; 11                                         ; 0                            ;
; 12                                         ; 4                            ;
; 13                                         ; 2                            ;
; 14                                         ; 2                            ;
; 15                                         ; 3                            ;
; 16                                         ; 6                            ;
+--------------------------------------------+------------------------------+


+-------------------------------------------------------------------+
; LAB-wide Signals                                                  ;
+------------------------------------+------------------------------+
; LAB-wide Signals  (Average = 2.14) ; Number of LABs  (Total = 50) ;
+------------------------------------+------------------------------+
; 1 Async. clear                     ; 48                           ;
; 1 Clock                            ; 48                           ;
; 1 Clock enable                     ; 9                            ;
; 1 Sync. load                       ; 2                            ;
+------------------------------------+------------------------------+


+-----------------------------------------------------------------------------+
; LAB Signals Sourced                                                         ;
+----------------------------------------------+------------------------------+
; Number of Signals Sourced  (Average = 16.24) ; Number of LABs  (Total = 50) ;
+----------------------------------------------+------------------------------+
; 0                                            ; 0                            ;
; 1                                            ; 1                            ;
; 2                                            ; 6                            ;
; 3                                            ; 0                            ;
; 4                                            ; 2                            ;
; 5                                            ; 1                            ;
; 6                                            ; 1                            ;
; 7                                            ; 0                            ;
; 8                                            ; 1                            ;
; 9                                            ; 0                            ;
; 10                                           ; 0                            ;
; 11                                           ; 1                            ;
; 12                                           ; 1                            ;
; 13                                           ; 1                            ;
; 14                                           ; 1                            ;
; 15                                           ; 0                            ;
; 16                                           ; 5                            ;
; 17                                           ; 1                            ;
; 18                                           ; 9                            ;
; 19                                           ; 2                            ;
; 20                                           ; 1                            ;
; 21                                           ; 1                            ;
; 22                                           ; 1                            ;
; 23                                           ; 2                            ;
; 24                                           ; 3                            ;
; 25                                           ; 2                            ;
; 26                                           ; 3                            ;
; 27                                           ; 2                            ;
; 28                                           ; 0                            ;
; 29                                           ; 0                            ;
; 30                                           ; 1                            ;
; 31                                           ; 0                            ;
; 32                                           ; 1                            ;
+----------------------------------------------+------------------------------+


+--------------------------------------------------------------------------------+
; LAB Signals Sourced Out                                                        ;
+-------------------------------------------------+------------------------------+
; Number of Signals Sourced Out  (Average = 5.74) ; Number of LABs  (Total = 50) ;
+-------------------------------------------------+------------------------------+
; 0                                               ; 0                            ;
; 1                                               ; 8                            ;
; 2                                               ; 9                            ;
; 3                                               ; 3                            ;
; 4                                               ; 2                            ;
; 5                                               ; 1                            ;
; 6                                               ; 2                            ;
; 7                                               ; 4                            ;
; 8                                               ; 4                            ;
; 9                                               ; 11                           ;
; 10                                              ; 1                            ;
; 11                                              ; 2                            ;
; 12                                              ; 3                            ;
+-------------------------------------------------+------------------------------+


+-----------------------------------------------------------------------------+
; LAB Distinct Inputs                                                         ;
+----------------------------------------------+------------------------------+
; Number of Distinct Inputs  (Average = 10.00) ; Number of LABs  (Total = 50) ;
+----------------------------------------------+------------------------------+
; 0                                            ; 0                            ;
; 1                                            ; 0                            ;
; 2                                            ; 1                            ;
; 3                                            ; 9                            ;
; 4                                            ; 12                           ;
; 5                                            ; 3                            ;
; 6                                            ; 3                            ;
; 7                                            ; 0                            ;
; 8                                            ; 1                            ;
; 9                                            ; 1                            ;
; 10                                           ; 0                            ;
; 11                                           ; 2                            ;
; 12                                           ; 0                            ;
; 13                                           ; 0                            ;
; 14                                           ; 0                            ;
; 15                                           ; 0                            ;
; 16                                           ; 0                            ;
; 17                                           ; 0                            ;
; 18                                           ; 6                            ;
; 19                                           ; 5                            ;
; 20                                           ; 3                            ;
; 21                                           ; 2                            ;
; 22                                           ; 1                            ;
; 23                                           ; 0                            ;
; 24                                           ; 1                            ;
+----------------------------------------------+------------------------------+


+------------------------------------------+
; I/O Rules Summary                        ;
+----------------------------------+-------+
; I/O Rules Statistic              ; Total ;
+----------------------------------+-------+
; Total I/O Rules                  ; 30    ;
; Number of I/O Rules Passed       ; 12    ;
; Number of I/O Rules Failed       ; 0     ;
; Number of I/O Rules Unchecked    ; 0     ;
; Number of I/O Rules Inapplicable ; 18    ;
+----------------------------------+-------+


+-----------------------------------------------------------------------------------------------------------------------------------------------------------------------------------------------------------------------------------------------------------------------------------------------------+
; I/O Rules Details                                                                                                                                                                                                                                                                                   ;
+--------------+-----------+-----------------------------------+------------------------------------------------------------------------------------------------------+----------+--------------------------------------------------------------------------+---------------------+-------------------+
; Status       ; ID        ; Category                          ; Rule Description                                                                                     ; Severity ; Information                                                              ; Area                ; Extra Information ;
+--------------+-----------+-----------------------------------+------------------------------------------------------------------------------------------------------+----------+--------------------------------------------------------------------------+---------------------+-------------------+
; Pass         ; IO_000001 ; Capacity Checks                   ; Number of pins in an I/O bank should not exceed the number of locations available.                   ; Critical ; 0 such failures found.                                                   ; I/O                 ;                   ;
; Inapplicable ; IO_000002 ; Capacity Checks                   ; Number of clocks in an I/O bank should not exceed the number of clocks available.                    ; Critical ; No Global Signal assignments found.                                      ; I/O                 ;                   ;
; Pass         ; IO_000003 ; Capacity Checks                   ; Number of pins in a Vrefgroup should not exceed the number of locations available.                   ; Critical ; 0 such failures found.                                                   ; I/O                 ;                   ;
; Inapplicable ; IO_000004 ; Voltage Compatibility Checks      ; The I/O bank should support the requested VCCIO.                                                     ; Critical ; No IOBANK_VCCIO assignments found.                                       ; I/O                 ;                   ;
; Inapplicable ; IO_000005 ; Voltage Compatibility Checks      ; The I/O bank should not have competing VREF values.                                                  ; Critical ; No VREF I/O Standard assignments found.                                  ; I/O                 ;                   ;
; Pass         ; IO_000006 ; Voltage Compatibility Checks      ; The I/O bank should not have competing VCCIO values.                                                 ; Critical ; 0 such failures found.                                                   ; I/O                 ;                   ;
; Pass         ; IO_000007 ; Valid Location Checks             ; Checks for unavailable locations.                                                                    ; Critical ; 0 such failures found.                                                   ; I/O                 ;                   ;
; Inapplicable ; IO_000008 ; Valid Location Checks             ; Checks for reserved locations.                                                                       ; Critical ; No reserved LogicLock region found.                                      ; I/O                 ;                   ;
; Pass         ; IO_000009 ; I/O Properties Checks for One I/O ; The location should support the requested I/O standard.                                              ; Critical ; 0 such failures found.                                                   ; I/O                 ;                   ;
; Pass         ; IO_000010 ; I/O Properties Checks for One I/O ; The location should support the requested I/O direction.                                             ; Critical ; 0 such failures found.                                                   ; I/O                 ;                   ;
; Inapplicable ; IO_000011 ; I/O Properties Checks for One I/O ; The location should support the requested Current Strength.                                          ; Critical ; No Current Strength assignments found.                                   ; I/O                 ;                   ;
; Pass         ; IO_000012 ; I/O Properties Checks for One I/O ; The location should support the requested On Chip Termination value.                                 ; Critical ; 0 such failures found.                                                   ; I/O                 ;                   ;
; Inapplicable ; IO_000013 ; I/O Properties Checks for One I/O ; The location should support the requested Bus Hold value.                                            ; Critical ; No Enable Bus-Hold Circuitry assignments found.                          ; I/O                 ;                   ;
; Inapplicable ; IO_000014 ; I/O Properties Checks for One I/O ; The location should support the requested Weak Pull Up value.                                        ; Critical ; No Weak Pull-Up Resistor assignments found.                              ; I/O                 ;                   ;
; Pass         ; IO_000015 ; I/O Properties Checks for One I/O ; The location should support the requested PCI Clamp Diode.                                           ; Critical ; 0 such failures found.                                                   ; I/O                 ;                   ;
; Inapplicable ; IO_000018 ; I/O Properties Checks for One I/O ; The I/O standard should support the requested Current Strength.                                      ; Critical ; No Current Strength assignments found.                                   ; I/O                 ;                   ;
; Pass         ; IO_000019 ; I/O Properties Checks for One I/O ; The I/O standard should support the requested On Chip Termination value.                             ; Critical ; 0 such failures found.                                                   ; I/O                 ;                   ;
; Pass         ; IO_000020 ; I/O Properties Checks for One I/O ; The I/O standard should support the requested PCI Clamp Diode.                                       ; Critical ; 0 such failures found.                                                   ; I/O                 ;                   ;
; Inapplicable ; IO_000021 ; I/O Properties Checks for One I/O ; The I/O standard should support the requested Weak Pull Up value.                                    ; Critical ; No Weak Pull-Up Resistor assignments found.                              ; I/O                 ;                   ;
; Inapplicable ; IO_000022 ; I/O Properties Checks for One I/O ; The I/O standard should support the requested Bus Hold value.                                        ; Critical ; No Enable Bus-Hold Circuitry assignments found.                          ; I/O                 ;                   ;
; Inapplicable ; IO_000023 ; I/O Properties Checks for One I/O ; The I/O standard should support the Open Drain value.                                                ; Critical ; No open drain assignments found.                                         ; I/O                 ;                   ;
; Pass         ; IO_000024 ; I/O Properties Checks for One I/O ; The I/O direction should support the On Chip Termination value.                                      ; Critical ; 0 such failures found.                                                   ; I/O                 ;                   ;
; Inapplicable ; IO_000026 ; I/O Properties Checks for One I/O ; On Chip Termination and Current Strength should not be used at the same time.                        ; Critical ; No Current Strength assignments found.                                   ; I/O                 ;                   ;
; Inapplicable ; IO_000027 ; I/O Properties Checks for One I/O ; Weak Pull Up and Bus Hold should not be used at the same time.                                       ; Critical ; No Enable Bus-Hold Circuitry or Weak Pull-Up Resistor assignments found. ; I/O                 ;                   ;
; Inapplicable ; IO_000045 ; I/O Properties Checks for One I/O ; The I/O standard should support the requested Slew Rate value.                                       ; Critical ; No Slew Rate assignments found.                                          ; I/O                 ;                   ;
; Inapplicable ; IO_000046 ; I/O Properties Checks for One I/O ; The location should support the requested Slew Rate value.                                           ; Critical ; No Slew Rate assignments found.                                          ; I/O                 ;                   ;
; Inapplicable ; IO_000047 ; I/O Properties Checks for One I/O ; On Chip Termination and Slew Rate should not be used at the same time.                               ; Critical ; No Slew Rate assignments found.                                          ; I/O                 ;                   ;
; Pass         ; IO_000033 ; Electromigration Checks           ; Current density for consecutive I/Os should not exceed 240mA for row I/Os and 240mA for column I/Os. ; Critical ; 0 such failures found.                                                   ; I/O                 ;                   ;
; Inapplicable ; IO_000034 ; SI Related Distance Checks        ; Single-ended outputs should be 5 LAB row(s) away from a differential I/O.                            ; High     ; No Differential I/O Standard assignments found.                          ; I/O                 ;                   ;
; Inapplicable ; IO_000042 ; SI Related SSO Limit Checks       ; No more than 20 outputs are allowed in a VREF group when VREF is being read from.                    ; High     ; No VREF I/O Standard assignments found.                                  ; I/O                 ;                   ;
; ----         ; ----      ; Disclaimer                        ; OCT rules are checked but not reported.                                                              ; None     ; ----                                                                     ; On Chip Termination ;                   ;
+--------------+-----------+-----------------------------------+------------------------------------------------------------------------------------------------------+----------+--------------------------------------------------------------------------+---------------------+-------------------+


+-----------------------------------------------------------------------------------------------------------------------------------------------------------------------------------------------------------------------------------------------------------------------------------------------------------------------------------------------------------------------------------------------------------------------------------------------------------------+
; I/O Rules Matrix                                                                                                                                                                                                                                                                                                                                                                                                                                                ;
+--------------------+-----------+--------------+-----------+--------------+--------------+-----------+-----------+--------------+-----------+-----------+--------------+--------------+--------------+--------------+--------------+--------------+--------------+--------------+--------------+--------------+--------------+--------------+--------------+--------------+--------------+--------------+--------------+-----------+--------------+--------------+
; Pin/Rules          ; IO_000001 ; IO_000002    ; IO_000003 ; IO_000004    ; IO_000005    ; IO_000006 ; IO_000007 ; IO_000008    ; IO_000009 ; IO_000010 ; IO_000011    ; IO_000012    ; IO_000013    ; IO_000014    ; IO_000015    ; IO_000018    ; IO_000019    ; IO_000020    ; IO_000021    ; IO_000022    ; IO_000023    ; IO_000024    ; IO_000026    ; IO_000027    ; IO_000045    ; IO_000046    ; IO_000047    ; IO_000033 ; IO_000034    ; IO_000042    ;
+--------------------+-----------+--------------+-----------+--------------+--------------+-----------+-----------+--------------+-----------+-----------+--------------+--------------+--------------+--------------+--------------+--------------+--------------+--------------+--------------+--------------+--------------+--------------+--------------+--------------+--------------+--------------+--------------+-----------+--------------+--------------+
; Total Pass         ; 20        ; 0            ; 20        ; 0            ; 0            ; 20        ; 20        ; 0            ; 20        ; 20        ; 0            ; 10           ; 0            ; 0            ; 10           ; 0            ; 10           ; 10           ; 0            ; 0            ; 0            ; 10           ; 0            ; 0            ; 0            ; 0            ; 0            ; 20        ; 0            ; 0            ;
; Total Unchecked    ; 0         ; 0            ; 0         ; 0            ; 0            ; 0         ; 0         ; 0            ; 0         ; 0         ; 0            ; 0            ; 0            ; 0            ; 0            ; 0            ; 0            ; 0            ; 0            ; 0            ; 0            ; 0            ; 0            ; 0            ; 0            ; 0            ; 0            ; 0         ; 0            ; 0            ;
; Total Inapplicable ; 0         ; 20           ; 0         ; 20           ; 20           ; 0         ; 0         ; 20           ; 0         ; 0         ; 20           ; 10           ; 20           ; 20           ; 10           ; 20           ; 10           ; 10           ; 20           ; 20           ; 20           ; 10           ; 20           ; 20           ; 20           ; 20           ; 20           ; 0         ; 20           ; 20           ;
; Total Fail         ; 0         ; 0            ; 0         ; 0            ; 0            ; 0         ; 0         ; 0            ; 0         ; 0         ; 0            ; 0            ; 0            ; 0            ; 0            ; 0            ; 0            ; 0            ; 0            ; 0            ; 0            ; 0            ; 0            ; 0            ; 0            ; 0            ; 0            ; 0         ; 0            ; 0            ;
; dac_value[0]       ; Pass      ; Inapplicable ; Pass      ; Inapplicable ; Inapplicable ; Pass      ; Pass      ; Inapplicable ; Pass      ; Pass      ; Inapplicable ; Pass         ; Inapplicable ; Inapplicable ; Inapplicable ; Inapplicable ; Pass         ; Inapplicable ; Inapplicable ; Inapplicable ; Inapplicable ; Pass         ; Inapplicable ; Inapplicable ; Inapplicable ; Inapplicable ; Inapplicable ; Pass      ; Inapplicable ; Inapplicable ;
; dac_value[1]       ; Pass      ; Inapplicable ; Pass      ; Inapplicable ; Inapplicable ; Pass      ; Pass      ; Inapplicable ; Pass      ; Pass      ; Inapplicable ; Pass         ; Inapplicable ; Inapplicable ; Inapplicable ; Inapplicable ; Pass         ; Inapplicable ; Inapplicable ; Inapplicable ; Inapplicable ; Pass         ; Inapplicable ; Inapplicable ; Inapplicable ; Inapplicable ; Inapplicable ; Pass      ; Inapplicable ; Inapplicable ;
; dac_value[2]       ; Pass      ; Inapplicable ; Pass      ; Inapplicable ; Inapplicable ; Pass      ; Pass      ; Inapplicable ; Pass      ; Pass      ; Inapplicable ; Pass         ; Inapplicable ; Inapplicable ; Inapplicable ; Inapplicable ; Pass         ; Inapplicable ; Inapplicable ; Inapplicable ; Inapplicable ; Pass         ; Inapplicable ; Inapplicable ; Inapplicable ; Inapplicable ; Inapplicable ; Pass      ; Inapplicable ; Inapplicable ;
; dac_value[3]       ; Pass      ; Inapplicable ; Pass      ; Inapplicable ; Inapplicable ; Pass      ; Pass      ; Inapplicable ; Pass      ; Pass      ; Inapplicable ; Pass         ; Inapplicable ; Inapplicable ; Inapplicable ; Inapplicable ; Pass         ; Inapplicable ; Inapplicable ; Inapplicable ; Inapplicable ; Pass         ; Inapplicable ; Inapplicable ; Inapplicable ; Inapplicable ; Inapplicable ; Pass      ; Inapplicable ; Inapplicable ;
; dac_value[4]       ; Pass      ; Inapplicable ; Pass      ; Inapplicable ; Inapplicable ; Pass      ; Pass      ; Inapplicable ; Pass      ; Pass      ; Inapplicable ; Pass         ; Inapplicable ; Inapplicable ; Inapplicable ; Inapplicable ; Pass         ; Inapplicable ; Inapplicable ; Inapplicable ; Inapplicable ; Pass         ; Inapplicable ; Inapplicable ; Inapplicable ; Inapplicable ; Inapplicable ; Pass      ; Inapplicable ; Inapplicable ;
; dac_value[5]       ; Pass      ; Inapplicable ; Pass      ; Inapplicable ; Inapplicable ; Pass      ; Pass      ; Inapplicable ; Pass      ; Pass      ; Inapplicable ; Pass         ; Inapplicable ; Inapplicable ; Inapplicable ; Inapplicable ; Pass         ; Inapplicable ; Inapplicable ; Inapplicable ; Inapplicable ; Pass         ; Inapplicable ; Inapplicable ; Inapplicable ; Inapplicable ; Inapplicable ; Pass      ; Inapplicable ; Inapplicable ;
; dac_value[6]       ; Pass      ; Inapplicable ; Pass      ; Inapplicable ; Inapplicable ; Pass      ; Pass      ; Inapplicable ; Pass      ; Pass      ; Inapplicable ; Pass         ; Inapplicable ; Inapplicable ; Inapplicable ; Inapplicable ; Pass         ; Inapplicable ; Inapplicable ; Inapplicable ; Inapplicable ; Pass         ; Inapplicable ; Inapplicable ; Inapplicable ; Inapplicable ; Inapplicable ; Pass      ; Inapplicable ; Inapplicable ;
; dac_value[7]       ; Pass      ; Inapplicable ; Pass      ; Inapplicable ; Inapplicable ; Pass      ; Pass      ; Inapplicable ; Pass      ; Pass      ; Inapplicable ; Pass         ; Inapplicable ; Inapplicable ; Inapplicable ; Inapplicable ; Pass         ; Inapplicable ; Inapplicable ; Inapplicable ; Inapplicable ; Pass         ; Inapplicable ; Inapplicable ; Inapplicable ; Inapplicable ; Inapplicable ; Pass      ; Inapplicable ; Inapplicable ;
; adc_clk            ; Pass      ; Inapplicable ; Pass      ; Inapplicable ; Inapplicable ; Pass      ; Pass      ; Inapplicable ; Pass      ; Pass      ; Inapplicable ; Pass         ; Inapplicable ; Inapplicable ; Inapplicable ; Inapplicable ; Pass         ; Inapplicable ; Inapplicable ; Inapplicable ; Inapplicable ; Pass         ; Inapplicable ; Inapplicable ; Inapplicable ; Inapplicable ; Inapplicable ; Pass      ; Inapplicable ; Inapplicable ;
; dac_clk            ; Pass      ; Inapplicable ; Pass      ; Inapplicable ; Inapplicable ; Pass      ; Pass      ; Inapplicable ; Pass      ; Pass      ; Inapplicable ; Pass         ; Inapplicable ; Inapplicable ; Inapplicable ; Inapplicable ; Pass         ; Inapplicable ; Inapplicable ; Inapplicable ; Inapplicable ; Pass         ; Inapplicable ; Inapplicable ; Inapplicable ; Inapplicable ; Inapplicable ; Pass      ; Inapplicable ; Inapplicable ;
; clk_50M            ; Pass      ; Inapplicable ; Pass      ; Inapplicable ; Inapplicable ; Pass      ; Pass      ; Inapplicable ; Pass      ; Pass      ; Inapplicable ; Inapplicable ; Inapplicable ; Inapplicable ; Pass         ; Inapplicable ; Inapplicable ; Pass         ; Inapplicable ; Inapplicable ; Inapplicable ; Inapplicable ; Inapplicable ; Inapplicable ; Inapplicable ; Inapplicable ; Inapplicable ; Pass      ; Inapplicable ; Inapplicable ;
; rst_n              ; Pass      ; Inapplicable ; Pass      ; Inapplicable ; Inapplicable ; Pass      ; Pass      ; Inapplicable ; Pass      ; Pass      ; Inapplicable ; Inapplicable ; Inapplicable ; Inapplicable ; Pass         ; Inapplicable ; Inapplicable ; Pass         ; Inapplicable ; Inapplicable ; Inapplicable ; Inapplicable ; Inapplicable ; Inapplicable ; Inapplicable ; Inapplicable ; Inapplicable ; Pass      ; Inapplicable ; Inapplicable ;
; adc_value[0]       ; Pass      ; Inapplicable ; Pass      ; Inapplicable ; Inapplicable ; Pass      ; Pass      ; Inapplicable ; Pass      ; Pass      ; Inapplicable ; Inapplicable ; Inapplicable ; Inapplicable ; Pass         ; Inapplicable ; Inapplicable ; Pass         ; Inapplicable ; Inapplicable ; Inapplicable ; Inapplicable ; Inapplicable ; Inapplicable ; Inapplicable ; Inapplicable ; Inapplicable ; Pass      ; Inapplicable ; Inapplicable ;
; adc_value[1]       ; Pass      ; Inapplicable ; Pass      ; Inapplicable ; Inapplicable ; Pass      ; Pass      ; Inapplicable ; Pass      ; Pass      ; Inapplicable ; Inapplicable ; Inapplicable ; Inapplicable ; Pass         ; Inapplicable ; Inapplicable ; Pass         ; Inapplicable ; Inapplicable ; Inapplicable ; Inapplicable ; Inapplicable ; Inapplicable ; Inapplicable ; Inapplicable ; Inapplicable ; Pass      ; Inapplicable ; Inapplicable ;
; adc_value[2]       ; Pass      ; Inapplicable ; Pass      ; Inapplicable ; Inapplicable ; Pass      ; Pass      ; Inapplicable ; Pass      ; Pass      ; Inapplicable ; Inapplicable ; Inapplicable ; Inapplicable ; Pass         ; Inapplicable ; Inapplicable ; Pass         ; Inapplicable ; Inapplicable ; Inapplicable ; Inapplicable ; Inapplicable ; Inapplicable ; Inapplicable ; Inapplicable ; Inapplicable ; Pass      ; Inapplicable ; Inapplicable ;
; adc_value[3]       ; Pass      ; Inapplicable ; Pass      ; Inapplicable ; Inapplicable ; Pass      ; Pass      ; Inapplicable ; Pass      ; Pass      ; Inapplicable ; Inapplicable ; Inapplicable ; Inapplicable ; Pass         ; Inapplicable ; Inapplicable ; Pass         ; Inapplicable ; Inapplicable ; Inapplicable ; Inapplicable ; Inapplicable ; Inapplicable ; Inapplicable ; Inapplicable ; Inapplicable ; Pass      ; Inapplicable ; Inapplicable ;
; adc_value[4]       ; Pass      ; Inapplicable ; Pass      ; Inapplicable ; Inapplicable ; Pass      ; Pass      ; Inapplicable ; Pass      ; Pass      ; Inapplicable ; Inapplicable ; Inapplicable ; Inapplicable ; Pass         ; Inapplicable ; Inapplicable ; Pass         ; Inapplicable ; Inapplicable ; Inapplicable ; Inapplicable ; Inapplicable ; Inapplicable ; Inapplicable ; Inapplicable ; Inapplicable ; Pass      ; Inapplicable ; Inapplicable ;
; adc_value[5]       ; Pass      ; Inapplicable ; Pass      ; Inapplicable ; Inapplicable ; Pass      ; Pass      ; Inapplicable ; Pass      ; Pass      ; Inapplicable ; Inapplicable ; Inapplicable ; Inapplicable ; Pass         ; Inapplicable ; Inapplicable ; Pass         ; Inapplicable ; Inapplicable ; Inapplicable ; Inapplicable ; Inapplicable ; Inapplicable ; Inapplicable ; Inapplicable ; Inapplicable ; Pass      ; Inapplicable ; Inapplicable ;
; adc_value[6]       ; Pass      ; Inapplicable ; Pass      ; Inapplicable ; Inapplicable ; Pass      ; Pass      ; Inapplicable ; Pass      ; Pass      ; Inapplicable ; Inapplicable ; Inapplicable ; Inapplicable ; Pass         ; Inapplicable ; Inapplicable ; Pass         ; Inapplicable ; Inapplicable ; Inapplicable ; Inapplicable ; Inapplicable ; Inapplicable ; Inapplicable ; Inapplicable ; Inapplicable ; Pass      ; Inapplicable ; Inapplicable ;
; adc_value[7]       ; Pass      ; Inapplicable ; Pass      ; Inapplicable ; Inapplicable ; Pass      ; Pass      ; Inapplicable ; Pass      ; Pass      ; Inapplicable ; Inapplicable ; Inapplicable ; Inapplicable ; Pass         ; Inapplicable ; Inapplicable ; Pass         ; Inapplicable ; Inapplicable ; Inapplicable ; Inapplicable ; Inapplicable ; Inapplicable ; Inapplicable ; Inapplicable ; Inapplicable ; Pass      ; Inapplicable ; Inapplicable ;
+--------------------+-----------+--------------+-----------+--------------+--------------+-----------+-----------+--------------+-----------+-----------+--------------+--------------+--------------+--------------+--------------+--------------+--------------+--------------+--------------+--------------+--------------+--------------+--------------+--------------+--------------+--------------+--------------+-----------+--------------+--------------+


+---------------------------------------------------------------------------------------------+
; Fitter Device Options                                                                       ;
+------------------------------------------------------------------+--------------------------+
; Option                                                           ; Setting                  ;
+------------------------------------------------------------------+--------------------------+
; Enable user-supplied start-up clock (CLKUSR)                     ; Off                      ;
; Enable device-wide reset (DEV_CLRn)                              ; Off                      ;
; Enable device-wide output enable (DEV_OE)                        ; Off                      ;
; Enable INIT_DONE output                                          ; Off                      ;
; Configuration scheme                                             ; Active Serial            ;
; Error detection CRC                                              ; Off                      ;
; Enable open drain on CRC_ERROR pin                               ; Off                      ;
; Enable input tri-state on active configuration pins in user mode ; Off                      ;
; Configuration Voltage Level                                      ; Auto                     ;
; Force Configuration Voltage Level                                ; Off                      ;
; nCEO                                                             ; As output driving ground ;
; Data[0]                                                          ; As input tri-stated      ;
; Data[1]/ASDO                                                     ; As input tri-stated      ;
; Data[7..2]                                                       ; Unreserved               ;
; FLASH_nCE/nCSO                                                   ; As input tri-stated      ;
; Other Active Parallel pins                                       ; Unreserved               ;
; DCLK                                                             ; As output driving ground ;
+------------------------------------------------------------------+--------------------------+


+------------------------------------+
; Operating Settings and Conditions  ;
+---------------------------+--------+
; Setting                   ; Value  ;
+---------------------------+--------+
; Nominal Core Voltage      ; 1.20 V ;
; Low Junction Temperature  ; 0 °C   ;
; High Junction Temperature ; 85 °C  ;
+---------------------------+--------+


+------------------------------------------------------------+
; Estimated Delay Added for Hold Timing Summary              ;
+-----------------+----------------------+-------------------+
; Source Clock(s) ; Destination Clock(s) ; Delay Added in ns ;
+-----------------+----------------------+-------------------+
Note: For more information on problematic transfers, consider running the Fitter again with the Optimize hold timing option (Settings Menu) turned off.
This will disable optimization of problematic paths and expose them for further analysis using the TimeQuest Timing Analyzer.


+--------------------------------------------------------------------------------------------------------------------------------------------------------------------------------------------------------------------------------------------------------------------------------------------------------------------------------------------------------------------------------------------------------------------------------------------------------------------------------------------------------------------+
; Estimated Delay Added for Hold Timing Details                                                                                                                                                                                                                                                                                                                                                                                                                                                                      ;
+---------------------------------------------------------------------------------------------------------------------------------------------------------------------------------------------------------------+--------------------------------------------------------------------------------------------------------------------------------------------------------------------------------------------------------------------------------------------------------------------------------+-------------------+
; Source Register                                                                                                                                                                                               ; Destination Register                                                                                                                                                                                                                                                           ; Delay Added in ns ;
+---------------------------------------------------------------------------------------------------------------------------------------------------------------------------------------------------------------+--------------------------------------------------------------------------------------------------------------------------------------------------------------------------------------------------------------------------------------------------------------------------------+-------------------+
; FIR:u_FIR_0|fir_3k4:u_fir_3k4_0|fir_3k4_0002:fir_3k4_inst|fir_3k4_0002_ast:fir_3k4_0002_ast_inst|fir_3k4_0002_rtl_core:\real_passthrough:hpfircore_core|dspba_delay:d_u0_m0_wo0_ca20_q_15|delay_signals[0][1] ; FIR:u_FIR_0|fir_3k4:u_fir_3k4_0|fir_3k4_0002:fir_3k4_inst|fir_3k4_0002_ast:fir_3k4_0002_ast_inst|fir_3k4_0002_rtl_core:\real_passthrough:hpfircore_core|altsyncram:u0_m0_wo0_cm13_lutmem_dmem|altsyncram_4kq3:auto_generated|ram_block1a7~porta_address_reg0                   ; 0.301             ;
; FIR:u_FIR_0|fir_3k4:u_fir_3k4_0|fir_3k4_0002:fir_3k4_inst|fir_3k4_0002_ast:fir_3k4_0002_ast_inst|fir_3k4_0002_rtl_core:\real_passthrough:hpfircore_core|dspba_delay:d_u0_m0_wo0_ca20_q_15|delay_signals[0][6] ; FIR:u_FIR_0|fir_3k4:u_fir_3k4_0|fir_3k4_0002:fir_3k4_inst|fir_3k4_0002_ast:fir_3k4_0002_ast_inst|fir_3k4_0002_rtl_core:\real_passthrough:hpfircore_core|altsyncram:u0_m0_wo0_cm13_lutmem_dmem|altsyncram_4kq3:auto_generated|ram_block1a7~porta_address_reg0                   ; 0.300             ;
; FIR:u_FIR_0|fir_3k4:u_fir_3k4_0|fir_3k4_0002:fir_3k4_inst|fir_3k4_0002_ast:fir_3k4_0002_ast_inst|fir_3k4_0002_rtl_core:\real_passthrough:hpfircore_core|u0_m0_wo0_wi0_r0_ra20_count1_i[0]                     ; FIR:u_FIR_0|fir_3k4:u_fir_3k4_0|fir_3k4_0002:fir_3k4_inst|fir_3k4_0002_ast:fir_3k4_0002_ast_inst|fir_3k4_0002_rtl_core:\real_passthrough:hpfircore_core|altsyncram:u0_m0_wo0_wi0_r0_ra20_count1_lut_lutmem_dmem|altsyncram_3bs3:auto_generated|ram_block1a0~porta_address_reg0 ; 0.015             ;
+---------------------------------------------------------------------------------------------------------------------------------------------------------------------------------------------------------------+--------------------------------------------------------------------------------------------------------------------------------------------------------------------------------------------------------------------------------------------------------------------------------+-------------------+
Note: This table only shows the top 3 path(s) that have the largest delay added for hold.


+-----------------+
; Fitter Messages ;
+-----------------+
Warning (18236): Number of processors has not been specified which may cause overloading on shared machines.  Set the global assignment NUM_PARALLEL_PROCESSORS in your QSF to an appropriate value for best performance.
Info (20030): Parallel compilation is enabled and will use 14 of the 14 processors detected
Info (119006): Selected device EP4CE6F17C8 for design "FIR_3k4_lowpass"
Info (21077): Low junction temperature is 0 degrees C
Info (21077): High junction temperature is 85 degrees C
Info (15535): Implemented PLL "PLL_32M:u_PLL_32M_0|altpll:altpll_component|PLL_32M_altpll:auto_generated|pll1" as Cyclone IV E PLL type File: D:/intelFPGA_lite/test/FIR_3k4_lowpass/db/pll_32m_altpll.v Line: 50
    Info (15099): Implementing clock multiplication of 16, clock division of 25, and phase shift of 0 degrees (0 ps) for PLL_32M:u_PLL_32M_0|altpll:altpll_component|PLL_32M_altpll:auto_generated|wire_pll1_clk[0] port File: D:/intelFPGA_lite/test/FIR_3k4_lowpass/db/pll_32m_altpll.v Line: 50
Info (171003): Fitter is performing an Auto Fit compilation, which may decrease Fitter effort to reduce compilation time
Warning (292013): Feature LogicLock is only available with a valid subscription license. You can purchase a software subscription to gain full access to this feature.
Info (176444): Device migration not selected. If you intend to use device migration later, you may need to change the pin assignments as they may be incompatible with other devices
    Info (176445): Device EP4CE10F17C8 is compatible
    Info (176445): Device EP4CE15F17C8 is compatible
    Info (176445): Device EP4CE22F17C8 is compatible
Info (169124): Fitter converted 5 user pins into dedicated programming pins
    Info (169125): Pin ~ALTERA_ASDO_DATA1~ is reserved at location C1
    Info (169125): Pin ~ALTERA_FLASH_nCE_nCSO~ is reserved at location D2
    Info (169125): Pin ~ALTERA_DCLK~ is reserved at location H1
    Info (169125): Pin ~ALTERA_DATA0~ is reserved at location H2
    Info (169125): Pin ~ALTERA_nCEO~ is reserved at location F16
Warning (15714): Some pins have incomplete I/O assignments. Refer to the I/O Assignment Warnings report for details
Info (176045): Design uses memory blocks. Violating setup or hold times of memory block address registers for either read or write operations could cause memory contents to be corrupted. Make sure that all memory block address registers meet the setup and hold time requirements.
Critical Warning (332012): Synopsys Design Constraints File file not found: 'FIR_3k4_lowpass.sdc'. A Synopsys Design Constraints File is required by the TimeQuest Timing Analyzer to get proper timing constraints. Without it, the Compiler will not properly optimize the design.
Info (332144): No user constrained generated clocks found in the design
Info (332144): No user constrained base clocks found in the design
Info (332096): The command derive_clocks did not find any clocks to derive.  No clocks were created or changed.
Info (332143): No user constrained clock uncertainty found in the design. Calling "derive_clock_uncertainty"
Info (332154): The derive_clock_uncertainty command did not apply clock uncertainty to any clock-to-clock transfers.
Info (332130): Timing requirements not specified -- quality metrics such as performance may be sacrificed to reduce compilation time.
Info (176353): Automatically promoted node clk_50M~input (placed in PIN E1 (CLK1, DIFFCLK_0n)) File: D:/intelFPGA_lite/test/FIR_3k4_lowpass/FIR_3k4_lowpass.v Line: 2
    Info (176355): Automatically promoted destinations to use location or clock signal Global Clock CLKCTRL_G2
    Info (176356): Following destination nodes may be non-global or may not use global or regional clocks
        Info (176357): Destination node dac_clk~output File: D:/intelFPGA_lite/test/FIR_3k4_lowpass/FIR_3k4_lowpass.v Line: 8
Info (176353): Automatically promoted node PLL_32M:u_PLL_32M_0|altpll:altpll_component|PLL_32M_altpll:auto_generated|wire_pll1_clk[0] (placed in counter C0 of PLL_1) File: D:/intelFPGA_lite/test/FIR_3k4_lowpass/db/pll_32m_altpll.v Line: 92
    Info (176355): Automatically promoted destinations to use location or clock signal Global Clock CLKCTRL_G3
Info (176233): Starting register packing
Info (176235): Finished register packing
    Extra Info (176219): No registers were packed into other blocks
Warning (15058): PLL "PLL_32M:u_PLL_32M_0|altpll:altpll_component|PLL_32M_altpll:auto_generated|pll1" is in normal or source synchronous mode with output clock "compensate_clock" set to clk[0] that is not fully compensated because it feeds an output pin -- only PLLs in zero delay buffer mode can fully compensate output pins File: D:/intelFPGA_lite/test/FIR_3k4_lowpass/db/pll_32m_altpll.v Line: 50
Warning (15064): PLL "PLL_32M:u_PLL_32M_0|altpll:altpll_component|PLL_32M_altpll:auto_generated|pll1" output port clk[0] feeds output pin "adc_clk~output" via non-dedicated routing -- jitter performance depends on switching rate of other design elements. Use PLL dedicated clock outputs to ensure jitter performance File: D:/intelFPGA_lite/test/FIR_3k4_lowpass/db/pll_32m_altpll.v Line: 50
Info (171121): Fitter preparation operations ending: elapsed time is 00:00:01
Info (14896): Fitter has disabled Advanced Physical Optimization because it is not supported for the current family.
Info (170189): Fitter placement preparation operations beginning
Info (170190): Fitter placement preparation operations ending: elapsed time is 00:00:00
Info (170191): Fitter placement operations beginning
Info (170137): Fitter placement was successful
Info (170192): Fitter placement operations ending: elapsed time is 00:00:00
Info (170193): Fitter routing operations beginning
Info (170195): Router estimated average interconnect usage is 2% of the available device resources
    Info (170196): Router estimated peak interconnect usage is 9% of the available device resources in the region that extends from location X11_Y0 to location X22_Y11
Info (170199): The Fitter performed an Auto Fit compilation.  Optimizations were skipped to reduce compilation time.
    Info (170201): Optimizations that may affect the design's routability were skipped
    Info (170200): Optimizations that may affect the design's timing were skipped
Info (170194): Fitter routing operations ending: elapsed time is 00:00:00
Info (11888): Total time spent on timing analysis during the Fitter is 0.28 seconds.
Info (334003): Started post-fitting delay annotation
Info (334004): Delay annotation completed successfully
Info (334003): Started post-fitting delay annotation
Info (334004): Delay annotation completed successfully
Info (11218): Fitter post-fit operations ending: elapsed time is 00:00:00
Info (144001): Generated suppressed messages file D:/intelFPGA_lite/test/FIR_3k4_lowpass/output_files/FIR_3k4_lowpass.fit.smsg
Info: Quartus Prime Fitter was successful. 0 errors, 6 warnings
    Info: Peak virtual memory: 6317 megabytes
    Info: Processing ended: Thu Jul 06 18:49:26 2023
    Info: Elapsed time: 00:00:05
    Info: Total CPU time (on all processors): 00:00:01


+----------------------------+
; Fitter Suppressed Messages ;
+----------------------------+
The suppressed messages can be found in D:/intelFPGA_lite/test/FIR_3k4_lowpass/output_files/FIR_3k4_lowpass.fit.smsg.


