TimeQuest Timing Analyzer report for FIR_3k4_lowpass
Thu Jul 06 18:49:30 2023
Quartus Prime Version 17.1.0 Build 590 10/25/2017 SJ Lite Edition


---------------------
; Table of Contents ;
---------------------
  1. Legal Notice
  2. TimeQuest Timing Analyzer Summary
  3. Parallel Compilation
  4. Clocks
  5. Slow 1200mV 85C Model Fmax Summary
  6. Timing Closure Recommendations
  7. Slow 1200mV 85C Model Setup Summary
  8. Slow 1200mV 85C Model Hold Summary
  9. Slow 1200mV 85C Model Recovery Summary
 10. Slow 1200mV 85C Model Removal Summary
 11. Slow 1200mV 85C Model Minimum Pulse Width Summary
 12. Slow 1200mV 85C Model Setup: 'clk_50M'
 13. Slow 1200mV 85C Model Hold: 'clk_50M'
 14. Slow 1200mV 85C Model Metastability Summary
 15. Slow 1200mV 0C Model Fmax Summary
 16. Slow 1200mV 0C Model Setup Summary
 17. Slow 1200mV 0C Model Hold Summary
 18. Slow 1200mV 0C Model Recovery Summary
 19. Slow 1200mV 0C Model Removal Summary
 20. Slow 1200mV 0C Model Minimum Pulse Width Summary
 21. Slow 1200mV 0C Model Setup: 'clk_50M'
 22. Slow 1200mV 0C Model Hold: 'clk_50M'
 23. Slow 1200mV 0C Model Metastability Summary
 24. Fast 1200mV 0C Model Setup Summary
 25. Fast 1200mV 0C Model Hold Summary
 26. Fast 1200mV 0C Model Recovery Summary
 27. Fast 1200mV 0C Model Removal Summary
 28. Fast 1200mV 0C Model Minimum Pulse Width Summary
 29. Fast 1200mV 0C Model Setup: 'clk_50M'
 30. Fast 1200mV 0C Model Hold: 'clk_50M'
 31. Fast 1200mV 0C Model Metastability Summary
 32. Multicorner Timing Analysis Summary
 33. Board Trace Model Assignments
 34. Input Transition Times
 35. Signal Integrity Metrics (Slow 1200mv 0c Model)
 36. Signal Integrity Metrics (Slow 1200mv 85c Model)
 37. Signal Integrity Metrics (Fast 1200mv 0c Model)
 38. Setup Transfers
 39. Hold Transfers
 40. Report TCCS
 41. Report RSKM
 42. Unconstrained Paths Summary
 43. Clock Status Summary
 44. Unconstrained Input Ports
 45. Unconstrained Output Ports
 46. Unconstrained Input Ports
 47. Unconstrained Output Ports
 48. TimeQuest Timing Analyzer Messages



----------------
; Legal Notice ;
----------------
Copyright (C) 2017  Intel Corporation. All rights reserved.
Your use of Intel Corporation's design tools, logic functions 
and other software and tools, and its AMPP partner logic 
functions, and any output files from any of the foregoing 
(including device programming or simulation files), and any 
associated documentation or information are expressly subject 
to the terms and conditions of the Intel Program License 
Subscription Agreement, the Intel Quartus Prime License Agreement,
the Intel FPGA IP License Agreement, or other applicable license
agreement, including, without limitation, that your use is for
the sole purpose of programming logic devices manufactured by
Intel and sold by Intel or its authorized distributors.  Please
refer to the applicable agreement for further details.



+-----------------------------------------------------------------------------+
; TimeQuest Timing Analyzer Summary                                           ;
+-----------------------+-----------------------------------------------------+
; Quartus Prime Version ; Version 17.1.0 Build 590 10/25/2017 SJ Lite Edition ;
; Timing Analyzer       ; TimeQuest                                           ;
; Revision Name         ; FIR_3k4_lowpass                                     ;
; Device Family         ; Cyclone IV E                                        ;
; Device Name           ; EP4CE6F17C8                                         ;
; Timing Models         ; Final                                               ;
; Delay Model           ; Combined                                            ;
; Rise/Fall Delays      ; Enabled                                             ;
+-----------------------+-----------------------------------------------------+


+------------------------------------------+
; Parallel Compilation                     ;
+----------------------------+-------------+
; Processors                 ; Number      ;
+----------------------------+-------------+
; Number detected on machine ; 20          ;
; Maximum allowed            ; 14          ;
;                            ;             ;
; Average used               ; 1.31        ;
; Maximum used               ; 14          ;
;                            ;             ;
; Usage by Processor         ; % Time Used ;
;     Processor 1            ; 100.0%      ;
;     Processor 2            ;   4.9%      ;
;     Processor 3            ;   3.4%      ;
;     Processor 4            ;   3.2%      ;
;     Processors 5-14        ;   1.9%      ;
+----------------------------+-------------+


+-------------------------------------------------------------------------------------------------------------------------------------------------------------------------------------------------------------------------------------------------------------------------------------------------------------------------------------------+
; Clocks                                                                                                                                                                                                                                                                                                                                    ;
+---------------------------------------------------------+-----------+--------+-----------+-------+--------+------------+-----------+-------------+-------+--------+-----------+------------+----------+---------+-----------------------------------------------------------+-------------------------------------------------------------+
; Clock Name                                              ; Type      ; Period ; Frequency ; Rise  ; Fall   ; Duty Cycle ; Divide by ; Multiply by ; Phase ; Offset ; Edge List ; Edge Shift ; Inverted ; Master  ; Source                                                    ; Targets                                                     ;
+---------------------------------------------------------+-----------+--------+-----------+-------+--------+------------+-----------+-------------+-------+--------+-----------+------------+----------+---------+-----------------------------------------------------------+-------------------------------------------------------------+
; clk_50M                                                 ; Base      ; 20.000 ; 50.0 MHz  ; 0.000 ; 10.000 ;            ;           ;             ;       ;        ;           ;            ;          ;         ;                                                           ; { clk_50M }                                                 ;
; u_PLL_32M_0|altpll_component|auto_generated|pll1|clk[0] ; Generated ; 31.250 ; 32.0 MHz  ; 0.000 ; 15.625 ; 50.00      ; 25        ; 16          ;       ;        ;           ;            ; false    ; clk_50M ; u_PLL_32M_0|altpll_component|auto_generated|pll1|inclk[0] ; { u_PLL_32M_0|altpll_component|auto_generated|pll1|clk[0] } ;
+---------------------------------------------------------+-----------+--------+-----------+-------+--------+------------+-----------+-------------+-------+--------+-----------+------------+----------+---------+-----------------------------------------------------------+-------------------------------------------------------------+


+--------------------------------------------------+
; Slow 1200mV 85C Model Fmax Summary               ;
+------------+-----------------+------------+------+
; Fmax       ; Restricted Fmax ; Clock Name ; Note ;
+------------+-----------------+------------+------+
; 199.64 MHz ; 199.64 MHz      ; clk_50M    ;      ;
+------------+-----------------+------------+------+
This panel reports FMAX for every clock in the design, regardless of the user-specified clock periods.  FMAX is only computed for paths where the source and destination registers or ports are driven by the same clock.  Paths of different clocks, including generated clocks, are ignored.  For paths between a clock and its inversion, FMAX is computed as if the rising and falling edges are scaled along with FMAX, such that the duty cycle (in terms of a percentage) is maintained. Altera recommends that you always use clock constraints and other slack reports for sign-off analysis.


----------------------------------
; Timing Closure Recommendations ;
----------------------------------
HTML report is unavailable in plain text report export.


+-------------------------------------+
; Slow 1200mV 85C Model Setup Summary ;
+---------+--------+------------------+
; Clock   ; Slack  ; End Point TNS    ;
+---------+--------+------------------+
; clk_50M ; 14.991 ; 0.000            ;
+---------+--------+------------------+


+------------------------------------+
; Slow 1200mV 85C Model Hold Summary ;
+---------+-------+------------------+
; Clock   ; Slack ; End Point TNS    ;
+---------+-------+------------------+
; clk_50M ; 0.387 ; 0.000            ;
+---------+-------+------------------+


------------------------------------------
; Slow 1200mV 85C Model Recovery Summary ;
------------------------------------------
No paths to report.


-----------------------------------------
; Slow 1200mV 85C Model Removal Summary ;
-----------------------------------------
No paths to report.


+---------------------------------------------------+
; Slow 1200mV 85C Model Minimum Pulse Width Summary ;
+---------+-------+---------------------------------+
; Clock   ; Slack ; End Point TNS                   ;
+---------+-------+---------------------------------+
; clk_50M ; 9.466 ; 0.000                           ;
+---------+-------+---------------------------------+


+------------------------------------------------------------------------------------------------------------------------------------------------------------------------------------------------------------------------------------------------------------------------------------------------------------------------------------------------------------------------------------------------------------------------------------------------------------------------------------------------------------------------+
; Slow 1200mV 85C Model Setup: 'clk_50M'                                                                                                                                                                                                                                                                                                                                                                                                                                                                                 ;
+--------+---------------------------------------------------------------------------------------------------------------------------------------------------------------------------------------------------------------------------------------+-------------------------------------------------------------------------------------------------------------------------------------------------------------------------------------------------+--------------+-------------+--------------+------------+------------+
; Slack  ; From Node                                                                                                                                                                                                                             ; To Node                                                                                                                                                                                         ; Launch Clock ; Latch Clock ; Relationship ; Clock Skew ; Data Delay ;
+--------+---------------------------------------------------------------------------------------------------------------------------------------------------------------------------------------------------------------------------------------+-------------------------------------------------------------------------------------------------------------------------------------------------------------------------------------------------+--------------+-------------+--------------+------------+------------+
; 14.991 ; FIR:u_FIR_0|fir_3k4:u_fir_3k4_0|fir_3k4_0002:fir_3k4_inst|fir_3k4_0002_ast:fir_3k4_0002_ast_inst|fir_3k4_0002_rtl_core:\real_passthrough:hpfircore_core|u0_m0_wo0_mtree_add3_0_o[2]                                                   ; FIR:u_FIR_0|fir_3k4:u_fir_3k4_0|fir_3k4_0002:fir_3k4_inst|fir_3k4_0002_ast:fir_3k4_0002_ast_inst|fir_3k4_0002_rtl_core:\real_passthrough:hpfircore_core|u0_m0_wo0_accum_o[27]                   ; clk_50M      ; clk_50M     ; 20.000       ; -0.081     ; 4.929      ;
; 15.021 ; FIR:u_FIR_0|fir_3k4:u_fir_3k4_0|fir_3k4_0002:fir_3k4_inst|fir_3k4_0002_ast:fir_3k4_0002_ast_inst|fir_3k4_0002_rtl_core:\real_passthrough:hpfircore_core|u0_m0_wo0_mtree_add3_0_o[2]                                                   ; FIR:u_FIR_0|fir_3k4:u_fir_3k4_0|fir_3k4_0002:fir_3k4_inst|fir_3k4_0002_ast:fir_3k4_0002_ast_inst|fir_3k4_0002_rtl_core:\real_passthrough:hpfircore_core|u0_m0_wo0_accum_o[28]                   ; clk_50M      ; clk_50M     ; 20.000       ; -0.081     ; 4.899      ;
; 15.098 ; FIR:u_FIR_0|fir_3k4:u_fir_3k4_0|fir_3k4_0002:fir_3k4_inst|fir_3k4_0002_ast:fir_3k4_0002_ast_inst|fir_3k4_0002_rtl_core:\real_passthrough:hpfircore_core|\u0_m0_wo0_run_clkproc:u0_m0_wo0_run_enable_c[8]                              ; FIR:u_FIR_0|fir_3k4:u_fir_3k4_0|fir_3k4_0002:fir_3k4_inst|fir_3k4_0002_ast:fir_3k4_0002_ast_inst|fir_3k4_0002_rtl_core:\real_passthrough:hpfircore_core|u0_m0_wo0_run_enableQ[0]                ; clk_50M      ; clk_50M     ; 20.000       ; -0.100     ; 4.803      ;
; 15.137 ; FIR:u_FIR_0|fir_3k4:u_fir_3k4_0|fir_3k4_0002:fir_3k4_inst|fir_3k4_0002_ast:fir_3k4_0002_ast_inst|fir_3k4_0002_rtl_core:\real_passthrough:hpfircore_core|u0_m0_wo0_mtree_add3_0_o[2]                                                   ; FIR:u_FIR_0|fir_3k4:u_fir_3k4_0|fir_3k4_0002:fir_3k4_inst|fir_3k4_0002_ast:fir_3k4_0002_ast_inst|fir_3k4_0002_rtl_core:\real_passthrough:hpfircore_core|u0_m0_wo0_accum_o[25]                   ; clk_50M      ; clk_50M     ; 20.000       ; -0.081     ; 4.783      ;
; 15.167 ; FIR:u_FIR_0|fir_3k4:u_fir_3k4_0|fir_3k4_0002:fir_3k4_inst|fir_3k4_0002_ast:fir_3k4_0002_ast_inst|fir_3k4_0002_rtl_core:\real_passthrough:hpfircore_core|u0_m0_wo0_mtree_add3_0_o[2]                                                   ; FIR:u_FIR_0|fir_3k4:u_fir_3k4_0|fir_3k4_0002:fir_3k4_inst|fir_3k4_0002_ast:fir_3k4_0002_ast_inst|fir_3k4_0002_rtl_core:\real_passthrough:hpfircore_core|u0_m0_wo0_accum_o[26]                   ; clk_50M      ; clk_50M     ; 20.000       ; -0.081     ; 4.753      ;
; 15.178 ; FIR:u_FIR_0|fir_3k4:u_fir_3k4_0|fir_3k4_0002:fir_3k4_inst|fir_3k4_0002_ast:fir_3k4_0002_ast_inst|fir_3k4_0002_rtl_core:\real_passthrough:hpfircore_core|u0_m0_wo0_mtree_add3_0_o[4]                                                   ; FIR:u_FIR_0|fir_3k4:u_fir_3k4_0|fir_3k4_0002:fir_3k4_inst|fir_3k4_0002_ast:fir_3k4_0002_ast_inst|fir_3k4_0002_rtl_core:\real_passthrough:hpfircore_core|u0_m0_wo0_accum_o[27]                   ; clk_50M      ; clk_50M     ; 20.000       ; -0.081     ; 4.742      ;
; 15.208 ; FIR:u_FIR_0|fir_3k4:u_fir_3k4_0|fir_3k4_0002:fir_3k4_inst|fir_3k4_0002_ast:fir_3k4_0002_ast_inst|fir_3k4_0002_rtl_core:\real_passthrough:hpfircore_core|u0_m0_wo0_mtree_add3_0_o[4]                                                   ; FIR:u_FIR_0|fir_3k4:u_fir_3k4_0|fir_3k4_0002:fir_3k4_inst|fir_3k4_0002_ast:fir_3k4_0002_ast_inst|fir_3k4_0002_rtl_core:\real_passthrough:hpfircore_core|u0_m0_wo0_accum_o[28]                   ; clk_50M      ; clk_50M     ; 20.000       ; -0.081     ; 4.712      ;
; 15.278 ; FIR:u_FIR_0|fir_3k4:u_fir_3k4_0|fir_3k4_0002:fir_3k4_inst|fir_3k4_0002_ast:fir_3k4_0002_ast_inst|fir_3k4_0002_rtl_core:\real_passthrough:hpfircore_core|\u0_m0_wo0_run_clkproc:u0_m0_wo0_run_enable_c[0]                              ; FIR:u_FIR_0|fir_3k4:u_fir_3k4_0|fir_3k4_0002:fir_3k4_inst|fir_3k4_0002_ast:fir_3k4_0002_ast_inst|fir_3k4_0002_rtl_core:\real_passthrough:hpfircore_core|u0_m0_wo0_run_enableQ[0]                ; clk_50M      ; clk_50M     ; 20.000       ; -0.100     ; 4.623      ;
; 15.283 ; FIR:u_FIR_0|fir_3k4:u_fir_3k4_0|fir_3k4_0002:fir_3k4_inst|fir_3k4_0002_ast:fir_3k4_0002_ast_inst|fir_3k4_0002_rtl_core:\real_passthrough:hpfircore_core|u0_m0_wo0_mtree_add3_0_o[2]                                                   ; FIR:u_FIR_0|fir_3k4:u_fir_3k4_0|fir_3k4_0002:fir_3k4_inst|fir_3k4_0002_ast:fir_3k4_0002_ast_inst|fir_3k4_0002_rtl_core:\real_passthrough:hpfircore_core|u0_m0_wo0_accum_o[23]                   ; clk_50M      ; clk_50M     ; 20.000       ; -0.081     ; 4.637      ;
; 15.284 ; FIR:u_FIR_0|fir_3k4:u_fir_3k4_0|fir_3k4_0002:fir_3k4_inst|fir_3k4_0002_ast:fir_3k4_0002_ast_inst|fir_3k4_0002_rtl_core:\real_passthrough:hpfircore_core|u0_m0_wo0_mtree_add3_0_o[1]                                                   ; FIR:u_FIR_0|fir_3k4:u_fir_3k4_0|fir_3k4_0002:fir_3k4_inst|fir_3k4_0002_ast:fir_3k4_0002_ast_inst|fir_3k4_0002_rtl_core:\real_passthrough:hpfircore_core|u0_m0_wo0_accum_o[28]                   ; clk_50M      ; clk_50M     ; 20.000       ; -0.081     ; 4.636      ;
; 15.313 ; FIR:u_FIR_0|fir_3k4:u_fir_3k4_0|fir_3k4_0002:fir_3k4_inst|fir_3k4_0002_ast:fir_3k4_0002_ast_inst|fir_3k4_0002_rtl_core:\real_passthrough:hpfircore_core|u0_m0_wo0_mtree_add3_0_o[2]                                                   ; FIR:u_FIR_0|fir_3k4:u_fir_3k4_0|fir_3k4_0002:fir_3k4_inst|fir_3k4_0002_ast:fir_3k4_0002_ast_inst|fir_3k4_0002_rtl_core:\real_passthrough:hpfircore_core|u0_m0_wo0_accum_o[24]                   ; clk_50M      ; clk_50M     ; 20.000       ; -0.081     ; 4.607      ;
; 15.324 ; FIR:u_FIR_0|fir_3k4:u_fir_3k4_0|fir_3k4_0002:fir_3k4_inst|fir_3k4_0002_ast:fir_3k4_0002_ast_inst|fir_3k4_0002_rtl_core:\real_passthrough:hpfircore_core|u0_m0_wo0_mtree_add3_0_o[4]                                                   ; FIR:u_FIR_0|fir_3k4:u_fir_3k4_0|fir_3k4_0002:fir_3k4_inst|fir_3k4_0002_ast:fir_3k4_0002_ast_inst|fir_3k4_0002_rtl_core:\real_passthrough:hpfircore_core|u0_m0_wo0_accum_o[25]                   ; clk_50M      ; clk_50M     ; 20.000       ; -0.081     ; 4.596      ;
; 15.338 ; FIR:u_FIR_0|fir_3k4:u_fir_3k4_0|fir_3k4_0002:fir_3k4_inst|fir_3k4_0002_ast:fir_3k4_0002_ast_inst|fir_3k4_0002_rtl_core:\real_passthrough:hpfircore_core|u0_m0_wo0_mtree_add3_0_o[6]                                                   ; FIR:u_FIR_0|fir_3k4:u_fir_3k4_0|fir_3k4_0002:fir_3k4_inst|fir_3k4_0002_ast:fir_3k4_0002_ast_inst|fir_3k4_0002_rtl_core:\real_passthrough:hpfircore_core|u0_m0_wo0_accum_o[27]                   ; clk_50M      ; clk_50M     ; 20.000       ; -0.081     ; 4.582      ;
; 15.354 ; FIR:u_FIR_0|fir_3k4:u_fir_3k4_0|fir_3k4_0002:fir_3k4_inst|fir_3k4_0002_ast:fir_3k4_0002_ast_inst|fir_3k4_0002_rtl_core:\real_passthrough:hpfircore_core|u0_m0_wo0_mtree_add3_0_o[4]                                                   ; FIR:u_FIR_0|fir_3k4:u_fir_3k4_0|fir_3k4_0002:fir_3k4_inst|fir_3k4_0002_ast:fir_3k4_0002_ast_inst|fir_3k4_0002_rtl_core:\real_passthrough:hpfircore_core|u0_m0_wo0_accum_o[26]                   ; clk_50M      ; clk_50M     ; 20.000       ; -0.081     ; 4.566      ;
; 15.368 ; FIR:u_FIR_0|fir_3k4:u_fir_3k4_0|fir_3k4_0002:fir_3k4_inst|fir_3k4_0002_ast:fir_3k4_0002_ast_inst|fir_3k4_0002_rtl_core:\real_passthrough:hpfircore_core|u0_m0_wo0_mtree_add3_0_o[6]                                                   ; FIR:u_FIR_0|fir_3k4:u_fir_3k4_0|fir_3k4_0002:fir_3k4_inst|fir_3k4_0002_ast:fir_3k4_0002_ast_inst|fir_3k4_0002_rtl_core:\real_passthrough:hpfircore_core|u0_m0_wo0_accum_o[28]                   ; clk_50M      ; clk_50M     ; 20.000       ; -0.081     ; 4.552      ;
; 15.381 ; FIR:u_FIR_0|fir_3k4:u_fir_3k4_0|fir_3k4_0002:fir_3k4_inst|fir_3k4_0002_ast:fir_3k4_0002_ast_inst|fir_3k4_0002_rtl_core:\real_passthrough:hpfircore_core|u0_m0_wo0_mtree_add3_0_o[3]                                                   ; FIR:u_FIR_0|fir_3k4:u_fir_3k4_0|fir_3k4_0002:fir_3k4_inst|fir_3k4_0002_ast:fir_3k4_0002_ast_inst|fir_3k4_0002_rtl_core:\real_passthrough:hpfircore_core|u0_m0_wo0_accum_o[28]                   ; clk_50M      ; clk_50M     ; 20.000       ; -0.081     ; 4.539      ;
; 15.429 ; FIR:u_FIR_0|fir_3k4:u_fir_3k4_0|fir_3k4_0002:fir_3k4_inst|fir_3k4_0002_ast:fir_3k4_0002_ast_inst|fir_3k4_0002_rtl_core:\real_passthrough:hpfircore_core|u0_m0_wo0_mtree_add3_0_o[2]                                                   ; FIR:u_FIR_0|fir_3k4:u_fir_3k4_0|fir_3k4_0002:fir_3k4_inst|fir_3k4_0002_ast:fir_3k4_0002_ast_inst|fir_3k4_0002_rtl_core:\real_passthrough:hpfircore_core|u0_m0_wo0_accum_o[21]                   ; clk_50M      ; clk_50M     ; 20.000       ; -0.081     ; 4.491      ;
; 15.430 ; FIR:u_FIR_0|fir_3k4:u_fir_3k4_0|fir_3k4_0002:fir_3k4_inst|fir_3k4_0002_ast:fir_3k4_0002_ast_inst|fir_3k4_0002_rtl_core:\real_passthrough:hpfircore_core|u0_m0_wo0_mtree_add3_0_o[1]                                                   ; FIR:u_FIR_0|fir_3k4:u_fir_3k4_0|fir_3k4_0002:fir_3k4_inst|fir_3k4_0002_ast:fir_3k4_0002_ast_inst|fir_3k4_0002_rtl_core:\real_passthrough:hpfircore_core|u0_m0_wo0_accum_o[26]                   ; clk_50M      ; clk_50M     ; 20.000       ; -0.081     ; 4.490      ;
; 15.437 ; FIR:u_FIR_0|fir_3k4:u_fir_3k4_0|fir_3k4_0002:fir_3k4_inst|fir_3k4_0002_ast:fir_3k4_0002_ast_inst|fir_3k4_0002_rtl_core:\real_passthrough:hpfircore_core|u0_m0_wo0_mtree_add3_0_o[1]                                                   ; FIR:u_FIR_0|fir_3k4:u_fir_3k4_0|fir_3k4_0002:fir_3k4_inst|fir_3k4_0002_ast:fir_3k4_0002_ast_inst|fir_3k4_0002_rtl_core:\real_passthrough:hpfircore_core|u0_m0_wo0_accum_o[27]                   ; clk_50M      ; clk_50M     ; 20.000       ; -0.081     ; 4.483      ;
; 15.459 ; FIR:u_FIR_0|fir_3k4:u_fir_3k4_0|fir_3k4_0002:fir_3k4_inst|fir_3k4_0002_ast:fir_3k4_0002_ast_inst|fir_3k4_0002_rtl_core:\real_passthrough:hpfircore_core|u0_m0_wo0_mtree_add3_0_o[2]                                                   ; FIR:u_FIR_0|fir_3k4:u_fir_3k4_0|fir_3k4_0002:fir_3k4_inst|fir_3k4_0002_ast:fir_3k4_0002_ast_inst|fir_3k4_0002_rtl_core:\real_passthrough:hpfircore_core|u0_m0_wo0_accum_o[22]                   ; clk_50M      ; clk_50M     ; 20.000       ; -0.081     ; 4.461      ;
; 15.470 ; FIR:u_FIR_0|fir_3k4:u_fir_3k4_0|fir_3k4_0002:fir_3k4_inst|fir_3k4_0002_ast:fir_3k4_0002_ast_inst|fir_3k4_0002_rtl_core:\real_passthrough:hpfircore_core|u0_m0_wo0_mtree_add3_0_o[4]                                                   ; FIR:u_FIR_0|fir_3k4:u_fir_3k4_0|fir_3k4_0002:fir_3k4_inst|fir_3k4_0002_ast:fir_3k4_0002_ast_inst|fir_3k4_0002_rtl_core:\real_passthrough:hpfircore_core|u0_m0_wo0_accum_o[23]                   ; clk_50M      ; clk_50M     ; 20.000       ; -0.081     ; 4.450      ;
; 15.484 ; FIR:u_FIR_0|fir_3k4:u_fir_3k4_0|fir_3k4_0002:fir_3k4_inst|fir_3k4_0002_ast:fir_3k4_0002_ast_inst|fir_3k4_0002_rtl_core:\real_passthrough:hpfircore_core|u0_m0_wo0_mtree_add3_0_o[6]                                                   ; FIR:u_FIR_0|fir_3k4:u_fir_3k4_0|fir_3k4_0002:fir_3k4_inst|fir_3k4_0002_ast:fir_3k4_0002_ast_inst|fir_3k4_0002_rtl_core:\real_passthrough:hpfircore_core|u0_m0_wo0_accum_o[25]                   ; clk_50M      ; clk_50M     ; 20.000       ; -0.081     ; 4.436      ;
; 15.500 ; FIR:u_FIR_0|fir_3k4:u_fir_3k4_0|fir_3k4_0002:fir_3k4_inst|fir_3k4_0002_ast:fir_3k4_0002_ast_inst|fir_3k4_0002_rtl_core:\real_passthrough:hpfircore_core|u0_m0_wo0_mtree_add3_0_o[4]                                                   ; FIR:u_FIR_0|fir_3k4:u_fir_3k4_0|fir_3k4_0002:fir_3k4_inst|fir_3k4_0002_ast:fir_3k4_0002_ast_inst|fir_3k4_0002_rtl_core:\real_passthrough:hpfircore_core|u0_m0_wo0_accum_o[24]                   ; clk_50M      ; clk_50M     ; 20.000       ; -0.081     ; 4.420      ;
; 15.514 ; FIR:u_FIR_0|fir_3k4:u_fir_3k4_0|fir_3k4_0002:fir_3k4_inst|fir_3k4_0002_ast:fir_3k4_0002_ast_inst|fir_3k4_0002_rtl_core:\real_passthrough:hpfircore_core|u0_m0_wo0_mtree_add3_0_o[6]                                                   ; FIR:u_FIR_0|fir_3k4:u_fir_3k4_0|fir_3k4_0002:fir_3k4_inst|fir_3k4_0002_ast:fir_3k4_0002_ast_inst|fir_3k4_0002_rtl_core:\real_passthrough:hpfircore_core|u0_m0_wo0_accum_o[26]                   ; clk_50M      ; clk_50M     ; 20.000       ; -0.081     ; 4.406      ;
; 15.526 ; FIR:u_FIR_0|fir_3k4:u_fir_3k4_0|fir_3k4_0002:fir_3k4_inst|fir_3k4_0002_ast:fir_3k4_0002_ast_inst|fir_3k4_0002_rtl_core:\real_passthrough:hpfircore_core|u0_m0_wo0_mtree_add3_0_o[3]                                                   ; FIR:u_FIR_0|fir_3k4:u_fir_3k4_0|fir_3k4_0002:fir_3k4_inst|fir_3k4_0002_ast:fir_3k4_0002_ast_inst|fir_3k4_0002_rtl_core:\real_passthrough:hpfircore_core|u0_m0_wo0_accum_o[27]                   ; clk_50M      ; clk_50M     ; 20.000       ; -0.081     ; 4.394      ;
; 15.527 ; FIR:u_FIR_0|fir_3k4:u_fir_3k4_0|fir_3k4_0002:fir_3k4_inst|fir_3k4_0002_ast:fir_3k4_0002_ast_inst|fir_3k4_0002_rtl_core:\real_passthrough:hpfircore_core|u0_m0_wo0_mtree_add3_0_o[3]                                                   ; FIR:u_FIR_0|fir_3k4:u_fir_3k4_0|fir_3k4_0002:fir_3k4_inst|fir_3k4_0002_ast:fir_3k4_0002_ast_inst|fir_3k4_0002_rtl_core:\real_passthrough:hpfircore_core|u0_m0_wo0_accum_o[26]                   ; clk_50M      ; clk_50M     ; 20.000       ; -0.081     ; 4.393      ;
; 15.566 ; FIR:u_FIR_0|fir_3k4:u_fir_3k4_0|fir_3k4_0002:fir_3k4_inst|fir_3k4_0002_ast:fir_3k4_0002_ast_inst|fir_3k4_0002_rtl_core:\real_passthrough:hpfircore_core|u0_m0_wo0_mtree_add3_0_o[0]                                                   ; FIR:u_FIR_0|fir_3k4:u_fir_3k4_0|fir_3k4_0002:fir_3k4_inst|fir_3k4_0002_ast:fir_3k4_0002_ast_inst|fir_3k4_0002_rtl_core:\real_passthrough:hpfircore_core|u0_m0_wo0_accum_o[27]                   ; clk_50M      ; clk_50M     ; 20.000       ; -0.081     ; 4.354      ;
; 15.568 ; FIR:u_FIR_0|fir_3k4:u_fir_3k4_0|fir_3k4_0002:fir_3k4_inst|fir_3k4_0002_ast:fir_3k4_0002_ast_inst|fir_3k4_0002_rtl_core:\real_passthrough:hpfircore_core|u0_m0_wo0_wi0_r0_ra20_count0_inner_i[8]                                       ; FIR:u_FIR_0|fir_3k4:u_fir_3k4_0|fir_3k4_0002:fir_3k4_inst|fir_3k4_0002_ast:fir_3k4_0002_ast_inst|fir_3k4_0002_rtl_core:\real_passthrough:hpfircore_core|u0_m0_wo0_wi0_r0_ra20_count0_inner_i[7] ; clk_50M      ; clk_50M     ; 20.000       ; -0.080     ; 4.353      ;
; 15.575 ; FIR:u_FIR_0|fir_3k4:u_fir_3k4_0|fir_3k4_0002:fir_3k4_inst|fir_3k4_0002_ast:fir_3k4_0002_ast_inst|fir_3k4_0002_rtl_core:\real_passthrough:hpfircore_core|u0_m0_wo0_mtree_add3_0_o[2]                                                   ; FIR:u_FIR_0|fir_3k4:u_fir_3k4_0|fir_3k4_0002:fir_3k4_inst|fir_3k4_0002_ast:fir_3k4_0002_ast_inst|fir_3k4_0002_rtl_core:\real_passthrough:hpfircore_core|u0_m0_wo0_accum_o[19]                   ; clk_50M      ; clk_50M     ; 20.000       ; -0.081     ; 4.345      ;
; 15.576 ; FIR:u_FIR_0|fir_3k4:u_fir_3k4_0|fir_3k4_0002:fir_3k4_inst|fir_3k4_0002_ast:fir_3k4_0002_ast_inst|fir_3k4_0002_rtl_core:\real_passthrough:hpfircore_core|u0_m0_wo0_mtree_add3_0_o[1]                                                   ; FIR:u_FIR_0|fir_3k4:u_fir_3k4_0|fir_3k4_0002:fir_3k4_inst|fir_3k4_0002_ast:fir_3k4_0002_ast_inst|fir_3k4_0002_rtl_core:\real_passthrough:hpfircore_core|u0_m0_wo0_accum_o[24]                   ; clk_50M      ; clk_50M     ; 20.000       ; -0.081     ; 4.344      ;
; 15.583 ; FIR:u_FIR_0|fir_3k4:u_fir_3k4_0|fir_3k4_0002:fir_3k4_inst|fir_3k4_0002_ast:fir_3k4_0002_ast_inst|fir_3k4_0002_rtl_core:\real_passthrough:hpfircore_core|u0_m0_wo0_mtree_add3_0_o[1]                                                   ; FIR:u_FIR_0|fir_3k4:u_fir_3k4_0|fir_3k4_0002:fir_3k4_inst|fir_3k4_0002_ast:fir_3k4_0002_ast_inst|fir_3k4_0002_rtl_core:\real_passthrough:hpfircore_core|u0_m0_wo0_accum_o[25]                   ; clk_50M      ; clk_50M     ; 20.000       ; -0.081     ; 4.337      ;
; 15.589 ; FIR:u_FIR_0|fir_3k4:u_fir_3k4_0|fir_3k4_0002:fir_3k4_inst|fir_3k4_0002_ast:fir_3k4_0002_ast_inst|fir_3k4_0002_rtl_core:\real_passthrough:hpfircore_core|u0_m0_wo0_mtree_add3_0_o[5]                                                   ; FIR:u_FIR_0|fir_3k4:u_fir_3k4_0|fir_3k4_0002:fir_3k4_inst|fir_3k4_0002_ast:fir_3k4_0002_ast_inst|fir_3k4_0002_rtl_core:\real_passthrough:hpfircore_core|u0_m0_wo0_accum_o[28]                   ; clk_50M      ; clk_50M     ; 20.000       ; -0.081     ; 4.331      ;
; 15.596 ; FIR:u_FIR_0|fir_3k4:u_fir_3k4_0|fir_3k4_0002:fir_3k4_inst|fir_3k4_0002_ast:fir_3k4_0002_ast_inst|fir_3k4_0002_rtl_core:\real_passthrough:hpfircore_core|u0_m0_wo0_mtree_add3_0_o[0]                                                   ; FIR:u_FIR_0|fir_3k4:u_fir_3k4_0|fir_3k4_0002:fir_3k4_inst|fir_3k4_0002_ast:fir_3k4_0002_ast_inst|fir_3k4_0002_rtl_core:\real_passthrough:hpfircore_core|u0_m0_wo0_accum_o[28]                   ; clk_50M      ; clk_50M     ; 20.000       ; -0.081     ; 4.324      ;
; 15.598 ; FIR:u_FIR_0|fir_3k4:u_fir_3k4_0|fir_3k4_0002:fir_3k4_inst|fir_3k4_0002_ast:fir_3k4_0002_ast_inst|fir_3k4_0002_rtl_core:\real_passthrough:hpfircore_core|u0_m0_wo0_wi0_r0_ra20_count0_inner_i[8]                                       ; FIR:u_FIR_0|fir_3k4:u_fir_3k4_0|fir_3k4_0002:fir_3k4_inst|fir_3k4_0002_ast:fir_3k4_0002_ast_inst|fir_3k4_0002_rtl_core:\real_passthrough:hpfircore_core|u0_m0_wo0_wi0_r0_ra20_count0_inner_i[8] ; clk_50M      ; clk_50M     ; 20.000       ; -0.080     ; 4.323      ;
; 15.605 ; FIR:u_FIR_0|fir_3k4:u_fir_3k4_0|fir_3k4_0002:fir_3k4_inst|fir_3k4_0002_ast:fir_3k4_0002_ast_inst|fir_3k4_0002_rtl_core:\real_passthrough:hpfircore_core|u0_m0_wo0_mtree_add3_0_o[2]                                                   ; FIR:u_FIR_0|fir_3k4:u_fir_3k4_0|fir_3k4_0002:fir_3k4_inst|fir_3k4_0002_ast:fir_3k4_0002_ast_inst|fir_3k4_0002_rtl_core:\real_passthrough:hpfircore_core|u0_m0_wo0_accum_o[20]                   ; clk_50M      ; clk_50M     ; 20.000       ; -0.081     ; 4.315      ;
; 15.616 ; FIR:u_FIR_0|fir_3k4:u_fir_3k4_0|fir_3k4_0002:fir_3k4_inst|fir_3k4_0002_ast:fir_3k4_0002_ast_inst|fir_3k4_0002_rtl_core:\real_passthrough:hpfircore_core|u0_m0_wo0_mtree_add3_0_o[4]                                                   ; FIR:u_FIR_0|fir_3k4:u_fir_3k4_0|fir_3k4_0002:fir_3k4_inst|fir_3k4_0002_ast:fir_3k4_0002_ast_inst|fir_3k4_0002_rtl_core:\real_passthrough:hpfircore_core|u0_m0_wo0_accum_o[21]                   ; clk_50M      ; clk_50M     ; 20.000       ; -0.081     ; 4.304      ;
; 15.630 ; FIR:u_FIR_0|fir_3k4:u_fir_3k4_0|fir_3k4_0002:fir_3k4_inst|fir_3k4_0002_ast:fir_3k4_0002_ast_inst|fir_3k4_0002_rtl_core:\real_passthrough:hpfircore_core|u0_m0_wo0_mtree_add3_0_o[6]                                                   ; FIR:u_FIR_0|fir_3k4:u_fir_3k4_0|fir_3k4_0002:fir_3k4_inst|fir_3k4_0002_ast:fir_3k4_0002_ast_inst|fir_3k4_0002_rtl_core:\real_passthrough:hpfircore_core|u0_m0_wo0_accum_o[23]                   ; clk_50M      ; clk_50M     ; 20.000       ; -0.081     ; 4.290      ;
; 15.646 ; FIR:u_FIR_0|fir_3k4:u_fir_3k4_0|fir_3k4_0002:fir_3k4_inst|fir_3k4_0002_ast:fir_3k4_0002_ast_inst|fir_3k4_0002_rtl_core:\real_passthrough:hpfircore_core|u0_m0_wo0_mtree_add3_0_o[4]                                                   ; FIR:u_FIR_0|fir_3k4:u_fir_3k4_0|fir_3k4_0002:fir_3k4_inst|fir_3k4_0002_ast:fir_3k4_0002_ast_inst|fir_3k4_0002_rtl_core:\real_passthrough:hpfircore_core|u0_m0_wo0_accum_o[22]                   ; clk_50M      ; clk_50M     ; 20.000       ; -0.081     ; 4.274      ;
; 15.653 ; FIR:u_FIR_0|fir_3k4:u_fir_3k4_0|fir_3k4_0002:fir_3k4_inst|fir_3k4_0002_ast:fir_3k4_0002_ast_inst|fir_3k4_0002_rtl_core:\real_passthrough:hpfircore_core|u0_m0_wo0_mtree_add3_0_o[11]                                                  ; FIR:u_FIR_0|fir_3k4:u_fir_3k4_0|fir_3k4_0002:fir_3k4_inst|fir_3k4_0002_ast:fir_3k4_0002_ast_inst|fir_3k4_0002_rtl_core:\real_passthrough:hpfircore_core|u0_m0_wo0_accum_o[28]                   ; clk_50M      ; clk_50M     ; 20.000       ; -0.080     ; 4.268      ;
; 15.658 ; FIR:u_FIR_0|fir_3k4:u_fir_3k4_0|fir_3k4_0002:fir_3k4_inst|fir_3k4_0002_ast:fir_3k4_0002_ast_inst|fir_3k4_0002_rtl_core:\real_passthrough:hpfircore_core|u0_m0_wo0_mtree_add3_0_o[8]                                                   ; FIR:u_FIR_0|fir_3k4:u_fir_3k4_0|fir_3k4_0002:fir_3k4_inst|fir_3k4_0002_ast:fir_3k4_0002_ast_inst|fir_3k4_0002_rtl_core:\real_passthrough:hpfircore_core|u0_m0_wo0_accum_o[27]                   ; clk_50M      ; clk_50M     ; 20.000       ; -0.081     ; 4.262      ;
; 15.660 ; FIR:u_FIR_0|fir_3k4:u_fir_3k4_0|fir_3k4_0002:fir_3k4_inst|fir_3k4_0002_ast:fir_3k4_0002_ast_inst|fir_3k4_0002_rtl_core:\real_passthrough:hpfircore_core|u0_m0_wo0_mtree_add3_0_o[6]                                                   ; FIR:u_FIR_0|fir_3k4:u_fir_3k4_0|fir_3k4_0002:fir_3k4_inst|fir_3k4_0002_ast:fir_3k4_0002_ast_inst|fir_3k4_0002_rtl_core:\real_passthrough:hpfircore_core|u0_m0_wo0_accum_o[24]                   ; clk_50M      ; clk_50M     ; 20.000       ; -0.081     ; 4.260      ;
; 15.672 ; FIR:u_FIR_0|fir_3k4:u_fir_3k4_0|fir_3k4_0002:fir_3k4_inst|fir_3k4_0002_ast:fir_3k4_0002_ast_inst|fir_3k4_0002_rtl_core:\real_passthrough:hpfircore_core|u0_m0_wo0_mtree_add3_0_o[3]                                                   ; FIR:u_FIR_0|fir_3k4:u_fir_3k4_0|fir_3k4_0002:fir_3k4_inst|fir_3k4_0002_ast:fir_3k4_0002_ast_inst|fir_3k4_0002_rtl_core:\real_passthrough:hpfircore_core|u0_m0_wo0_accum_o[25]                   ; clk_50M      ; clk_50M     ; 20.000       ; -0.081     ; 4.248      ;
; 15.673 ; FIR:u_FIR_0|fir_3k4:u_fir_3k4_0|fir_3k4_0002:fir_3k4_inst|fir_3k4_0002_ast:fir_3k4_0002_ast_inst|fir_3k4_0002_rtl_core:\real_passthrough:hpfircore_core|u0_m0_wo0_mtree_add3_0_o[3]                                                   ; FIR:u_FIR_0|fir_3k4:u_fir_3k4_0|fir_3k4_0002:fir_3k4_inst|fir_3k4_0002_ast:fir_3k4_0002_ast_inst|fir_3k4_0002_rtl_core:\real_passthrough:hpfircore_core|u0_m0_wo0_accum_o[24]                   ; clk_50M      ; clk_50M     ; 20.000       ; -0.081     ; 4.247      ;
; 15.685 ; FIR:u_FIR_0|fir_3k4:u_fir_3k4_0|fir_3k4_0002:fir_3k4_inst|fir_3k4_0002_ast:fir_3k4_0002_ast_inst|fir_3k4_0002_rtl_core:\real_passthrough:hpfircore_core|\u0_m0_wo0_run_clkproc:u0_m0_wo0_run_enable_c[1]                              ; FIR:u_FIR_0|fir_3k4:u_fir_3k4_0|fir_3k4_0002:fir_3k4_inst|fir_3k4_0002_ast:fir_3k4_0002_ast_inst|fir_3k4_0002_rtl_core:\real_passthrough:hpfircore_core|u0_m0_wo0_run_enableQ[0]                ; clk_50M      ; clk_50M     ; 20.000       ; -0.100     ; 4.216      ;
; 15.688 ; FIR:u_FIR_0|fir_3k4:u_fir_3k4_0|fir_3k4_0002:fir_3k4_inst|fir_3k4_0002_ast:fir_3k4_0002_ast_inst|fir_3k4_0002_rtl_core:\real_passthrough:hpfircore_core|u0_m0_wo0_mtree_add3_0_o[8]                                                   ; FIR:u_FIR_0|fir_3k4:u_fir_3k4_0|fir_3k4_0002:fir_3k4_inst|fir_3k4_0002_ast:fir_3k4_0002_ast_inst|fir_3k4_0002_rtl_core:\real_passthrough:hpfircore_core|u0_m0_wo0_accum_o[28]                   ; clk_50M      ; clk_50M     ; 20.000       ; -0.081     ; 4.232      ;
; 15.712 ; FIR:u_FIR_0|fir_3k4:u_fir_3k4_0|fir_3k4_0002:fir_3k4_inst|fir_3k4_0002_ast:fir_3k4_0002_ast_inst|fir_3k4_0002_rtl_core:\real_passthrough:hpfircore_core|u0_m0_wo0_mtree_add3_0_o[7]                                                   ; FIR:u_FIR_0|fir_3k4:u_fir_3k4_0|fir_3k4_0002:fir_3k4_inst|fir_3k4_0002_ast:fir_3k4_0002_ast_inst|fir_3k4_0002_rtl_core:\real_passthrough:hpfircore_core|u0_m0_wo0_accum_o[28]                   ; clk_50M      ; clk_50M     ; 20.000       ; -0.081     ; 4.208      ;
; 15.712 ; FIR:u_FIR_0|fir_3k4:u_fir_3k4_0|fir_3k4_0002:fir_3k4_inst|fir_3k4_0002_ast:fir_3k4_0002_ast_inst|fir_3k4_0002_rtl_core:\real_passthrough:hpfircore_core|u0_m0_wo0_mtree_add3_0_o[0]                                                   ; FIR:u_FIR_0|fir_3k4:u_fir_3k4_0|fir_3k4_0002:fir_3k4_inst|fir_3k4_0002_ast:fir_3k4_0002_ast_inst|fir_3k4_0002_rtl_core:\real_passthrough:hpfircore_core|u0_m0_wo0_accum_o[25]                   ; clk_50M      ; clk_50M     ; 20.000       ; -0.081     ; 4.208      ;
; 15.714 ; FIR:u_FIR_0|fir_3k4:u_fir_3k4_0|fir_3k4_0002:fir_3k4_inst|fir_3k4_0002_ast:fir_3k4_0002_ast_inst|fir_3k4_0002_rtl_core:\real_passthrough:hpfircore_core|u0_m0_wo0_wi0_r0_ra20_count0_inner_i[8]                                       ; FIR:u_FIR_0|fir_3k4:u_fir_3k4_0|fir_3k4_0002:fir_3k4_inst|fir_3k4_0002_ast:fir_3k4_0002_ast_inst|fir_3k4_0002_rtl_core:\real_passthrough:hpfircore_core|u0_m0_wo0_wi0_r0_ra20_count0_inner_i[5] ; clk_50M      ; clk_50M     ; 20.000       ; -0.080     ; 4.207      ;
; 15.721 ; FIR:u_FIR_0|fir_3k4:u_fir_3k4_0|fir_3k4_0002:fir_3k4_inst|fir_3k4_0002_ast:fir_3k4_0002_ast_inst|fir_3k4_0002_rtl_core:\real_passthrough:hpfircore_core|u0_m0_wo0_mtree_add3_0_o[2]                                                   ; FIR:u_FIR_0|fir_3k4:u_fir_3k4_0|fir_3k4_0002:fir_3k4_inst|fir_3k4_0002_ast:fir_3k4_0002_ast_inst|fir_3k4_0002_rtl_core:\real_passthrough:hpfircore_core|u0_m0_wo0_accum_o[17]                   ; clk_50M      ; clk_50M     ; 20.000       ; -0.081     ; 4.199      ;
; 15.722 ; FIR:u_FIR_0|fir_3k4:u_fir_3k4_0|fir_3k4_0002:fir_3k4_inst|fir_3k4_0002_ast:fir_3k4_0002_ast_inst|fir_3k4_0002_rtl_core:\real_passthrough:hpfircore_core|u0_m0_wo0_mtree_add3_0_o[1]                                                   ; FIR:u_FIR_0|fir_3k4:u_fir_3k4_0|fir_3k4_0002:fir_3k4_inst|fir_3k4_0002_ast:fir_3k4_0002_ast_inst|fir_3k4_0002_rtl_core:\real_passthrough:hpfircore_core|u0_m0_wo0_accum_o[22]                   ; clk_50M      ; clk_50M     ; 20.000       ; -0.081     ; 4.198      ;
; 15.729 ; FIR:u_FIR_0|fir_3k4:u_fir_3k4_0|fir_3k4_0002:fir_3k4_inst|fir_3k4_0002_ast:fir_3k4_0002_ast_inst|fir_3k4_0002_rtl_core:\real_passthrough:hpfircore_core|u0_m0_wo0_mtree_add3_0_o[1]                                                   ; FIR:u_FIR_0|fir_3k4:u_fir_3k4_0|fir_3k4_0002:fir_3k4_inst|fir_3k4_0002_ast:fir_3k4_0002_ast_inst|fir_3k4_0002_rtl_core:\real_passthrough:hpfircore_core|u0_m0_wo0_accum_o[23]                   ; clk_50M      ; clk_50M     ; 20.000       ; -0.081     ; 4.191      ;
; 15.735 ; FIR:u_FIR_0|fir_3k4:u_fir_3k4_0|fir_3k4_0002:fir_3k4_inst|fir_3k4_0002_ast:fir_3k4_0002_ast_inst|fir_3k4_0002_rtl_core:\real_passthrough:hpfircore_core|u0_m0_wo0_mtree_add3_0_o[5]                                                   ; FIR:u_FIR_0|fir_3k4:u_fir_3k4_0|fir_3k4_0002:fir_3k4_inst|fir_3k4_0002_ast:fir_3k4_0002_ast_inst|fir_3k4_0002_rtl_core:\real_passthrough:hpfircore_core|u0_m0_wo0_accum_o[26]                   ; clk_50M      ; clk_50M     ; 20.000       ; -0.081     ; 4.185      ;
; 15.742 ; FIR:u_FIR_0|fir_3k4:u_fir_3k4_0|fir_3k4_0002:fir_3k4_inst|fir_3k4_0002_ast:fir_3k4_0002_ast_inst|fir_3k4_0002_rtl_core:\real_passthrough:hpfircore_core|u0_m0_wo0_mtree_add3_0_o[0]                                                   ; FIR:u_FIR_0|fir_3k4:u_fir_3k4_0|fir_3k4_0002:fir_3k4_inst|fir_3k4_0002_ast:fir_3k4_0002_ast_inst|fir_3k4_0002_rtl_core:\real_passthrough:hpfircore_core|u0_m0_wo0_accum_o[26]                   ; clk_50M      ; clk_50M     ; 20.000       ; -0.081     ; 4.178      ;
; 15.744 ; FIR:u_FIR_0|fir_3k4:u_fir_3k4_0|fir_3k4_0002:fir_3k4_inst|fir_3k4_0002_ast:fir_3k4_0002_ast_inst|fir_3k4_0002_rtl_core:\real_passthrough:hpfircore_core|u0_m0_wo0_wi0_r0_ra20_count0_inner_i[8]                                       ; FIR:u_FIR_0|fir_3k4:u_fir_3k4_0|fir_3k4_0002:fir_3k4_inst|fir_3k4_0002_ast:fir_3k4_0002_ast_inst|fir_3k4_0002_rtl_core:\real_passthrough:hpfircore_core|u0_m0_wo0_wi0_r0_ra20_count0_inner_i[6] ; clk_50M      ; clk_50M     ; 20.000       ; -0.080     ; 4.177      ;
; 15.747 ; FIR:u_FIR_0|fir_3k4:u_fir_3k4_0|fir_3k4_0002:fir_3k4_inst|fir_3k4_0002_ast:fir_3k4_0002_ast_inst|fir_3k4_0002_rtl_core:\real_passthrough:hpfircore_core|u0_m0_wo0_mtree_add3_0_o[11]                                                  ; FIR:u_FIR_0|fir_3k4:u_fir_3k4_0|fir_3k4_0002:fir_3k4_inst|fir_3k4_0002_ast:fir_3k4_0002_ast_inst|fir_3k4_0002_rtl_core:\real_passthrough:hpfircore_core|u0_m0_wo0_accum_o[27]                   ; clk_50M      ; clk_50M     ; 20.000       ; -0.080     ; 4.174      ;
; 15.750 ; FIR:u_FIR_0|fir_3k4:u_fir_3k4_0|fir_3k4_0002:fir_3k4_inst|fir_3k4_0002_ast:fir_3k4_0002_ast_inst|fir_3k4_0002_rtl_core:\real_passthrough:hpfircore_core|u0_m0_wo0_mtree_add3_0_o[5]                                                   ; FIR:u_FIR_0|fir_3k4:u_fir_3k4_0|fir_3k4_0002:fir_3k4_inst|fir_3k4_0002_ast:fir_3k4_0002_ast_inst|fir_3k4_0002_rtl_core:\real_passthrough:hpfircore_core|u0_m0_wo0_accum_o[27]                   ; clk_50M      ; clk_50M     ; 20.000       ; -0.081     ; 4.170      ;
; 15.751 ; FIR:u_FIR_0|fir_3k4:u_fir_3k4_0|fir_3k4_0002:fir_3k4_inst|fir_3k4_0002_ast:fir_3k4_0002_ast_inst|fir_3k4_0002_rtl_core:\real_passthrough:hpfircore_core|u0_m0_wo0_mtree_add3_0_o[2]                                                   ; FIR:u_FIR_0|fir_3k4:u_fir_3k4_0|fir_3k4_0002:fir_3k4_inst|fir_3k4_0002_ast:fir_3k4_0002_ast_inst|fir_3k4_0002_rtl_core:\real_passthrough:hpfircore_core|u0_m0_wo0_accum_o[18]                   ; clk_50M      ; clk_50M     ; 20.000       ; -0.081     ; 4.169      ;
; 15.762 ; FIR:u_FIR_0|fir_3k4:u_fir_3k4_0|fir_3k4_0002:fir_3k4_inst|fir_3k4_0002_ast:fir_3k4_0002_ast_inst|fir_3k4_0002_rtl_core:\real_passthrough:hpfircore_core|u0_m0_wo0_mtree_add3_0_o[4]                                                   ; FIR:u_FIR_0|fir_3k4:u_fir_3k4_0|fir_3k4_0002:fir_3k4_inst|fir_3k4_0002_ast:fir_3k4_0002_ast_inst|fir_3k4_0002_rtl_core:\real_passthrough:hpfircore_core|u0_m0_wo0_accum_o[19]                   ; clk_50M      ; clk_50M     ; 20.000       ; -0.081     ; 4.158      ;
; 15.776 ; FIR:u_FIR_0|fir_3k4:u_fir_3k4_0|fir_3k4_0002:fir_3k4_inst|fir_3k4_0002_ast:fir_3k4_0002_ast_inst|fir_3k4_0002_rtl_core:\real_passthrough:hpfircore_core|u0_m0_wo0_mtree_add3_0_o[6]                                                   ; FIR:u_FIR_0|fir_3k4:u_fir_3k4_0|fir_3k4_0002:fir_3k4_inst|fir_3k4_0002_ast:fir_3k4_0002_ast_inst|fir_3k4_0002_rtl_core:\real_passthrough:hpfircore_core|u0_m0_wo0_accum_o[21]                   ; clk_50M      ; clk_50M     ; 20.000       ; -0.081     ; 4.144      ;
; 15.792 ; FIR:u_FIR_0|fir_3k4:u_fir_3k4_0|fir_3k4_0002:fir_3k4_inst|fir_3k4_0002_ast:fir_3k4_0002_ast_inst|fir_3k4_0002_rtl_core:\real_passthrough:hpfircore_core|u0_m0_wo0_mtree_add3_0_o[4]                                                   ; FIR:u_FIR_0|fir_3k4:u_fir_3k4_0|fir_3k4_0002:fir_3k4_inst|fir_3k4_0002_ast:fir_3k4_0002_ast_inst|fir_3k4_0002_rtl_core:\real_passthrough:hpfircore_core|u0_m0_wo0_accum_o[20]                   ; clk_50M      ; clk_50M     ; 20.000       ; -0.081     ; 4.128      ;
; 15.799 ; FIR:u_FIR_0|fir_3k4:u_fir_3k4_0|fir_3k4_0002:fir_3k4_inst|fir_3k4_0002_ast:fir_3k4_0002_ast_inst|fir_3k4_0002_rtl_core:\real_passthrough:hpfircore_core|u0_m0_wo0_mtree_add3_0_o[11]                                                  ; FIR:u_FIR_0|fir_3k4:u_fir_3k4_0|fir_3k4_0002:fir_3k4_inst|fir_3k4_0002_ast:fir_3k4_0002_ast_inst|fir_3k4_0002_rtl_core:\real_passthrough:hpfircore_core|u0_m0_wo0_accum_o[26]                   ; clk_50M      ; clk_50M     ; 20.000       ; -0.080     ; 4.122      ;
; 15.804 ; FIR:u_FIR_0|fir_3k4:u_fir_3k4_0|fir_3k4_0002:fir_3k4_inst|fir_3k4_0002_ast:fir_3k4_0002_ast_inst|fir_3k4_0002_rtl_core:\real_passthrough:hpfircore_core|u0_m0_wo0_mtree_add3_0_o[8]                                                   ; FIR:u_FIR_0|fir_3k4:u_fir_3k4_0|fir_3k4_0002:fir_3k4_inst|fir_3k4_0002_ast:fir_3k4_0002_ast_inst|fir_3k4_0002_rtl_core:\real_passthrough:hpfircore_core|u0_m0_wo0_accum_o[25]                   ; clk_50M      ; clk_50M     ; 20.000       ; -0.081     ; 4.116      ;
; 15.806 ; FIR:u_FIR_0|fir_3k4:u_fir_3k4_0|fir_3k4_0002:fir_3k4_inst|fir_3k4_0002_ast:fir_3k4_0002_ast_inst|fir_3k4_0002_rtl_core:\real_passthrough:hpfircore_core|u0_m0_wo0_mtree_add3_0_o[6]                                                   ; FIR:u_FIR_0|fir_3k4:u_fir_3k4_0|fir_3k4_0002:fir_3k4_inst|fir_3k4_0002_ast:fir_3k4_0002_ast_inst|fir_3k4_0002_rtl_core:\real_passthrough:hpfircore_core|u0_m0_wo0_accum_o[22]                   ; clk_50M      ; clk_50M     ; 20.000       ; -0.081     ; 4.114      ;
; 15.814 ; FIR:u_FIR_0|fir_3k4:u_fir_3k4_0|fir_3k4_0002:fir_3k4_inst|fir_3k4_0002_ast:fir_3k4_0002_ast_inst|fir_3k4_0002_rtl_core:\real_passthrough:hpfircore_core|lpm_mult:u0_m0_wo0_mtree_mult1_12_component|mult_9bu:auto_generated|result[1] ; FIR:u_FIR_0|fir_3k4:u_fir_3k4_0|fir_3k4_0002:fir_3k4_inst|fir_3k4_0002_ast:fir_3k4_0002_ast_inst|fir_3k4_0002_rtl_core:\real_passthrough:hpfircore_core|u0_m0_wo0_mtree_add0_6_o[16]            ; clk_50M      ; clk_50M     ; 20.000       ; 0.048      ; 4.235      ;
; 15.818 ; FIR:u_FIR_0|fir_3k4:u_fir_3k4_0|fir_3k4_0002:fir_3k4_inst|fir_3k4_0002_ast:fir_3k4_0002_ast_inst|fir_3k4_0002_rtl_core:\real_passthrough:hpfircore_core|u0_m0_wo0_mtree_add3_0_o[3]                                                   ; FIR:u_FIR_0|fir_3k4:u_fir_3k4_0|fir_3k4_0002:fir_3k4_inst|fir_3k4_0002_ast:fir_3k4_0002_ast_inst|fir_3k4_0002_rtl_core:\real_passthrough:hpfircore_core|u0_m0_wo0_accum_o[23]                   ; clk_50M      ; clk_50M     ; 20.000       ; -0.081     ; 4.102      ;
; 15.819 ; FIR:u_FIR_0|fir_3k4:u_fir_3k4_0|fir_3k4_0002:fir_3k4_inst|fir_3k4_0002_ast:fir_3k4_0002_ast_inst|fir_3k4_0002_rtl_core:\real_passthrough:hpfircore_core|u0_m0_wo0_mtree_add3_0_o[3]                                                   ; FIR:u_FIR_0|fir_3k4:u_fir_3k4_0|fir_3k4_0002:fir_3k4_inst|fir_3k4_0002_ast:fir_3k4_0002_ast_inst|fir_3k4_0002_rtl_core:\real_passthrough:hpfircore_core|u0_m0_wo0_accum_o[22]                   ; clk_50M      ; clk_50M     ; 20.000       ; -0.081     ; 4.101      ;
; 15.829 ; FIR:u_FIR_0|fir_3k4:u_fir_3k4_0|fir_3k4_0002:fir_3k4_inst|fir_3k4_0002_ast:fir_3k4_0002_ast_inst|fir_3k4_0002_rtl_core:\real_passthrough:hpfircore_core|u0_m0_wo0_wi0_r0_we20_seq_eq                                                  ; FIR:u_FIR_0|fir_3k4:u_fir_3k4_0|fir_3k4_0002:fir_3k4_inst|fir_3k4_0002_ast:fir_3k4_0002_ast_inst|fir_3k4_0002_rtl_core:\real_passthrough:hpfircore_core|u0_m0_wo0_wi0_r0_we20_seq_q[0]          ; clk_50M      ; clk_50M     ; 20.000       ; -0.081     ; 4.091      ;
; 15.834 ; FIR:u_FIR_0|fir_3k4:u_fir_3k4_0|fir_3k4_0002:fir_3k4_inst|fir_3k4_0002_ast:fir_3k4_0002_ast_inst|fir_3k4_0002_rtl_core:\real_passthrough:hpfircore_core|u0_m0_wo0_mtree_add3_0_o[8]                                                   ; FIR:u_FIR_0|fir_3k4:u_fir_3k4_0|fir_3k4_0002:fir_3k4_inst|fir_3k4_0002_ast:fir_3k4_0002_ast_inst|fir_3k4_0002_rtl_core:\real_passthrough:hpfircore_core|u0_m0_wo0_accum_o[26]                   ; clk_50M      ; clk_50M     ; 20.000       ; -0.081     ; 4.086      ;
; 15.858 ; FIR:u_FIR_0|fir_3k4:u_fir_3k4_0|fir_3k4_0002:fir_3k4_inst|fir_3k4_0002_ast:fir_3k4_0002_ast_inst|fir_3k4_0002_rtl_core:\real_passthrough:hpfircore_core|u0_m0_wo0_mtree_add3_0_o[7]                                                   ; FIR:u_FIR_0|fir_3k4:u_fir_3k4_0|fir_3k4_0002:fir_3k4_inst|fir_3k4_0002_ast:fir_3k4_0002_ast_inst|fir_3k4_0002_rtl_core:\real_passthrough:hpfircore_core|u0_m0_wo0_accum_o[26]                   ; clk_50M      ; clk_50M     ; 20.000       ; -0.081     ; 4.062      ;
; 15.858 ; FIR:u_FIR_0|fir_3k4:u_fir_3k4_0|fir_3k4_0002:fir_3k4_inst|fir_3k4_0002_ast:fir_3k4_0002_ast_inst|fir_3k4_0002_rtl_core:\real_passthrough:hpfircore_core|u0_m0_wo0_mtree_add3_0_o[0]                                                   ; FIR:u_FIR_0|fir_3k4:u_fir_3k4_0|fir_3k4_0002:fir_3k4_inst|fir_3k4_0002_ast:fir_3k4_0002_ast_inst|fir_3k4_0002_rtl_core:\real_passthrough:hpfircore_core|u0_m0_wo0_accum_o[23]                   ; clk_50M      ; clk_50M     ; 20.000       ; -0.081     ; 4.062      ;
; 15.860 ; FIR:u_FIR_0|fir_3k4:u_fir_3k4_0|fir_3k4_0002:fir_3k4_inst|fir_3k4_0002_ast:fir_3k4_0002_ast_inst|fir_3k4_0002_rtl_core:\real_passthrough:hpfircore_core|u0_m0_wo0_wi0_r0_ra20_count0_inner_i[8]                                       ; FIR:u_FIR_0|fir_3k4:u_fir_3k4_0|fir_3k4_0002:fir_3k4_inst|fir_3k4_0002_ast:fir_3k4_0002_ast_inst|fir_3k4_0002_rtl_core:\real_passthrough:hpfircore_core|u0_m0_wo0_wi0_r0_ra20_count0_inner_i[3] ; clk_50M      ; clk_50M     ; 20.000       ; -0.080     ; 4.061      ;
; 15.866 ; FIR:u_FIR_0|fir_3k4:u_fir_3k4_0|fir_3k4_0002:fir_3k4_inst|fir_3k4_0002_ast:fir_3k4_0002_ast_inst|fir_3k4_0002_rtl_core:\real_passthrough:hpfircore_core|u0_m0_wo0_mtree_add3_0_o[7]                                                   ; FIR:u_FIR_0|fir_3k4:u_fir_3k4_0|fir_3k4_0002:fir_3k4_inst|fir_3k4_0002_ast:fir_3k4_0002_ast_inst|fir_3k4_0002_rtl_core:\real_passthrough:hpfircore_core|u0_m0_wo0_accum_o[27]                   ; clk_50M      ; clk_50M     ; 20.000       ; -0.081     ; 4.054      ;
; 15.867 ; FIR:u_FIR_0|fir_3k4:u_fir_3k4_0|fir_3k4_0002:fir_3k4_inst|fir_3k4_0002_ast:fir_3k4_0002_ast_inst|fir_3k4_0002_rtl_core:\real_passthrough:hpfircore_core|u0_m0_wo0_mtree_add3_0_o[2]                                                   ; FIR:u_FIR_0|fir_3k4:u_fir_3k4_0|fir_3k4_0002:fir_3k4_inst|fir_3k4_0002_ast:fir_3k4_0002_ast_inst|fir_3k4_0002_rtl_core:\real_passthrough:hpfircore_core|u0_m0_wo0_accum_o[15]                   ; clk_50M      ; clk_50M     ; 20.000       ; -0.081     ; 4.053      ;
; 15.868 ; FIR:u_FIR_0|fir_3k4:u_fir_3k4_0|fir_3k4_0002:fir_3k4_inst|fir_3k4_0002_ast:fir_3k4_0002_ast_inst|fir_3k4_0002_rtl_core:\real_passthrough:hpfircore_core|u0_m0_wo0_mtree_add3_0_o[1]                                                   ; FIR:u_FIR_0|fir_3k4:u_fir_3k4_0|fir_3k4_0002:fir_3k4_inst|fir_3k4_0002_ast:fir_3k4_0002_ast_inst|fir_3k4_0002_rtl_core:\real_passthrough:hpfircore_core|u0_m0_wo0_accum_o[20]                   ; clk_50M      ; clk_50M     ; 20.000       ; -0.081     ; 4.052      ;
; 15.875 ; FIR:u_FIR_0|fir_3k4:u_fir_3k4_0|fir_3k4_0002:fir_3k4_inst|fir_3k4_0002_ast:fir_3k4_0002_ast_inst|fir_3k4_0002_rtl_core:\real_passthrough:hpfircore_core|u0_m0_wo0_mtree_add3_0_o[1]                                                   ; FIR:u_FIR_0|fir_3k4:u_fir_3k4_0|fir_3k4_0002:fir_3k4_inst|fir_3k4_0002_ast:fir_3k4_0002_ast_inst|fir_3k4_0002_rtl_core:\real_passthrough:hpfircore_core|u0_m0_wo0_accum_o[21]                   ; clk_50M      ; clk_50M     ; 20.000       ; -0.081     ; 4.045      ;
; 15.881 ; FIR:u_FIR_0|fir_3k4:u_fir_3k4_0|fir_3k4_0002:fir_3k4_inst|fir_3k4_0002_ast:fir_3k4_0002_ast_inst|fir_3k4_0002_rtl_core:\real_passthrough:hpfircore_core|u0_m0_wo0_mtree_add3_0_o[5]                                                   ; FIR:u_FIR_0|fir_3k4:u_fir_3k4_0|fir_3k4_0002:fir_3k4_inst|fir_3k4_0002_ast:fir_3k4_0002_ast_inst|fir_3k4_0002_rtl_core:\real_passthrough:hpfircore_core|u0_m0_wo0_accum_o[24]                   ; clk_50M      ; clk_50M     ; 20.000       ; -0.081     ; 4.039      ;
; 15.888 ; FIR:u_FIR_0|fir_3k4:u_fir_3k4_0|fir_3k4_0002:fir_3k4_inst|fir_3k4_0002_ast:fir_3k4_0002_ast_inst|fir_3k4_0002_rtl_core:\real_passthrough:hpfircore_core|u0_m0_wo0_mtree_add3_0_o[0]                                                   ; FIR:u_FIR_0|fir_3k4:u_fir_3k4_0|fir_3k4_0002:fir_3k4_inst|fir_3k4_0002_ast:fir_3k4_0002_ast_inst|fir_3k4_0002_rtl_core:\real_passthrough:hpfircore_core|u0_m0_wo0_accum_o[24]                   ; clk_50M      ; clk_50M     ; 20.000       ; -0.081     ; 4.032      ;
; 15.890 ; FIR:u_FIR_0|fir_3k4:u_fir_3k4_0|fir_3k4_0002:fir_3k4_inst|fir_3k4_0002_ast:fir_3k4_0002_ast_inst|fir_3k4_0002_rtl_core:\real_passthrough:hpfircore_core|u0_m0_wo0_wi0_r0_ra20_count0_inner_i[8]                                       ; FIR:u_FIR_0|fir_3k4:u_fir_3k4_0|fir_3k4_0002:fir_3k4_inst|fir_3k4_0002_ast:fir_3k4_0002_ast_inst|fir_3k4_0002_rtl_core:\real_passthrough:hpfircore_core|u0_m0_wo0_wi0_r0_ra20_count0_inner_i[4] ; clk_50M      ; clk_50M     ; 20.000       ; -0.080     ; 4.031      ;
; 15.891 ; FIR:u_FIR_0|fir_3k4:u_fir_3k4_0|fir_3k4_0002:fir_3k4_inst|fir_3k4_0002_ast:fir_3k4_0002_ast_inst|fir_3k4_0002_rtl_core:\real_passthrough:hpfircore_core|u0_m0_wo0_mtree_add3_0_o[9]                                                   ; FIR:u_FIR_0|fir_3k4:u_fir_3k4_0|fir_3k4_0002:fir_3k4_inst|fir_3k4_0002_ast:fir_3k4_0002_ast_inst|fir_3k4_0002_rtl_core:\real_passthrough:hpfircore_core|u0_m0_wo0_accum_o[28]                   ; clk_50M      ; clk_50M     ; 20.000       ; -0.081     ; 4.029      ;
; 15.893 ; FIR:u_FIR_0|fir_3k4:u_fir_3k4_0|fir_3k4_0002:fir_3k4_inst|fir_3k4_0002_ast:fir_3k4_0002_ast_inst|fir_3k4_0002_rtl_core:\real_passthrough:hpfircore_core|u0_m0_wo0_mtree_add3_0_o[11]                                                  ; FIR:u_FIR_0|fir_3k4:u_fir_3k4_0|fir_3k4_0002:fir_3k4_inst|fir_3k4_0002_ast:fir_3k4_0002_ast_inst|fir_3k4_0002_rtl_core:\real_passthrough:hpfircore_core|u0_m0_wo0_accum_o[25]                   ; clk_50M      ; clk_50M     ; 20.000       ; -0.080     ; 4.028      ;
; 15.896 ; FIR:u_FIR_0|fir_3k4:u_fir_3k4_0|fir_3k4_0002:fir_3k4_inst|fir_3k4_0002_ast:fir_3k4_0002_ast_inst|fir_3k4_0002_rtl_core:\real_passthrough:hpfircore_core|u0_m0_wo0_mtree_add3_0_o[5]                                                   ; FIR:u_FIR_0|fir_3k4:u_fir_3k4_0|fir_3k4_0002:fir_3k4_inst|fir_3k4_0002_ast:fir_3k4_0002_ast_inst|fir_3k4_0002_rtl_core:\real_passthrough:hpfircore_core|u0_m0_wo0_accum_o[25]                   ; clk_50M      ; clk_50M     ; 20.000       ; -0.081     ; 4.024      ;
; 15.897 ; FIR:u_FIR_0|fir_3k4:u_fir_3k4_0|fir_3k4_0002:fir_3k4_inst|fir_3k4_0002_ast:fir_3k4_0002_ast_inst|fir_3k4_0002_rtl_core:\real_passthrough:hpfircore_core|u0_m0_wo0_mtree_add3_0_o[2]                                                   ; FIR:u_FIR_0|fir_3k4:u_fir_3k4_0|fir_3k4_0002:fir_3k4_inst|fir_3k4_0002_ast:fir_3k4_0002_ast_inst|fir_3k4_0002_rtl_core:\real_passthrough:hpfircore_core|u0_m0_wo0_accum_o[16]                   ; clk_50M      ; clk_50M     ; 20.000       ; -0.081     ; 4.023      ;
; 15.900 ; FIR:u_FIR_0|fir_3k4:u_fir_3k4_0|fir_3k4_0002:fir_3k4_inst|fir_3k4_0002_ast:fir_3k4_0002_ast_inst|fir_3k4_0002_rtl_core:\real_passthrough:hpfircore_core|lpm_mult:u0_m0_wo0_mtree_mult1_12_component|mult_9bu:auto_generated|result[1] ; FIR:u_FIR_0|fir_3k4:u_fir_3k4_0|fir_3k4_0002:fir_3k4_inst|fir_3k4_0002_ast:fir_3k4_0002_ast_inst|fir_3k4_0002_rtl_core:\real_passthrough:hpfircore_core|u0_m0_wo0_mtree_add0_6_o[15]            ; clk_50M      ; clk_50M     ; 20.000       ; 0.048      ; 4.149      ;
; 15.908 ; FIR:u_FIR_0|fir_3k4:u_fir_3k4_0|fir_3k4_0002:fir_3k4_inst|fir_3k4_0002_ast:fir_3k4_0002_ast_inst|fir_3k4_0002_rtl_core:\real_passthrough:hpfircore_core|u0_m0_wo0_mtree_add3_0_o[4]                                                   ; FIR:u_FIR_0|fir_3k4:u_fir_3k4_0|fir_3k4_0002:fir_3k4_inst|fir_3k4_0002_ast:fir_3k4_0002_ast_inst|fir_3k4_0002_rtl_core:\real_passthrough:hpfircore_core|u0_m0_wo0_accum_o[17]                   ; clk_50M      ; clk_50M     ; 20.000       ; -0.081     ; 4.012      ;
; 15.917 ; FIR:u_FIR_0|fir_3k4:u_fir_3k4_0|fir_3k4_0002:fir_3k4_inst|fir_3k4_0002_ast:fir_3k4_0002_ast_inst|fir_3k4_0002_rtl_core:\real_passthrough:hpfircore_core|\u0_m0_wo0_run_clkproc:u0_m0_wo0_run_enable_c[4]                              ; FIR:u_FIR_0|fir_3k4:u_fir_3k4_0|fir_3k4_0002:fir_3k4_inst|fir_3k4_0002_ast:fir_3k4_0002_ast_inst|fir_3k4_0002_rtl_core:\real_passthrough:hpfircore_core|u0_m0_wo0_run_enableQ[0]                ; clk_50M      ; clk_50M     ; 20.000       ; -0.100     ; 3.984      ;
; 15.922 ; FIR:u_FIR_0|fir_3k4:u_fir_3k4_0|fir_3k4_0002:fir_3k4_inst|fir_3k4_0002_ast:fir_3k4_0002_ast_inst|fir_3k4_0002_rtl_core:\real_passthrough:hpfircore_core|u0_m0_wo0_mtree_add0_3_o[5]                                                   ; FIR:u_FIR_0|fir_3k4:u_fir_3k4_0|fir_3k4_0002:fir_3k4_inst|fir_3k4_0002_ast:fir_3k4_0002_ast_inst|fir_3k4_0002_rtl_core:\real_passthrough:hpfircore_core|u0_m0_wo0_mtree_add3_0_o[19]            ; clk_50M      ; clk_50M     ; 20.000       ; -0.080     ; 3.999      ;
; 15.922 ; FIR:u_FIR_0|fir_3k4:u_fir_3k4_0|fir_3k4_0002:fir_3k4_inst|fir_3k4_0002_ast:fir_3k4_0002_ast_inst|fir_3k4_0002_rtl_core:\real_passthrough:hpfircore_core|u0_m0_wo0_mtree_add3_0_o[6]                                                   ; FIR:u_FIR_0|fir_3k4:u_fir_3k4_0|fir_3k4_0002:fir_3k4_inst|fir_3k4_0002_ast:fir_3k4_0002_ast_inst|fir_3k4_0002_rtl_core:\real_passthrough:hpfircore_core|u0_m0_wo0_accum_o[19]                   ; clk_50M      ; clk_50M     ; 20.000       ; -0.081     ; 3.998      ;
; 15.938 ; FIR:u_FIR_0|fir_3k4:u_fir_3k4_0|fir_3k4_0002:fir_3k4_inst|fir_3k4_0002_ast:fir_3k4_0002_ast_inst|fir_3k4_0002_rtl_core:\real_passthrough:hpfircore_core|u0_m0_wo0_mtree_add3_0_o[4]                                                   ; FIR:u_FIR_0|fir_3k4:u_fir_3k4_0|fir_3k4_0002:fir_3k4_inst|fir_3k4_0002_ast:fir_3k4_0002_ast_inst|fir_3k4_0002_rtl_core:\real_passthrough:hpfircore_core|u0_m0_wo0_accum_o[18]                   ; clk_50M      ; clk_50M     ; 20.000       ; -0.081     ; 3.982      ;
; 15.945 ; FIR:u_FIR_0|fir_3k4:u_fir_3k4_0|fir_3k4_0002:fir_3k4_inst|fir_3k4_0002_ast:fir_3k4_0002_ast_inst|fir_3k4_0002_rtl_core:\real_passthrough:hpfircore_core|u0_m0_wo0_mtree_add3_0_o[11]                                                  ; FIR:u_FIR_0|fir_3k4:u_fir_3k4_0|fir_3k4_0002:fir_3k4_inst|fir_3k4_0002_ast:fir_3k4_0002_ast_inst|fir_3k4_0002_rtl_core:\real_passthrough:hpfircore_core|u0_m0_wo0_accum_o[24]                   ; clk_50M      ; clk_50M     ; 20.000       ; -0.080     ; 3.976      ;
; 15.948 ; FIR:u_FIR_0|fir_3k4:u_fir_3k4_0|fir_3k4_0002:fir_3k4_inst|fir_3k4_0002_ast:fir_3k4_0002_ast_inst|fir_3k4_0002_rtl_core:\real_passthrough:hpfircore_core|\u0_m0_wo0_run_clkproc:u0_m0_wo0_run_enable_c[3]                              ; FIR:u_FIR_0|fir_3k4:u_fir_3k4_0|fir_3k4_0002:fir_3k4_inst|fir_3k4_0002_ast:fir_3k4_0002_ast_inst|fir_3k4_0002_rtl_core:\real_passthrough:hpfircore_core|u0_m0_wo0_run_enableQ[0]                ; clk_50M      ; clk_50M     ; 20.000       ; -0.100     ; 3.953      ;
; 15.950 ; FIR:u_FIR_0|fir_3k4:u_fir_3k4_0|fir_3k4_0002:fir_3k4_inst|fir_3k4_0002_ast:fir_3k4_0002_ast_inst|fir_3k4_0002_rtl_core:\real_passthrough:hpfircore_core|u0_m0_wo0_mtree_add3_0_o[8]                                                   ; FIR:u_FIR_0|fir_3k4:u_fir_3k4_0|fir_3k4_0002:fir_3k4_inst|fir_3k4_0002_ast:fir_3k4_0002_ast_inst|fir_3k4_0002_rtl_core:\real_passthrough:hpfircore_core|u0_m0_wo0_accum_o[23]                   ; clk_50M      ; clk_50M     ; 20.000       ; -0.081     ; 3.970      ;
; 15.952 ; FIR:u_FIR_0|fir_3k4:u_fir_3k4_0|fir_3k4_0002:fir_3k4_inst|fir_3k4_0002_ast:fir_3k4_0002_ast_inst|fir_3k4_0002_rtl_core:\real_passthrough:hpfircore_core|u0_m0_wo0_mtree_add3_0_o[6]                                                   ; FIR:u_FIR_0|fir_3k4:u_fir_3k4_0|fir_3k4_0002:fir_3k4_inst|fir_3k4_0002_ast:fir_3k4_0002_ast_inst|fir_3k4_0002_rtl_core:\real_passthrough:hpfircore_core|u0_m0_wo0_accum_o[20]                   ; clk_50M      ; clk_50M     ; 20.000       ; -0.081     ; 3.968      ;
; 15.960 ; FIR:u_FIR_0|fir_3k4:u_fir_3k4_0|fir_3k4_0002:fir_3k4_inst|fir_3k4_0002_ast:fir_3k4_0002_ast_inst|fir_3k4_0002_rtl_core:\real_passthrough:hpfircore_core|lpm_mult:u0_m0_wo0_mtree_mult1_12_component|mult_9bu:auto_generated|result[1] ; FIR:u_FIR_0|fir_3k4:u_fir_3k4_0|fir_3k4_0002:fir_3k4_inst|fir_3k4_0002_ast:fir_3k4_0002_ast_inst|fir_3k4_0002_rtl_core:\real_passthrough:hpfircore_core|u0_m0_wo0_mtree_add0_6_o[14]            ; clk_50M      ; clk_50M     ; 20.000       ; 0.048      ; 4.089      ;
; 15.964 ; FIR:u_FIR_0|fir_3k4:u_fir_3k4_0|fir_3k4_0002:fir_3k4_inst|fir_3k4_0002_ast:fir_3k4_0002_ast_inst|fir_3k4_0002_rtl_core:\real_passthrough:hpfircore_core|u0_m0_wo0_mtree_add3_0_o[3]                                                   ; FIR:u_FIR_0|fir_3k4:u_fir_3k4_0|fir_3k4_0002:fir_3k4_inst|fir_3k4_0002_ast:fir_3k4_0002_ast_inst|fir_3k4_0002_rtl_core:\real_passthrough:hpfircore_core|u0_m0_wo0_accum_o[21]                   ; clk_50M      ; clk_50M     ; 20.000       ; -0.081     ; 3.956      ;
; 15.965 ; FIR:u_FIR_0|fir_3k4:u_fir_3k4_0|fir_3k4_0002:fir_3k4_inst|fir_3k4_0002_ast:fir_3k4_0002_ast_inst|fir_3k4_0002_rtl_core:\real_passthrough:hpfircore_core|u0_m0_wo0_mtree_add3_0_o[3]                                                   ; FIR:u_FIR_0|fir_3k4:u_fir_3k4_0|fir_3k4_0002:fir_3k4_inst|fir_3k4_0002_ast:fir_3k4_0002_ast_inst|fir_3k4_0002_rtl_core:\real_passthrough:hpfircore_core|u0_m0_wo0_accum_o[20]                   ; clk_50M      ; clk_50M     ; 20.000       ; -0.081     ; 3.955      ;
; 15.971 ; FIR:u_FIR_0|fir_3k4:u_fir_3k4_0|fir_3k4_0002:fir_3k4_inst|fir_3k4_0002_ast:fir_3k4_0002_ast_inst|fir_3k4_0002_rtl_core:\real_passthrough:hpfircore_core|u0_m0_wo0_mtree_add0_3_o[5]                                                   ; FIR:u_FIR_0|fir_3k4:u_fir_3k4_0|fir_3k4_0002:fir_3k4_inst|fir_3k4_0002_ast:fir_3k4_0002_ast_inst|fir_3k4_0002_rtl_core:\real_passthrough:hpfircore_core|u0_m0_wo0_mtree_add3_0_o[18]            ; clk_50M      ; clk_50M     ; 20.000       ; -0.080     ; 3.950      ;
; 15.977 ; FIR:u_FIR_0|fir_3k4:u_fir_3k4_0|fir_3k4_0002:fir_3k4_inst|fir_3k4_0002_ast:fir_3k4_0002_ast_inst|fir_3k4_0002_rtl_core:\real_passthrough:hpfircore_core|u0_m0_wo0_accum_o[9]                                                          ; FIR:u_FIR_0|fir_3k4:u_fir_3k4_0|fir_3k4_0002:fir_3k4_inst|fir_3k4_0002_ast:fir_3k4_0002_ast_inst|fir_3k4_0002_rtl_core:\real_passthrough:hpfircore_core|u0_m0_wo0_accum_o[28]                   ; clk_50M      ; clk_50M     ; 20.000       ; -0.081     ; 3.943      ;
; 15.978 ; FIR:u_FIR_0|fir_3k4:u_fir_3k4_0|fir_3k4_0002:fir_3k4_inst|fir_3k4_0002_ast:fir_3k4_0002_ast_inst|fir_3k4_0002_rtl_core:\real_passthrough:hpfircore_core|\u0_m0_wo0_run_clkproc:u0_m0_wo0_run_enable_c[2]                              ; FIR:u_FIR_0|fir_3k4:u_fir_3k4_0|fir_3k4_0002:fir_3k4_inst|fir_3k4_0002_ast:fir_3k4_0002_ast_inst|fir_3k4_0002_rtl_core:\real_passthrough:hpfircore_core|u0_m0_wo0_run_enableQ[0]                ; clk_50M      ; clk_50M     ; 20.000       ; -0.100     ; 3.923      ;
; 15.980 ; FIR:u_FIR_0|fir_3k4:u_fir_3k4_0|fir_3k4_0002:fir_3k4_inst|fir_3k4_0002_ast:fir_3k4_0002_ast_inst|fir_3k4_0002_rtl_core:\real_passthrough:hpfircore_core|u0_m0_wo0_mtree_add3_0_o[8]                                                   ; FIR:u_FIR_0|fir_3k4:u_fir_3k4_0|fir_3k4_0002:fir_3k4_inst|fir_3k4_0002_ast:fir_3k4_0002_ast_inst|fir_3k4_0002_rtl_core:\real_passthrough:hpfircore_core|u0_m0_wo0_accum_o[24]                   ; clk_50M      ; clk_50M     ; 20.000       ; -0.081     ; 3.940      ;
; 15.983 ; FIR:u_FIR_0|fir_3k4:u_fir_3k4_0|fir_3k4_0002:fir_3k4_inst|fir_3k4_0002_ast:fir_3k4_0002_ast_inst|fir_3k4_0002_rtl_core:\real_passthrough:hpfircore_core|u0_m0_wo0_wi0_r0_ra20_count0_inner_i[8]                                       ; FIR:u_FIR_0|fir_3k4:u_fir_3k4_0|fir_3k4_0002:fir_3k4_inst|fir_3k4_0002_ast:fir_3k4_0002_ast_inst|fir_3k4_0002_rtl_core:\real_passthrough:hpfircore_core|u0_m0_wo0_wi0_r0_ra20_count0_i[7]       ; clk_50M      ; clk_50M     ; 20.000       ; -0.071     ; 3.947      ;
+--------+---------------------------------------------------------------------------------------------------------------------------------------------------------------------------------------------------------------------------------------+-------------------------------------------------------------------------------------------------------------------------------------------------------------------------------------------------+--------------+-------------+--------------+------------+------------+


+------------------------------------------------------------------------------------------------------------------------------------------------------------------------------------------------------------------------------------------------------------------------------------------------------------------------------------------------------------------------------------------------------------------------------------------------------------------------------------------------------------------------------------------------------------------------------------------------------+
; Slow 1200mV 85C Model Hold: 'clk_50M'                                                                                                                                                                                                                                                                                                                                                                                                                                                                                                                                                                ;
+-------+---------------------------------------------------------------------------------------------------------------------------------------------------------------------------------------------------------------------------------------+--------------------------------------------------------------------------------------------------------------------------------------------------------------------------------------------------------------------------------------------------------------------------------+--------------+-------------+--------------+------------+------------+
; Slack ; From Node                                                                                                                                                                                                                             ; To Node                                                                                                                                                                                                                                                                        ; Launch Clock ; Latch Clock ; Relationship ; Clock Skew ; Data Delay ;
+-------+---------------------------------------------------------------------------------------------------------------------------------------------------------------------------------------------------------------------------------------+--------------------------------------------------------------------------------------------------------------------------------------------------------------------------------------------------------------------------------------------------------------------------------+--------------+-------------+--------------+------------+------------+
; 0.387 ; FIR:u_FIR_0|fir_3k4:u_fir_3k4_0|fir_3k4_0002:fir_3k4_inst|fir_3k4_0002_ast:fir_3k4_0002_ast_inst|fir_3k4_0002_rtl_core:\real_passthrough:hpfircore_core|u0_m0_wo0_wi0_r0_ra20_count1_i[0]                                             ; FIR:u_FIR_0|fir_3k4:u_fir_3k4_0|fir_3k4_0002:fir_3k4_inst|fir_3k4_0002_ast:fir_3k4_0002_ast_inst|fir_3k4_0002_rtl_core:\real_passthrough:hpfircore_core|altsyncram:u0_m0_wo0_wi0_r0_ra20_count1_lut_lutmem_dmem|altsyncram_3bs3:auto_generated|ram_block1a0~porta_address_reg0 ; clk_50M      ; clk_50M     ; 0.000        ; 0.482      ; 1.123      ;
; 0.422 ; FIR:u_FIR_0|fir_3k4:u_fir_3k4_0|fir_3k4_0002:fir_3k4_inst|fir_3k4_0002_ast:fir_3k4_0002_ast_inst|fir_3k4_0002_rtl_core:\real_passthrough:hpfircore_core|dspba_delay:d_u0_m0_wo0_ca20_q_15|delay_signals[0][6]                         ; FIR:u_FIR_0|fir_3k4:u_fir_3k4_0|fir_3k4_0002:fir_3k4_inst|fir_3k4_0002_ast:fir_3k4_0002_ast_inst|fir_3k4_0002_rtl_core:\real_passthrough:hpfircore_core|altsyncram:u0_m0_wo0_cm13_lutmem_dmem|altsyncram_4kq3:auto_generated|ram_block1a0~porta_address_reg0                   ; clk_50M      ; clk_50M     ; 0.000        ; 0.480      ; 1.156      ;
; 0.423 ; FIR:u_FIR_0|fir_3k4:u_fir_3k4_0|fir_3k4_0002:fir_3k4_inst|fir_3k4_0002_ast:fir_3k4_0002_ast_inst|fir_3k4_0002_rtl_core:\real_passthrough:hpfircore_core|dspba_delay:d_u0_m0_wo0_ca20_q_14|delay_signals[0][2]                         ; FIR:u_FIR_0|fir_3k4:u_fir_3k4_0|fir_3k4_0002:fir_3k4_inst|fir_3k4_0002_ast:fir_3k4_0002_ast_inst|fir_3k4_0002_rtl_core:\real_passthrough:hpfircore_core|altsyncram:u0_m0_wo0_cm6_lutmem_dmem|altsyncram_miq3:auto_generated|ram_block1a0~porta_address_reg0                    ; clk_50M      ; clk_50M     ; 0.000        ; 0.474      ; 1.151      ;
; 0.424 ; FIR:u_FIR_0|fir_3k4:u_fir_3k4_0|fir_3k4_0002:fir_3k4_inst|fir_3k4_0002_ast:fir_3k4_0002_ast_inst|fir_3k4_0002_rtl_core:\real_passthrough:hpfircore_core|dspba_delay:d_u0_m0_wo0_ca20_q_15|delay_signals[0][1]                         ; FIR:u_FIR_0|fir_3k4:u_fir_3k4_0|fir_3k4_0002:fir_3k4_inst|fir_3k4_0002_ast:fir_3k4_0002_ast_inst|fir_3k4_0002_rtl_core:\real_passthrough:hpfircore_core|altsyncram:u0_m0_wo0_cm13_lutmem_dmem|altsyncram_4kq3:auto_generated|ram_block1a0~porta_address_reg0                   ; clk_50M      ; clk_50M     ; 0.000        ; 0.480      ; 1.158      ;
; 0.436 ; FIR:u_FIR_0|fir_3k4:u_fir_3k4_0|fir_3k4_0002:fir_3k4_inst|fir_3k4_0002_ast:fir_3k4_0002_ast_inst|fir_3k4_0002_rtl_core:\real_passthrough:hpfircore_core|dspba_delay:d_xIn_0_15|delay_signals[0][1]                                    ; FIR:u_FIR_0|fir_3k4:u_fir_3k4_0|fir_3k4_0002:fir_3k4_inst|fir_3k4_0002_ast:fir_3k4_0002_ast_inst|fir_3k4_0002_rtl_core:\real_passthrough:hpfircore_core|altsyncram:u0_m0_wo0_wi0_r0_memr0_dmem|altsyncram_cmn3:auto_generated|ram_block1a0~porta_datain_reg0                   ; clk_50M      ; clk_50M     ; 0.000        ; 0.497      ; 1.187      ;
; 0.446 ; FIR:u_FIR_0|fir_3k4:u_fir_3k4_0|fir_3k4_0002:fir_3k4_inst|fir_3k4_0002_ast:fir_3k4_0002_ast_inst|fir_3k4_0002_rtl_core:\real_passthrough:hpfircore_core|dspba_delay:d_xIn_0_15|delay_signals[0][3]                                    ; FIR:u_FIR_0|fir_3k4:u_fir_3k4_0|fir_3k4_0002:fir_3k4_inst|fir_3k4_0002_ast:fir_3k4_0002_ast_inst|fir_3k4_0002_rtl_core:\real_passthrough:hpfircore_core|altsyncram:u0_m0_wo0_wi0_r0_memr0_dmem|altsyncram_cmn3:auto_generated|ram_block1a0~porta_datain_reg0                   ; clk_50M      ; clk_50M     ; 0.000        ; 0.497      ; 1.197      ;
; 0.447 ; FIR:u_FIR_0|fir_3k4:u_fir_3k4_0|fir_3k4_0002:fir_3k4_inst|fir_3k4_0002_ast:fir_3k4_0002_ast_inst|fir_3k4_0002_rtl_core:\real_passthrough:hpfircore_core|dspba_delay:d_u0_m0_wo0_ca20_q_15|delay_signals[0][2]                         ; FIR:u_FIR_0|fir_3k4:u_fir_3k4_0|fir_3k4_0002:fir_3k4_inst|fir_3k4_0002_ast:fir_3k4_0002_ast_inst|fir_3k4_0002_rtl_core:\real_passthrough:hpfircore_core|altsyncram:u0_m0_wo0_cm13_lutmem_dmem|altsyncram_4kq3:auto_generated|ram_block1a0~porta_address_reg0                   ; clk_50M      ; clk_50M     ; 0.000        ; 0.482      ; 1.183      ;
; 0.450 ; FIR:u_FIR_0|fir_3k4:u_fir_3k4_0|fir_3k4_0002:fir_3k4_inst|fir_3k4_0002_ast:fir_3k4_0002_ast_inst|fir_3k4_0002_rtl_core:\real_passthrough:hpfircore_core|dspba_delay:d_u0_m0_wo0_ca20_q_15|delay_signals[0][5]                         ; FIR:u_FIR_0|fir_3k4:u_fir_3k4_0|fir_3k4_0002:fir_3k4_inst|fir_3k4_0002_ast:fir_3k4_0002_ast_inst|fir_3k4_0002_rtl_core:\real_passthrough:hpfircore_core|altsyncram:u0_m0_wo0_cm13_lutmem_dmem|altsyncram_4kq3:auto_generated|ram_block1a0~porta_address_reg0                   ; clk_50M      ; clk_50M     ; 0.000        ; 0.473      ; 1.177      ;
; 0.452 ; FIR:u_FIR_0|fir_3k4:u_fir_3k4_0|fir_3k4_0002:fir_3k4_inst|fir_3k4_0002_ast:fir_3k4_0002_ast_inst|fir_3k4_0002_rtl_core:\real_passthrough:hpfircore_core|\u0_m0_wo0_run_clkproc:u0_m0_wo0_run_enable_c[0]                              ; FIR:u_FIR_0|fir_3k4:u_fir_3k4_0|fir_3k4_0002:fir_3k4_inst|fir_3k4_0002_ast:fir_3k4_0002_ast_inst|fir_3k4_0002_rtl_core:\real_passthrough:hpfircore_core|\u0_m0_wo0_run_clkproc:u0_m0_wo0_run_enable_c[0]                                                                       ; clk_50M      ; clk_50M     ; 0.000        ; 0.082      ; 0.746      ;
; 0.453 ; FIR:u_FIR_0|fir_3k4:u_fir_3k4_0|fir_3k4_0002:fir_3k4_inst|fir_3k4_0002_ast:fir_3k4_0002_ast_inst|fir_3k4_0002_rtl_core:\real_passthrough:hpfircore_core|u0_m0_wo0_ca20_eq                                                             ; FIR:u_FIR_0|fir_3k4:u_fir_3k4_0|fir_3k4_0002:fir_3k4_inst|fir_3k4_0002_ast:fir_3k4_0002_ast_inst|fir_3k4_0002_rtl_core:\real_passthrough:hpfircore_core|u0_m0_wo0_ca20_eq                                                                                                      ; clk_50M      ; clk_50M     ; 0.000        ; 0.081      ; 0.746      ;
; 0.453 ; FIR:u_FIR_0|fir_3k4:u_fir_3k4_0|fir_3k4_0002:fir_3k4_inst|fir_3k4_0002_ast:fir_3k4_0002_ast_inst|fir_3k4_0002_rtl_core:\real_passthrough:hpfircore_core|u0_m0_wo0_ca20_i[0]                                                           ; FIR:u_FIR_0|fir_3k4:u_fir_3k4_0|fir_3k4_0002:fir_3k4_inst|fir_3k4_0002_ast:fir_3k4_0002_ast_inst|fir_3k4_0002_rtl_core:\real_passthrough:hpfircore_core|u0_m0_wo0_ca20_i[0]                                                                                                    ; clk_50M      ; clk_50M     ; 0.000        ; 0.081      ; 0.746      ;
; 0.453 ; FIR:u_FIR_0|fir_3k4:u_fir_3k4_0|fir_3k4_0002:fir_3k4_inst|fir_3k4_0002_ast:fir_3k4_0002_ast_inst|fir_3k4_0002_rtl_core:\real_passthrough:hpfircore_core|u0_m0_wo0_wi0_r0_wa20_i[0]                                                    ; FIR:u_FIR_0|fir_3k4:u_fir_3k4_0|fir_3k4_0002:fir_3k4_inst|fir_3k4_0002_ast:fir_3k4_0002_ast_inst|fir_3k4_0002_rtl_core:\real_passthrough:hpfircore_core|u0_m0_wo0_wi0_r0_wa20_i[0]                                                                                             ; clk_50M      ; clk_50M     ; 0.000        ; 0.081      ; 0.746      ;
; 0.453 ; FIR:u_FIR_0|fir_3k4:u_fir_3k4_0|fir_3k4_0002:fir_3k4_inst|fir_3k4_0002_ast:fir_3k4_0002_ast_inst|fir_3k4_0002_rtl_core:\real_passthrough:hpfircore_core|\u0_m0_wo0_wi0_r0_we20_seq_clkproc:u0_m0_wo0_wi0_r0_we20_seq_c[0]             ; FIR:u_FIR_0|fir_3k4:u_fir_3k4_0|fir_3k4_0002:fir_3k4_inst|fir_3k4_0002_ast:fir_3k4_0002_ast_inst|fir_3k4_0002_rtl_core:\real_passthrough:hpfircore_core|\u0_m0_wo0_wi0_r0_we20_seq_clkproc:u0_m0_wo0_wi0_r0_we20_seq_c[0]                                                      ; clk_50M      ; clk_50M     ; 0.000        ; 0.081      ; 0.746      ;
; 0.453 ; FIR:u_FIR_0|fir_3k4:u_fir_3k4_0|fir_3k4_0002:fir_3k4_inst|fir_3k4_0002_ast:fir_3k4_0002_ast_inst|fir_3k4_0002_rtl_core:\real_passthrough:hpfircore_core|u0_m0_wo0_wi0_r0_wa0_i[0]                                                     ; FIR:u_FIR_0|fir_3k4:u_fir_3k4_0|fir_3k4_0002:fir_3k4_inst|fir_3k4_0002_ast:fir_3k4_0002_ast_inst|fir_3k4_0002_rtl_core:\real_passthrough:hpfircore_core|u0_m0_wo0_wi0_r0_wa0_i[0]                                                                                              ; clk_50M      ; clk_50M     ; 0.000        ; 0.081      ; 0.746      ;
; 0.453 ; FIR:u_FIR_0|fir_3k4:u_fir_3k4_0|fir_3k4_0002:fir_3k4_inst|fir_3k4_0002_ast:fir_3k4_0002_ast_inst|fir_3k4_0002_rtl_core:\real_passthrough:hpfircore_core|u0_m0_wo0_aseq_eq                                                             ; FIR:u_FIR_0|fir_3k4:u_fir_3k4_0|fir_3k4_0002:fir_3k4_inst|fir_3k4_0002_ast:fir_3k4_0002_ast_inst|fir_3k4_0002_rtl_core:\real_passthrough:hpfircore_core|u0_m0_wo0_aseq_eq                                                                                                      ; clk_50M      ; clk_50M     ; 0.000        ; 0.081      ; 0.746      ;
; 0.453 ; FIR:u_FIR_0|fir_3k4:u_fir_3k4_0|fir_3k4_0002:fir_3k4_inst|fir_3k4_0002_ast:fir_3k4_0002_ast_inst|fir_3k4_0002_rtl_core:\real_passthrough:hpfircore_core|\u0_m0_wo0_aseq_clkproc:u0_m0_wo0_aseq_c[0]                                   ; FIR:u_FIR_0|fir_3k4:u_fir_3k4_0|fir_3k4_0002:fir_3k4_inst|fir_3k4_0002_ast:fir_3k4_0002_ast_inst|fir_3k4_0002_rtl_core:\real_passthrough:hpfircore_core|\u0_m0_wo0_aseq_clkproc:u0_m0_wo0_aseq_c[0]                                                                            ; clk_50M      ; clk_50M     ; 0.000        ; 0.081      ; 0.746      ;
; 0.453 ; FIR:u_FIR_0|fir_3k4:u_fir_3k4_0|fir_3k4_0002:fir_3k4_inst|fir_3k4_0002_ast:fir_3k4_0002_ast_inst|fir_3k4_0002_rtl_core:\real_passthrough:hpfircore_core|u0_m0_wo0_run_count[1]                                                        ; FIR:u_FIR_0|fir_3k4:u_fir_3k4_0|fir_3k4_0002:fir_3k4_inst|fir_3k4_0002_ast:fir_3k4_0002_ast_inst|fir_3k4_0002_rtl_core:\real_passthrough:hpfircore_core|u0_m0_wo0_run_count[1]                                                                                                 ; clk_50M      ; clk_50M     ; 0.000        ; 0.081      ; 0.746      ;
; 0.453 ; FIR:u_FIR_0|fir_3k4:u_fir_3k4_0|fir_3k4_0002:fir_3k4_inst|fir_3k4_0002_ast:fir_3k4_0002_ast_inst|fir_3k4_0002_rtl_core:\real_passthrough:hpfircore_core|u0_m0_wo0_run_count[0]                                                        ; FIR:u_FIR_0|fir_3k4:u_fir_3k4_0|fir_3k4_0002:fir_3k4_inst|fir_3k4_0002_ast:fir_3k4_0002_ast_inst|fir_3k4_0002_rtl_core:\real_passthrough:hpfircore_core|u0_m0_wo0_run_count[0]                                                                                                 ; clk_50M      ; clk_50M     ; 0.000        ; 0.081      ; 0.746      ;
; 0.454 ; FIR:u_FIR_0|fir_3k4:u_fir_3k4_0|fir_3k4_0002:fir_3k4_inst|fir_3k4_0002_ast:fir_3k4_0002_ast_inst|fir_3k4_0002_rtl_core:\real_passthrough:hpfircore_core|u0_m0_wo0_wi0_r0_ra20_count0_i[0]                                             ; FIR:u_FIR_0|fir_3k4:u_fir_3k4_0|fir_3k4_0002:fir_3k4_inst|fir_3k4_0002_ast:fir_3k4_0002_ast_inst|fir_3k4_0002_rtl_core:\real_passthrough:hpfircore_core|u0_m0_wo0_wi0_r0_ra20_count0_i[0]                                                                                      ; clk_50M      ; clk_50M     ; 0.000        ; 0.080      ; 0.746      ;
; 0.454 ; FIR:u_FIR_0|fir_3k4:u_fir_3k4_0|fir_3k4_0002:fir_3k4_inst|fir_3k4_0002_ast:fir_3k4_0002_ast_inst|fir_3k4_0002_rtl_core:\real_passthrough:hpfircore_core|u0_m0_wo0_wi0_r0_ra20_count0_inner_i[0]                                       ; FIR:u_FIR_0|fir_3k4:u_fir_3k4_0|fir_3k4_0002:fir_3k4_inst|fir_3k4_0002_ast:fir_3k4_0002_ast_inst|fir_3k4_0002_rtl_core:\real_passthrough:hpfircore_core|u0_m0_wo0_wi0_r0_ra20_count0_inner_i[0]                                                                                ; clk_50M      ; clk_50M     ; 0.000        ; 0.080      ; 0.746      ;
; 0.454 ; FIR:u_FIR_0|fir_3k4:u_fir_3k4_0|fir_3k4_0002:fir_3k4_inst|fir_3k4_0002_ast:fir_3k4_0002_ast_inst|fir_3k4_0002_rtl_core:\real_passthrough:hpfircore_core|u0_m0_wo0_wi0_r0_ra20_count1_eq                                               ; FIR:u_FIR_0|fir_3k4:u_fir_3k4_0|fir_3k4_0002:fir_3k4_inst|fir_3k4_0002_ast:fir_3k4_0002_ast_inst|fir_3k4_0002_rtl_core:\real_passthrough:hpfircore_core|u0_m0_wo0_wi0_r0_ra20_count1_eq                                                                                        ; clk_50M      ; clk_50M     ; 0.000        ; 0.080      ; 0.746      ;
; 0.454 ; FIR:u_FIR_0|fir_3k4:u_fir_3k4_0|fir_3k4_0002:fir_3k4_inst|fir_3k4_0002_ast:fir_3k4_0002_ast_inst|fir_3k4_0002_rtl_core:\real_passthrough:hpfircore_core|u0_m0_wo0_wi0_r0_ra20_count1_i[0]                                             ; FIR:u_FIR_0|fir_3k4:u_fir_3k4_0|fir_3k4_0002:fir_3k4_inst|fir_3k4_0002_ast:fir_3k4_0002_ast_inst|fir_3k4_0002_rtl_core:\real_passthrough:hpfircore_core|u0_m0_wo0_wi0_r0_ra20_count1_i[0]                                                                                      ; clk_50M      ; clk_50M     ; 0.000        ; 0.080      ; 0.746      ;
; 0.466 ; FIR:u_FIR_0|fir_3k4:u_fir_3k4_0|fir_3k4_0002:fir_3k4_inst|fir_3k4_0002_ast:fir_3k4_0002_ast_inst|fir_3k4_0002_rtl_core:\real_passthrough:hpfircore_core|u0_m0_wo0_wi0_r0_wa20_i[4]                                                    ; FIR:u_FIR_0|fir_3k4:u_fir_3k4_0|fir_3k4_0002:fir_3k4_inst|fir_3k4_0002_ast:fir_3k4_0002_ast_inst|fir_3k4_0002_rtl_core:\real_passthrough:hpfircore_core|altsyncram:u0_m0_wo0_wi0_r0_memr1_dmem|altsyncram_gpn3:auto_generated|ram_block1a4~porta_address_reg0                  ; clk_50M      ; clk_50M     ; 0.000        ; 0.474      ; 1.194      ;
; 0.476 ; FIR:u_FIR_0|fir_3k4:u_fir_3k4_0|fir_3k4_0002:fir_3k4_inst|fir_3k4_0002_ast:fir_3k4_0002_ast_inst|fir_3k4_0002_rtl_core:\real_passthrough:hpfircore_core|altsyncram:u0_m0_wo0_wi0_r0_memr1_dmem|altsyncram_gpn3:auto_generated|q_b[14] ; FIR:u_FIR_0|fir_3k4:u_fir_3k4_0|fir_3k4_0002:fir_3k4_inst|fir_3k4_0002_ast:fir_3k4_0002_ast_inst|fir_3k4_0002_rtl_core:\real_passthrough:hpfircore_core|altsyncram:u0_m0_wo0_wi0_r0_memr1_dmem|altsyncram_gpn3:auto_generated|ram_block1a0~porta_datain_reg0                   ; clk_50M      ; clk_50M     ; 0.000        ; 0.169      ; 0.899      ;
; 0.477 ; FIR:u_FIR_0|fir_3k4:u_fir_3k4_0|fir_3k4_0002:fir_3k4_inst|fir_3k4_0002_ast:fir_3k4_0002_ast_inst|fir_3k4_0002_rtl_core:\real_passthrough:hpfircore_core|altsyncram:u0_m0_wo0_wi0_r0_memr1_dmem|altsyncram_gpn3:auto_generated|q_b[26] ; FIR:u_FIR_0|fir_3k4:u_fir_3k4_0|fir_3k4_0002:fir_3k4_inst|fir_3k4_0002_ast:fir_3k4_0002_ast_inst|fir_3k4_0002_rtl_core:\real_passthrough:hpfircore_core|altsyncram:u0_m0_wo0_wi0_r0_memr1_dmem|altsyncram_gpn3:auto_generated|ram_block1a0~porta_datain_reg0                   ; clk_50M      ; clk_50M     ; 0.000        ; 0.169      ; 0.900      ;
; 0.477 ; FIR:u_FIR_0|fir_3k4:u_fir_3k4_0|fir_3k4_0002:fir_3k4_inst|fir_3k4_0002_ast:fir_3k4_0002_ast_inst|fir_3k4_0002_rtl_core:\real_passthrough:hpfircore_core|dspba_delay:d_xIn_0_15|delay_signals[0][6]                                    ; FIR:u_FIR_0|fir_3k4:u_fir_3k4_0|fir_3k4_0002:fir_3k4_inst|fir_3k4_0002_ast:fir_3k4_0002_ast_inst|fir_3k4_0002_rtl_core:\real_passthrough:hpfircore_core|altsyncram:u0_m0_wo0_wi0_r0_memr0_dmem|altsyncram_cmn3:auto_generated|ram_block1a0~porta_datain_reg0                   ; clk_50M      ; clk_50M     ; 0.000        ; 0.497      ; 1.228      ;
; 0.478 ; FIR:u_FIR_0|fir_3k4:u_fir_3k4_0|fir_3k4_0002:fir_3k4_inst|fir_3k4_0002_ast:fir_3k4_0002_ast_inst|fir_3k4_0002_rtl_core:\real_passthrough:hpfircore_core|altsyncram:u0_m0_wo0_wi0_r0_memr1_dmem|altsyncram_gpn3:auto_generated|q_b[16] ; FIR:u_FIR_0|fir_3k4:u_fir_3k4_0|fir_3k4_0002:fir_3k4_inst|fir_3k4_0002_ast:fir_3k4_0002_ast_inst|fir_3k4_0002_rtl_core:\real_passthrough:hpfircore_core|altsyncram:u0_m0_wo0_wi0_r0_memr1_dmem|altsyncram_gpn3:auto_generated|ram_block1a0~porta_datain_reg0                   ; clk_50M      ; clk_50M     ; 0.000        ; 0.169      ; 0.901      ;
; 0.478 ; FIR:u_FIR_0|fir_3k4:u_fir_3k4_0|fir_3k4_0002:fir_3k4_inst|fir_3k4_0002_ast:fir_3k4_0002_ast_inst|fir_3k4_0002_rtl_core:\real_passthrough:hpfircore_core|altsyncram:u0_m0_wo0_wi0_r0_memr1_dmem|altsyncram_gpn3:auto_generated|q_b[28] ; FIR:u_FIR_0|fir_3k4:u_fir_3k4_0|fir_3k4_0002:fir_3k4_inst|fir_3k4_0002_ast:fir_3k4_0002_ast_inst|fir_3k4_0002_rtl_core:\real_passthrough:hpfircore_core|altsyncram:u0_m0_wo0_wi0_r0_memr1_dmem|altsyncram_gpn3:auto_generated|ram_block1a0~porta_datain_reg0                   ; clk_50M      ; clk_50M     ; 0.000        ; 0.169      ; 0.901      ;
; 0.481 ; FIR:u_FIR_0|fir_3k4:u_fir_3k4_0|fir_3k4_0002:fir_3k4_inst|fir_3k4_0002_ast:fir_3k4_0002_ast_inst|fir_3k4_0002_rtl_core:\real_passthrough:hpfircore_core|altsyncram:u0_m0_wo0_wi0_r0_memr1_dmem|altsyncram_gpn3:auto_generated|q_b[19] ; FIR:u_FIR_0|fir_3k4:u_fir_3k4_0|fir_3k4_0002:fir_3k4_inst|fir_3k4_0002_ast:fir_3k4_0002_ast_inst|fir_3k4_0002_rtl_core:\real_passthrough:hpfircore_core|altsyncram:u0_m0_wo0_wi0_r0_memr1_dmem|altsyncram_gpn3:auto_generated|ram_block1a0~porta_datain_reg0                   ; clk_50M      ; clk_50M     ; 0.000        ; 0.169      ; 0.904      ;
; 0.483 ; FIR:u_FIR_0|fir_3k4:u_fir_3k4_0|fir_3k4_0002:fir_3k4_inst|fir_3k4_0002_ast:fir_3k4_0002_ast_inst|fir_3k4_0002_rtl_core:\real_passthrough:hpfircore_core|altsyncram:u0_m0_wo0_wi0_r0_memr1_dmem|altsyncram_gpn3:auto_generated|q_b[22] ; FIR:u_FIR_0|fir_3k4:u_fir_3k4_0|fir_3k4_0002:fir_3k4_inst|fir_3k4_0002_ast:fir_3k4_0002_ast_inst|fir_3k4_0002_rtl_core:\real_passthrough:hpfircore_core|altsyncram:u0_m0_wo0_wi0_r0_memr1_dmem|altsyncram_gpn3:auto_generated|ram_block1a0~porta_datain_reg0                   ; clk_50M      ; clk_50M     ; 0.000        ; 0.169      ; 0.906      ;
; 0.484 ; FIR:u_FIR_0|fir_3k4:u_fir_3k4_0|fir_3k4_0002:fir_3k4_inst|fir_3k4_0002_ast:fir_3k4_0002_ast_inst|fir_3k4_0002_rtl_core:\real_passthrough:hpfircore_core|u0_m0_wo0_run_count[0]                                                        ; FIR:u_FIR_0|fir_3k4:u_fir_3k4_0|fir_3k4_0002:fir_3k4_inst|fir_3k4_0002_ast:fir_3k4_0002_ast_inst|fir_3k4_0002_rtl_core:\real_passthrough:hpfircore_core|u0_m0_wo0_run_count[1]                                                                                                 ; clk_50M      ; clk_50M     ; 0.000        ; 0.081      ; 0.777      ;
; 0.485 ; FIR:u_FIR_0|fir_3k4:u_fir_3k4_0|fir_3k4_0002:fir_3k4_inst|fir_3k4_0002_ast:fir_3k4_0002_ast_inst|fir_3k4_0002_rtl_core:\real_passthrough:hpfircore_core|altsyncram:u0_m0_wo0_wi0_r0_memr1_dmem|altsyncram_gpn3:auto_generated|q_b[62] ; FIR:u_FIR_0|fir_3k4:u_fir_3k4_0|fir_3k4_0002:fir_3k4_inst|fir_3k4_0002_ast:fir_3k4_0002_ast_inst|fir_3k4_0002_rtl_core:\real_passthrough:hpfircore_core|altsyncram:u0_m0_wo0_wi0_r0_memr1_dmem|altsyncram_gpn3:auto_generated|ram_block1a40~porta_datain_reg0                  ; clk_50M      ; clk_50M     ; 0.000        ; 0.169      ; 0.908      ;
; 0.486 ; FIR:u_FIR_0|fir_3k4:u_fir_3k4_0|fir_3k4_0002:fir_3k4_inst|fir_3k4_0002_ast:fir_3k4_0002_ast_inst|fir_3k4_0002_rtl_core:\real_passthrough:hpfircore_core|altsyncram:u0_m0_wo0_wi0_r0_memr9_dmem|altsyncram_gpn3:auto_generated|q_b[30] ; FIR:u_FIR_0|fir_3k4:u_fir_3k4_0|fir_3k4_0002:fir_3k4_inst|fir_3k4_0002_ast:fir_3k4_0002_ast_inst|fir_3k4_0002_rtl_core:\real_passthrough:hpfircore_core|altsyncram:u0_m0_wo0_wi0_r0_memr9_dmem|altsyncram_gpn3:auto_generated|ram_block1a8~porta_datain_reg0                   ; clk_50M      ; clk_50M     ; 0.000        ; 0.168      ; 0.908      ;
; 0.486 ; FIR:u_FIR_0|fir_3k4:u_fir_3k4_0|fir_3k4_0002:fir_3k4_inst|fir_3k4_0002_ast:fir_3k4_0002_ast_inst|auk_dspip_avalon_streaming_source_hpfir:source|data_out[28]                                                                          ; FIR:u_FIR_0|lpf_data[7]                                                                                                                                                                                                                                                        ; clk_50M      ; clk_50M     ; 0.000        ; 0.081      ; 0.779      ;
; 0.487 ; FIR:u_FIR_0|fir_3k4:u_fir_3k4_0|fir_3k4_0002:fir_3k4_inst|fir_3k4_0002_ast:fir_3k4_0002_ast_inst|fir_3k4_0002_rtl_core:\real_passthrough:hpfircore_core|altsyncram:u0_m0_wo0_wi0_r0_memr1_dmem|altsyncram_gpn3:auto_generated|q_b[52] ; FIR:u_FIR_0|fir_3k4:u_fir_3k4_0|fir_3k4_0002:fir_3k4_inst|fir_3k4_0002_ast:fir_3k4_0002_ast_inst|fir_3k4_0002_rtl_core:\real_passthrough:hpfircore_core|altsyncram:u0_m0_wo0_wi0_r0_memr1_dmem|altsyncram_gpn3:auto_generated|ram_block1a40~porta_datain_reg0                  ; clk_50M      ; clk_50M     ; 0.000        ; 0.169      ; 0.910      ;
; 0.488 ; FIR:u_FIR_0|fir_3k4:u_fir_3k4_0|fir_3k4_0002:fir_3k4_inst|fir_3k4_0002_ast:fir_3k4_0002_ast_inst|fir_3k4_0002_rtl_core:\real_passthrough:hpfircore_core|altsyncram:u0_m0_wo0_wi0_r0_memr9_dmem|altsyncram_gpn3:auto_generated|q_b[24] ; FIR:u_FIR_0|fir_3k4:u_fir_3k4_0|fir_3k4_0002:fir_3k4_inst|fir_3k4_0002_ast:fir_3k4_0002_ast_inst|fir_3k4_0002_rtl_core:\real_passthrough:hpfircore_core|altsyncram:u0_m0_wo0_wi0_r0_memr9_dmem|altsyncram_gpn3:auto_generated|ram_block1a8~porta_datain_reg0                   ; clk_50M      ; clk_50M     ; 0.000        ; 0.168      ; 0.910      ;
; 0.488 ; FIR:u_FIR_0|fir_3k4:u_fir_3k4_0|fir_3k4_0002:fir_3k4_inst|fir_3k4_0002_ast:fir_3k4_0002_ast_inst|fir_3k4_0002_rtl_core:\real_passthrough:hpfircore_core|altsyncram:u0_m0_wo0_wi0_r0_memr9_dmem|altsyncram_gpn3:auto_generated|q_b[27] ; FIR:u_FIR_0|fir_3k4:u_fir_3k4_0|fir_3k4_0002:fir_3k4_inst|fir_3k4_0002_ast:fir_3k4_0002_ast_inst|fir_3k4_0002_rtl_core:\real_passthrough:hpfircore_core|altsyncram:u0_m0_wo0_wi0_r0_memr9_dmem|altsyncram_gpn3:auto_generated|ram_block1a8~porta_datain_reg0                   ; clk_50M      ; clk_50M     ; 0.000        ; 0.168      ; 0.910      ;
; 0.488 ; FIR:u_FIR_0|fir_3k4:u_fir_3k4_0|fir_3k4_0002:fir_3k4_inst|fir_3k4_0002_ast:fir_3k4_0002_ast_inst|fir_3k4_0002_rtl_core:\real_passthrough:hpfircore_core|u0_m0_wo0_wi0_r0_wa20_i[0]                                                    ; FIR:u_FIR_0|fir_3k4:u_fir_3k4_0|fir_3k4_0002:fir_3k4_inst|fir_3k4_0002_ast:fir_3k4_0002_ast_inst|fir_3k4_0002_rtl_core:\real_passthrough:hpfircore_core|altsyncram:u0_m0_wo0_wi0_r0_memr1_dmem|altsyncram_gpn3:auto_generated|ram_block1a40~porta_address_reg0                 ; clk_50M      ; clk_50M     ; 0.000        ; 0.472      ; 1.214      ;
; 0.490 ; FIR:u_FIR_0|fir_3k4:u_fir_3k4_0|fir_3k4_0002:fir_3k4_inst|fir_3k4_0002_ast:fir_3k4_0002_ast_inst|fir_3k4_0002_rtl_core:\real_passthrough:hpfircore_core|altsyncram:u0_m0_wo0_wi0_r0_memr1_dmem|altsyncram_gpn3:auto_generated|q_b[50] ; FIR:u_FIR_0|fir_3k4:u_fir_3k4_0|fir_3k4_0002:fir_3k4_inst|fir_3k4_0002_ast:fir_3k4_0002_ast_inst|fir_3k4_0002_rtl_core:\real_passthrough:hpfircore_core|altsyncram:u0_m0_wo0_wi0_r0_memr1_dmem|altsyncram_gpn3:auto_generated|ram_block1a40~porta_datain_reg0                  ; clk_50M      ; clk_50M     ; 0.000        ; 0.169      ; 0.913      ;
; 0.490 ; FIR:u_FIR_0|fir_3k4:u_fir_3k4_0|fir_3k4_0002:fir_3k4_inst|fir_3k4_0002_ast:fir_3k4_0002_ast_inst|fir_3k4_0002_rtl_core:\real_passthrough:hpfircore_core|altsyncram:u0_m0_wo0_wi0_r0_memr1_dmem|altsyncram_gpn3:auto_generated|q_b[55] ; FIR:u_FIR_0|fir_3k4:u_fir_3k4_0|fir_3k4_0002:fir_3k4_inst|fir_3k4_0002_ast:fir_3k4_0002_ast_inst|fir_3k4_0002_rtl_core:\real_passthrough:hpfircore_core|altsyncram:u0_m0_wo0_wi0_r0_memr1_dmem|altsyncram_gpn3:auto_generated|ram_block1a40~porta_datain_reg0                  ; clk_50M      ; clk_50M     ; 0.000        ; 0.169      ; 0.913      ;
; 0.490 ; FIR:u_FIR_0|fir_3k4:u_fir_3k4_0|fir_3k4_0002:fir_3k4_inst|fir_3k4_0002_ast:fir_3k4_0002_ast_inst|fir_3k4_0002_rtl_core:\real_passthrough:hpfircore_core|altsyncram:u0_m0_wo0_wi0_r0_memr1_dmem|altsyncram_gpn3:auto_generated|q_b[58] ; FIR:u_FIR_0|fir_3k4:u_fir_3k4_0|fir_3k4_0002:fir_3k4_inst|fir_3k4_0002_ast:fir_3k4_0002_ast_inst|fir_3k4_0002_rtl_core:\real_passthrough:hpfircore_core|altsyncram:u0_m0_wo0_wi0_r0_memr1_dmem|altsyncram_gpn3:auto_generated|ram_block1a40~porta_datain_reg0                  ; clk_50M      ; clk_50M     ; 0.000        ; 0.169      ; 0.913      ;
; 0.492 ; FIR:u_FIR_0|fir_3k4:u_fir_3k4_0|fir_3k4_0002:fir_3k4_inst|fir_3k4_0002_ast:fir_3k4_0002_ast_inst|fir_3k4_0002_rtl_core:\real_passthrough:hpfircore_core|altsyncram:u0_m0_wo0_wi0_r0_memr9_dmem|altsyncram_gpn3:auto_generated|q_b[22] ; FIR:u_FIR_0|fir_3k4:u_fir_3k4_0|fir_3k4_0002:fir_3k4_inst|fir_3k4_0002_ast:fir_3k4_0002_ast_inst|fir_3k4_0002_rtl_core:\real_passthrough:hpfircore_core|altsyncram:u0_m0_wo0_wi0_r0_memr9_dmem|altsyncram_gpn3:auto_generated|ram_block1a8~porta_datain_reg0                   ; clk_50M      ; clk_50M     ; 0.000        ; 0.168      ; 0.914      ;
; 0.495 ; FIR:u_FIR_0|fir_3k4:u_fir_3k4_0|fir_3k4_0002:fir_3k4_inst|fir_3k4_0002_ast:fir_3k4_0002_ast_inst|fir_3k4_0002_rtl_core:\real_passthrough:hpfircore_core|altsyncram:u0_m0_wo0_wi0_r0_memr9_dmem|altsyncram_gpn3:auto_generated|q_b[34] ; FIR:u_FIR_0|fir_3k4:u_fir_3k4_0|fir_3k4_0002:fir_3k4_inst|fir_3k4_0002_ast:fir_3k4_0002_ast_inst|fir_3k4_0002_rtl_core:\real_passthrough:hpfircore_core|altsyncram:u0_m0_wo0_wi0_r0_memr9_dmem|altsyncram_gpn3:auto_generated|ram_block1a8~porta_datain_reg0                   ; clk_50M      ; clk_50M     ; 0.000        ; 0.168      ; 0.917      ;
; 0.500 ; FIR:u_FIR_0|fir_3k4:u_fir_3k4_0|fir_3k4_0002:fir_3k4_inst|fir_3k4_0002_ast:fir_3k4_0002_ast_inst|fir_3k4_0002_rtl_core:\real_passthrough:hpfircore_core|dspba_delay:d_u0_m0_wo0_wi0_r0_split9_g_17|delay_signals[1][4]                ; FIR:u_FIR_0|fir_3k4:u_fir_3k4_0|fir_3k4_0002:fir_3k4_inst|fir_3k4_0002_ast:fir_3k4_0002_ast_inst|fir_3k4_0002_rtl_core:\real_passthrough:hpfircore_core|dspba_delay:d_u0_m0_wo0_wi0_r0_split9_g_17|delay_signals[0][4]                                                         ; clk_50M      ; clk_50M     ; 0.000        ; 0.082      ; 0.794      ;
; 0.500 ; FIR:u_FIR_0|fir_3k4:u_fir_3k4_0|fir_3k4_0002:fir_3k4_inst|fir_3k4_0002_ast:fir_3k4_0002_ast_inst|fir_3k4_0002_rtl_core:\real_passthrough:hpfircore_core|dspba_delay:d_xIn_0_15|delay_signals[1][4]                                    ; FIR:u_FIR_0|fir_3k4:u_fir_3k4_0|fir_3k4_0002:fir_3k4_inst|fir_3k4_0002_ast:fir_3k4_0002_ast_inst|fir_3k4_0002_rtl_core:\real_passthrough:hpfircore_core|dspba_delay:d_xIn_0_15|delay_signals[0][4]                                                                             ; clk_50M      ; clk_50M     ; 0.000        ; 0.082      ; 0.794      ;
; 0.500 ; FIR:u_FIR_0|fir_3k4:u_fir_3k4_0|fir_3k4_0002:fir_3k4_inst|fir_3k4_0002_ast:fir_3k4_0002_ast_inst|fir_3k4_0002_rtl_core:\real_passthrough:hpfircore_core|dspba_delay:d_xIn_0_15|delay_signals[4][4]                                    ; FIR:u_FIR_0|fir_3k4:u_fir_3k4_0|fir_3k4_0002:fir_3k4_inst|fir_3k4_0002_ast:fir_3k4_0002_ast_inst|fir_3k4_0002_rtl_core:\real_passthrough:hpfircore_core|dspba_delay:d_xIn_0_15|delay_signals[3][4]                                                                             ; clk_50M      ; clk_50M     ; 0.000        ; 0.082      ; 0.794      ;
; 0.501 ; FIR:u_FIR_0|fir_3k4:u_fir_3k4_0|fir_3k4_0002:fir_3k4_inst|fir_3k4_0002_ast:fir_3k4_0002_ast_inst|auk_dspip_avalon_streaming_source_hpfir:source|data_out[15]                                                                          ; FIR:u_FIR_0|lpf_data[2]                                                                                                                                                                                                                                                        ; clk_50M      ; clk_50M     ; 0.000        ; 0.081      ; 0.794      ;
; 0.501 ; FIR:u_FIR_0|fir_3k4:u_fir_3k4_0|fir_3k4_0002:fir_3k4_inst|fir_3k4_0002_ast:fir_3k4_0002_ast_inst|fir_3k4_0002_rtl_core:\real_passthrough:hpfircore_core|dspba_delay:d_u0_m0_wo0_wi0_r0_split9_f_17|delay_signals[1][4]                ; FIR:u_FIR_0|fir_3k4:u_fir_3k4_0|fir_3k4_0002:fir_3k4_inst|fir_3k4_0002_ast:fir_3k4_0002_ast_inst|fir_3k4_0002_rtl_core:\real_passthrough:hpfircore_core|dspba_delay:d_u0_m0_wo0_wi0_r0_split9_f_17|delay_signals[0][4]                                                         ; clk_50M      ; clk_50M     ; 0.000        ; 0.081      ; 0.794      ;
; 0.501 ; FIR:u_FIR_0|fir_3k4:u_fir_3k4_0|fir_3k4_0002:fir_3k4_inst|fir_3k4_0002_ast:fir_3k4_0002_ast_inst|fir_3k4_0002_rtl_core:\real_passthrough:hpfircore_core|dspba_delay:d_u0_m0_wo0_wi0_r0_split9_g_17|delay_signals[1][0]                ; FIR:u_FIR_0|fir_3k4:u_fir_3k4_0|fir_3k4_0002:fir_3k4_inst|fir_3k4_0002_ast:fir_3k4_0002_ast_inst|fir_3k4_0002_rtl_core:\real_passthrough:hpfircore_core|dspba_delay:d_u0_m0_wo0_wi0_r0_split9_g_17|delay_signals[0][0]                                                         ; clk_50M      ; clk_50M     ; 0.000        ; 0.081      ; 0.794      ;
; 0.501 ; FIR:u_FIR_0|fir_3k4:u_fir_3k4_0|fir_3k4_0002:fir_3k4_inst|fir_3k4_0002_ast:fir_3k4_0002_ast_inst|fir_3k4_0002_rtl_core:\real_passthrough:hpfircore_core|dspba_delay:d_xIn_0_15|delay_signals[2][0]                                    ; FIR:u_FIR_0|fir_3k4:u_fir_3k4_0|fir_3k4_0002:fir_3k4_inst|fir_3k4_0002_ast:fir_3k4_0002_ast_inst|fir_3k4_0002_rtl_core:\real_passthrough:hpfircore_core|dspba_delay:d_xIn_0_15|delay_signals[1][0]                                                                             ; clk_50M      ; clk_50M     ; 0.000        ; 0.081      ; 0.794      ;
; 0.501 ; FIR:u_FIR_0|fir_3k4:u_fir_3k4_0|fir_3k4_0002:fir_3k4_inst|fir_3k4_0002_ast:fir_3k4_0002_ast_inst|fir_3k4_0002_rtl_core:\real_passthrough:hpfircore_core|dspba_delay:d_in0_m0_wi0_wo0_assign_id1_q_15|delay_signals[2][0]              ; FIR:u_FIR_0|fir_3k4:u_fir_3k4_0|fir_3k4_0002:fir_3k4_inst|fir_3k4_0002_ast:fir_3k4_0002_ast_inst|fir_3k4_0002_rtl_core:\real_passthrough:hpfircore_core|dspba_delay:d_in0_m0_wi0_wo0_assign_id1_q_15|delay_signals[1][0]                                                       ; clk_50M      ; clk_50M     ; 0.000        ; 0.081      ; 0.794      ;
; 0.501 ; FIR:u_FIR_0|fir_3k4:u_fir_3k4_0|fir_3k4_0002:fir_3k4_inst|fir_3k4_0002_ast:fir_3k4_0002_ast_inst|fir_3k4_0002_rtl_core:\real_passthrough:hpfircore_core|dspba_delay:d_in0_m0_wi0_wo0_assign_id1_q_15|delay_signals[3][0]              ; FIR:u_FIR_0|fir_3k4:u_fir_3k4_0|fir_3k4_0002:fir_3k4_inst|fir_3k4_0002_ast:fir_3k4_0002_ast_inst|fir_3k4_0002_rtl_core:\real_passthrough:hpfircore_core|dspba_delay:d_in0_m0_wi0_wo0_assign_id1_q_15|delay_signals[2][0]                                                       ; clk_50M      ; clk_50M     ; 0.000        ; 0.081      ; 0.794      ;
; 0.501 ; FIR:u_FIR_0|fir_3k4:u_fir_3k4_0|fir_3k4_0002:fir_3k4_inst|fir_3k4_0002_ast:fir_3k4_0002_ast_inst|fir_3k4_0002_rtl_core:\real_passthrough:hpfircore_core|dspba_delay:d_xIn_0_15|delay_signals[1][1]                                    ; FIR:u_FIR_0|fir_3k4:u_fir_3k4_0|fir_3k4_0002:fir_3k4_inst|fir_3k4_0002_ast:fir_3k4_0002_ast_inst|fir_3k4_0002_rtl_core:\real_passthrough:hpfircore_core|dspba_delay:d_xIn_0_15|delay_signals[0][1]                                                                             ; clk_50M      ; clk_50M     ; 0.000        ; 0.080      ; 0.793      ;
; 0.501 ; FIR:u_FIR_0|fir_3k4:u_fir_3k4_0|fir_3k4_0002:fir_3k4_inst|fir_3k4_0002_ast:fir_3k4_0002_ast_inst|fir_3k4_0002_rtl_core:\real_passthrough:hpfircore_core|dspba_delay:d_xIn_0_15|delay_signals[3][4]                                    ; FIR:u_FIR_0|fir_3k4:u_fir_3k4_0|fir_3k4_0002:fir_3k4_inst|fir_3k4_0002_ast:fir_3k4_0002_ast_inst|fir_3k4_0002_rtl_core:\real_passthrough:hpfircore_core|dspba_delay:d_xIn_0_15|delay_signals[2][4]                                                                             ; clk_50M      ; clk_50M     ; 0.000        ; 0.082      ; 0.795      ;
; 0.501 ; FIR:u_FIR_0|fir_3k4:u_fir_3k4_0|fir_3k4_0002:fir_3k4_inst|fir_3k4_0002_ast:fir_3k4_0002_ast_inst|fir_3k4_0002_rtl_core:\real_passthrough:hpfircore_core|dspba_delay:d_xIn_0_15|delay_signals[1][5]                                    ; FIR:u_FIR_0|fir_3k4:u_fir_3k4_0|fir_3k4_0002:fir_3k4_inst|fir_3k4_0002_ast:fir_3k4_0002_ast_inst|fir_3k4_0002_rtl_core:\real_passthrough:hpfircore_core|dspba_delay:d_xIn_0_15|delay_signals[0][5]                                                                             ; clk_50M      ; clk_50M     ; 0.000        ; 0.082      ; 0.795      ;
; 0.501 ; FIR:u_FIR_0|fir_3k4:u_fir_3k4_0|fir_3k4_0002:fir_3k4_inst|fir_3k4_0002_ast:fir_3k4_0002_ast_inst|fir_3k4_0002_rtl_core:\real_passthrough:hpfircore_core|dspba_delay:d_xIn_0_15|delay_signals[4][5]                                    ; FIR:u_FIR_0|fir_3k4:u_fir_3k4_0|fir_3k4_0002:fir_3k4_inst|fir_3k4_0002_ast:fir_3k4_0002_ast_inst|fir_3k4_0002_rtl_core:\real_passthrough:hpfircore_core|dspba_delay:d_xIn_0_15|delay_signals[3][5]                                                                             ; clk_50M      ; clk_50M     ; 0.000        ; 0.082      ; 0.795      ;
; 0.501 ; FIR:u_FIR_0|fir_3k4:u_fir_3k4_0|fir_3k4_0002:fir_3k4_inst|fir_3k4_0002_ast:fir_3k4_0002_ast_inst|fir_3k4_0002_rtl_core:\real_passthrough:hpfircore_core|dspba_delay:d_xIn_0_15|delay_signals[1][7]                                    ; FIR:u_FIR_0|fir_3k4:u_fir_3k4_0|fir_3k4_0002:fir_3k4_inst|fir_3k4_0002_ast:fir_3k4_0002_ast_inst|fir_3k4_0002_rtl_core:\real_passthrough:hpfircore_core|dspba_delay:d_xIn_0_15|delay_signals[0][7]                                                                             ; clk_50M      ; clk_50M     ; 0.000        ; 0.080      ; 0.793      ;
; 0.501 ; FIR:u_FIR_0|fir_3k4:u_fir_3k4_0|fir_3k4_0002:fir_3k4_inst|fir_3k4_0002_ast:fir_3k4_0002_ast_inst|fir_3k4_0002_rtl_core:\real_passthrough:hpfircore_core|dspba_delay:d_u0_m0_wo0_compute_q_20|delay_signals[3][0]                      ; FIR:u_FIR_0|fir_3k4:u_fir_3k4_0|fir_3k4_0002:fir_3k4_inst|fir_3k4_0002_ast:fir_3k4_0002_ast_inst|fir_3k4_0002_rtl_core:\real_passthrough:hpfircore_core|dspba_delay:d_u0_m0_wo0_compute_q_20|delay_signals[2][0]                                                               ; clk_50M      ; clk_50M     ; 0.000        ; 0.081      ; 0.794      ;
; 0.501 ; FIR:u_FIR_0|fir_3k4:u_fir_3k4_0|fir_3k4_0002:fir_3k4_inst|fir_3k4_0002_ast:fir_3k4_0002_ast_inst|fir_3k4_0002_rtl_core:\real_passthrough:hpfircore_core|dspba_delay:d_u0_m0_wo0_compute_q_20|delay_signals[4][0]                      ; FIR:u_FIR_0|fir_3k4:u_fir_3k4_0|fir_3k4_0002:fir_3k4_inst|fir_3k4_0002_ast:fir_3k4_0002_ast_inst|fir_3k4_0002_rtl_core:\real_passthrough:hpfircore_core|dspba_delay:d_u0_m0_wo0_compute_q_20|delay_signals[3][0]                                                               ; clk_50M      ; clk_50M     ; 0.000        ; 0.081      ; 0.794      ;
; 0.502 ; FIR:u_FIR_0|fir_3k4:u_fir_3k4_0|fir_3k4_0002:fir_3k4_inst|fir_3k4_0002_ast:fir_3k4_0002_ast_inst|fir_3k4_0002_rtl_core:\real_passthrough:hpfircore_core|u0_m0_wo0_run_q[0]                                                            ; FIR:u_FIR_0|fir_3k4:u_fir_3k4_0|fir_3k4_0002:fir_3k4_inst|fir_3k4_0002_ast:fir_3k4_0002_ast_inst|fir_3k4_0002_rtl_core:\real_passthrough:hpfircore_core|dspba_delay:u0_m0_wo0_memread|delay_signals[0][0]                                                                      ; clk_50M      ; clk_50M     ; 0.000        ; 0.080      ; 0.794      ;
; 0.502 ; FIR:u_FIR_0|fir_3k4:u_fir_3k4_0|fir_3k4_0002:fir_3k4_inst|fir_3k4_0002_ast:fir_3k4_0002_ast_inst|auk_dspip_avalon_streaming_source_hpfir:source|data_out[16]                                                                          ; FIR:u_FIR_0|lpf_data[3]                                                                                                                                                                                                                                                        ; clk_50M      ; clk_50M     ; 0.000        ; 0.081      ; 0.795      ;
; 0.502 ; FIR:u_FIR_0|fir_3k4:u_fir_3k4_0|fir_3k4_0002:fir_3k4_inst|fir_3k4_0002_ast:fir_3k4_0002_ast_inst|auk_dspip_avalon_streaming_source_hpfir:source|data_out[14]                                                                          ; FIR:u_FIR_0|lpf_data[1]                                                                                                                                                                                                                                                        ; clk_50M      ; clk_50M     ; 0.000        ; 0.081      ; 0.795      ;
; 0.502 ; FIR:u_FIR_0|fir_3k4:u_fir_3k4_0|fir_3k4_0002:fir_3k4_inst|fir_3k4_0002_ast:fir_3k4_0002_ast_inst|fir_3k4_0002_rtl_core:\real_passthrough:hpfircore_core|dspba_delay:d_u0_m0_wo0_wi0_r0_split9_f_17|delay_signals[1][5]                ; FIR:u_FIR_0|fir_3k4:u_fir_3k4_0|fir_3k4_0002:fir_3k4_inst|fir_3k4_0002_ast:fir_3k4_0002_ast_inst|fir_3k4_0002_rtl_core:\real_passthrough:hpfircore_core|dspba_delay:d_u0_m0_wo0_wi0_r0_split9_f_17|delay_signals[0][5]                                                         ; clk_50M      ; clk_50M     ; 0.000        ; 0.081      ; 0.795      ;
; 0.502 ; FIR:u_FIR_0|fir_3k4:u_fir_3k4_0|fir_3k4_0002:fir_3k4_inst|fir_3k4_0002_ast:fir_3k4_0002_ast_inst|fir_3k4_0002_rtl_core:\real_passthrough:hpfircore_core|dspba_delay:d_u0_m0_wo0_wi0_r0_split9_f_17|delay_signals[1][6]                ; FIR:u_FIR_0|fir_3k4:u_fir_3k4_0|fir_3k4_0002:fir_3k4_inst|fir_3k4_0002_ast:fir_3k4_0002_ast_inst|fir_3k4_0002_rtl_core:\real_passthrough:hpfircore_core|dspba_delay:d_u0_m0_wo0_wi0_r0_split9_f_17|delay_signals[0][6]                                                         ; clk_50M      ; clk_50M     ; 0.000        ; 0.081      ; 0.795      ;
; 0.502 ; FIR:u_FIR_0|fir_3k4:u_fir_3k4_0|fir_3k4_0002:fir_3k4_inst|fir_3k4_0002_ast:fir_3k4_0002_ast_inst|fir_3k4_0002_rtl_core:\real_passthrough:hpfircore_core|dspba_delay:d_u0_m0_wo0_wi0_r0_split9_g_17|delay_signals[1][2]                ; FIR:u_FIR_0|fir_3k4:u_fir_3k4_0|fir_3k4_0002:fir_3k4_inst|fir_3k4_0002_ast:fir_3k4_0002_ast_inst|fir_3k4_0002_rtl_core:\real_passthrough:hpfircore_core|dspba_delay:d_u0_m0_wo0_wi0_r0_split9_g_17|delay_signals[0][2]                                                         ; clk_50M      ; clk_50M     ; 0.000        ; 0.081      ; 0.795      ;
; 0.502 ; FIR:u_FIR_0|fir_3k4:u_fir_3k4_0|fir_3k4_0002:fir_3k4_inst|fir_3k4_0002_ast:fir_3k4_0002_ast_inst|fir_3k4_0002_rtl_core:\real_passthrough:hpfircore_core|dspba_delay:d_u0_m0_wo0_wi0_r0_split9_g_17|delay_signals[1][3]                ; FIR:u_FIR_0|fir_3k4:u_fir_3k4_0|fir_3k4_0002:fir_3k4_inst|fir_3k4_0002_ast:fir_3k4_0002_ast_inst|fir_3k4_0002_rtl_core:\real_passthrough:hpfircore_core|dspba_delay:d_u0_m0_wo0_wi0_r0_split9_g_17|delay_signals[0][3]                                                         ; clk_50M      ; clk_50M     ; 0.000        ; 0.080      ; 0.794      ;
; 0.502 ; FIR:u_FIR_0|fir_3k4:u_fir_3k4_0|fir_3k4_0002:fir_3k4_inst|fir_3k4_0002_ast:fir_3k4_0002_ast_inst|fir_3k4_0002_rtl_core:\real_passthrough:hpfircore_core|dspba_delay:d_u0_m0_wo0_wi0_r0_split9_g_17|delay_signals[1][5]                ; FIR:u_FIR_0|fir_3k4:u_fir_3k4_0|fir_3k4_0002:fir_3k4_inst|fir_3k4_0002_ast:fir_3k4_0002_ast_inst|fir_3k4_0002_rtl_core:\real_passthrough:hpfircore_core|dspba_delay:d_u0_m0_wo0_wi0_r0_split9_g_17|delay_signals[0][5]                                                         ; clk_50M      ; clk_50M     ; 0.000        ; 0.080      ; 0.794      ;
; 0.502 ; FIR:u_FIR_0|fir_3k4:u_fir_3k4_0|fir_3k4_0002:fir_3k4_inst|fir_3k4_0002_ast:fir_3k4_0002_ast_inst|fir_3k4_0002_rtl_core:\real_passthrough:hpfircore_core|dspba_delay:d_u0_m0_wo0_wi0_r0_split9_g_17|delay_signals[1][6]                ; FIR:u_FIR_0|fir_3k4:u_fir_3k4_0|fir_3k4_0002:fir_3k4_inst|fir_3k4_0002_ast:fir_3k4_0002_ast_inst|fir_3k4_0002_rtl_core:\real_passthrough:hpfircore_core|dspba_delay:d_u0_m0_wo0_wi0_r0_split9_g_17|delay_signals[0][6]                                                         ; clk_50M      ; clk_50M     ; 0.000        ; 0.081      ; 0.795      ;
; 0.502 ; FIR:u_FIR_0|fir_3k4:u_fir_3k4_0|fir_3k4_0002:fir_3k4_inst|fir_3k4_0002_ast:fir_3k4_0002_ast_inst|fir_3k4_0002_rtl_core:\real_passthrough:hpfircore_core|dspba_delay:d_in0_m0_wi0_wo0_assign_id1_q_15|delay_signals[1][0]              ; FIR:u_FIR_0|fir_3k4:u_fir_3k4_0|fir_3k4_0002:fir_3k4_inst|fir_3k4_0002_ast:fir_3k4_0002_ast_inst|fir_3k4_0002_rtl_core:\real_passthrough:hpfircore_core|dspba_delay:d_in0_m0_wi0_wo0_assign_id1_q_15|delay_signals[0][0]                                                       ; clk_50M      ; clk_50M     ; 0.000        ; 0.081      ; 0.795      ;
; 0.502 ; FIR:u_FIR_0|fir_3k4:u_fir_3k4_0|fir_3k4_0002:fir_3k4_inst|fir_3k4_0002_ast:fir_3k4_0002_ast_inst|fir_3k4_0002_rtl_core:\real_passthrough:hpfircore_core|dspba_delay:d_xIn_0_15|delay_signals[2][1]                                    ; FIR:u_FIR_0|fir_3k4:u_fir_3k4_0|fir_3k4_0002:fir_3k4_inst|fir_3k4_0002_ast:fir_3k4_0002_ast_inst|fir_3k4_0002_rtl_core:\real_passthrough:hpfircore_core|dspba_delay:d_xIn_0_15|delay_signals[1][1]                                                                             ; clk_50M      ; clk_50M     ; 0.000        ; 0.080      ; 0.794      ;
; 0.502 ; FIR:u_FIR_0|fir_3k4:u_fir_3k4_0|fir_3k4_0002:fir_3k4_inst|fir_3k4_0002_ast:fir_3k4_0002_ast_inst|fir_3k4_0002_rtl_core:\real_passthrough:hpfircore_core|dspba_delay:d_xIn_0_15|delay_signals[2][2]                                    ; FIR:u_FIR_0|fir_3k4:u_fir_3k4_0|fir_3k4_0002:fir_3k4_inst|fir_3k4_0002_ast:fir_3k4_0002_ast_inst|fir_3k4_0002_rtl_core:\real_passthrough:hpfircore_core|dspba_delay:d_xIn_0_15|delay_signals[1][2]                                                                             ; clk_50M      ; clk_50M     ; 0.000        ; 0.080      ; 0.794      ;
; 0.502 ; FIR:u_FIR_0|fir_3k4:u_fir_3k4_0|fir_3k4_0002:fir_3k4_inst|fir_3k4_0002_ast:fir_3k4_0002_ast_inst|fir_3k4_0002_rtl_core:\real_passthrough:hpfircore_core|dspba_delay:d_xIn_0_15|delay_signals[4][2]                                    ; FIR:u_FIR_0|fir_3k4:u_fir_3k4_0|fir_3k4_0002:fir_3k4_inst|fir_3k4_0002_ast:fir_3k4_0002_ast_inst|fir_3k4_0002_rtl_core:\real_passthrough:hpfircore_core|dspba_delay:d_xIn_0_15|delay_signals[3][2]                                                                             ; clk_50M      ; clk_50M     ; 0.000        ; 0.080      ; 0.794      ;
; 0.502 ; FIR:u_FIR_0|fir_3k4:u_fir_3k4_0|fir_3k4_0002:fir_3k4_inst|fir_3k4_0002_ast:fir_3k4_0002_ast_inst|fir_3k4_0002_rtl_core:\real_passthrough:hpfircore_core|dspba_delay:d_xIn_0_15|delay_signals[4][6]                                    ; FIR:u_FIR_0|fir_3k4:u_fir_3k4_0|fir_3k4_0002:fir_3k4_inst|fir_3k4_0002_ast:fir_3k4_0002_ast_inst|fir_3k4_0002_rtl_core:\real_passthrough:hpfircore_core|dspba_delay:d_xIn_0_15|delay_signals[3][6]                                                                             ; clk_50M      ; clk_50M     ; 0.000        ; 0.080      ; 0.794      ;
; 0.502 ; FIR:u_FIR_0|fir_3k4:u_fir_3k4_0|fir_3k4_0002:fir_3k4_inst|fir_3k4_0002_ast:fir_3k4_0002_ast_inst|fir_3k4_0002_rtl_core:\real_passthrough:hpfircore_core|dspba_delay:d_xIn_0_15|delay_signals[2][7]                                    ; FIR:u_FIR_0|fir_3k4:u_fir_3k4_0|fir_3k4_0002:fir_3k4_inst|fir_3k4_0002_ast:fir_3k4_0002_ast_inst|fir_3k4_0002_rtl_core:\real_passthrough:hpfircore_core|dspba_delay:d_xIn_0_15|delay_signals[1][7]                                                                             ; clk_50M      ; clk_50M     ; 0.000        ; 0.080      ; 0.794      ;
; 0.502 ; FIR:u_FIR_0|fir_3k4:u_fir_3k4_0|fir_3k4_0002:fir_3k4_inst|fir_3k4_0002_ast:fir_3k4_0002_ast_inst|fir_3k4_0002_rtl_core:\real_passthrough:hpfircore_core|dspba_delay:d_xIn_0_15|delay_signals[4][7]                                    ; FIR:u_FIR_0|fir_3k4:u_fir_3k4_0|fir_3k4_0002:fir_3k4_inst|fir_3k4_0002_ast:fir_3k4_0002_ast_inst|fir_3k4_0002_rtl_core:\real_passthrough:hpfircore_core|dspba_delay:d_xIn_0_15|delay_signals[3][7]                                                                             ; clk_50M      ; clk_50M     ; 0.000        ; 0.080      ; 0.794      ;
; 0.502 ; FIR:u_FIR_0|fir_3k4:u_fir_3k4_0|fir_3k4_0002:fir_3k4_inst|fir_3k4_0002_ast:fir_3k4_0002_ast_inst|fir_3k4_0002_rtl_core:\real_passthrough:hpfircore_core|dspba_delay:d_u0_m0_wo0_compute_q_20|delay_signals[2][0]                      ; FIR:u_FIR_0|fir_3k4:u_fir_3k4_0|fir_3k4_0002:fir_3k4_inst|fir_3k4_0002_ast:fir_3k4_0002_ast_inst|fir_3k4_0002_rtl_core:\real_passthrough:hpfircore_core|dspba_delay:d_u0_m0_wo0_compute_q_20|delay_signals[1][0]                                                               ; clk_50M      ; clk_50M     ; 0.000        ; 0.081      ; 0.795      ;
; 0.502 ; FIR:u_FIR_0|fir_3k4:u_fir_3k4_0|fir_3k4_0002:fir_3k4_inst|fir_3k4_0002_ast:fir_3k4_0002_ast_inst|fir_3k4_0002_rtl_core:\real_passthrough:hpfircore_core|dspba_delay:d_u0_m0_wo0_compute_q_20|delay_signals[5][0]                      ; FIR:u_FIR_0|fir_3k4:u_fir_3k4_0|fir_3k4_0002:fir_3k4_inst|fir_3k4_0002_ast:fir_3k4_0002_ast_inst|fir_3k4_0002_rtl_core:\real_passthrough:hpfircore_core|dspba_delay:d_u0_m0_wo0_compute_q_20|delay_signals[4][0]                                                               ; clk_50M      ; clk_50M     ; 0.000        ; 0.081      ; 0.795      ;
; 0.503 ; FIR:u_FIR_0|fir_3k4:u_fir_3k4_0|fir_3k4_0002:fir_3k4_inst|fir_3k4_0002_ast:fir_3k4_0002_ast_inst|fir_3k4_0002_rtl_core:\real_passthrough:hpfircore_core|dspba_delay:d_xIn_0_15|delay_signals[4][1]                                    ; FIR:u_FIR_0|fir_3k4:u_fir_3k4_0|fir_3k4_0002:fir_3k4_inst|fir_3k4_0002_ast:fir_3k4_0002_ast_inst|fir_3k4_0002_rtl_core:\real_passthrough:hpfircore_core|dspba_delay:d_xIn_0_15|delay_signals[3][1]                                                                             ; clk_50M      ; clk_50M     ; 0.000        ; 0.080      ; 0.795      ;
; 0.503 ; FIR:u_FIR_0|fir_3k4:u_fir_3k4_0|fir_3k4_0002:fir_3k4_inst|fir_3k4_0002_ast:fir_3k4_0002_ast_inst|fir_3k4_0002_rtl_core:\real_passthrough:hpfircore_core|dspba_delay:d_xIn_0_15|delay_signals[3][2]                                    ; FIR:u_FIR_0|fir_3k4:u_fir_3k4_0|fir_3k4_0002:fir_3k4_inst|fir_3k4_0002_ast:fir_3k4_0002_ast_inst|fir_3k4_0002_rtl_core:\real_passthrough:hpfircore_core|dspba_delay:d_xIn_0_15|delay_signals[2][2]                                                                             ; clk_50M      ; clk_50M     ; 0.000        ; 0.080      ; 0.795      ;
; 0.503 ; FIR:u_FIR_0|fir_3k4:u_fir_3k4_0|fir_3k4_0002:fir_3k4_inst|fir_3k4_0002_ast:fir_3k4_0002_ast_inst|fir_3k4_0002_rtl_core:\real_passthrough:hpfircore_core|dspba_delay:d_xIn_0_15|delay_signals[4][3]                                    ; FIR:u_FIR_0|fir_3k4:u_fir_3k4_0|fir_3k4_0002:fir_3k4_inst|fir_3k4_0002_ast:fir_3k4_0002_ast_inst|fir_3k4_0002_rtl_core:\real_passthrough:hpfircore_core|dspba_delay:d_xIn_0_15|delay_signals[3][3]                                                                             ; clk_50M      ; clk_50M     ; 0.000        ; 0.080      ; 0.795      ;
; 0.504 ; FIR:u_FIR_0|fir_3k4:u_fir_3k4_0|fir_3k4_0002:fir_3k4_inst|fir_3k4_0002_ast:fir_3k4_0002_ast_inst|auk_dspip_avalon_streaming_source_hpfir:source|data_out[17]                                                                          ; FIR:u_FIR_0|lpf_data[4]                                                                                                                                                                                                                                                        ; clk_50M      ; clk_50M     ; 0.000        ; 0.081      ; 0.797      ;
; 0.504 ; FIR:u_FIR_0|fir_3k4:u_fir_3k4_0|fir_3k4_0002:fir_3k4_inst|fir_3k4_0002_ast:fir_3k4_0002_ast_inst|fir_3k4_0002_rtl_core:\real_passthrough:hpfircore_core|dspba_delay:d_u0_m0_wo0_wi0_r0_split9_f_17|delay_signals[1][0]                ; FIR:u_FIR_0|fir_3k4:u_fir_3k4_0|fir_3k4_0002:fir_3k4_inst|fir_3k4_0002_ast:fir_3k4_0002_ast_inst|fir_3k4_0002_rtl_core:\real_passthrough:hpfircore_core|dspba_delay:d_u0_m0_wo0_wi0_r0_split9_f_17|delay_signals[0][0]                                                         ; clk_50M      ; clk_50M     ; 0.000        ; 0.081      ; 0.797      ;
; 0.504 ; FIR:u_FIR_0|fir_3k4:u_fir_3k4_0|fir_3k4_0002:fir_3k4_inst|fir_3k4_0002_ast:fir_3k4_0002_ast_inst|fir_3k4_0002_rtl_core:\real_passthrough:hpfircore_core|dspba_delay:d_xIn_0_15|delay_signals[4][0]                                    ; FIR:u_FIR_0|fir_3k4:u_fir_3k4_0|fir_3k4_0002:fir_3k4_inst|fir_3k4_0002_ast:fir_3k4_0002_ast_inst|fir_3k4_0002_rtl_core:\real_passthrough:hpfircore_core|dspba_delay:d_xIn_0_15|delay_signals[3][0]                                                                             ; clk_50M      ; clk_50M     ; 0.000        ; 0.081      ; 0.797      ;
; 0.504 ; FIR:u_FIR_0|fir_3k4:u_fir_3k4_0|fir_3k4_0002:fir_3k4_inst|fir_3k4_0002_ast:fir_3k4_0002_ast_inst|fir_3k4_0002_rtl_core:\real_passthrough:hpfircore_core|dspba_delay:d_xIn_0_15|delay_signals[1][2]                                    ; FIR:u_FIR_0|fir_3k4:u_fir_3k4_0|fir_3k4_0002:fir_3k4_inst|fir_3k4_0002_ast:fir_3k4_0002_ast_inst|fir_3k4_0002_rtl_core:\real_passthrough:hpfircore_core|dspba_delay:d_xIn_0_15|delay_signals[0][2]                                                                             ; clk_50M      ; clk_50M     ; 0.000        ; 0.080      ; 0.796      ;
; 0.504 ; FIR:u_FIR_0|fir_3k4:u_fir_3k4_0|fir_3k4_0002:fir_3k4_inst|fir_3k4_0002_ast:fir_3k4_0002_ast_inst|fir_3k4_0002_rtl_core:\real_passthrough:hpfircore_core|dspba_delay:d_xIn_0_15|delay_signals[1][3]                                    ; FIR:u_FIR_0|fir_3k4:u_fir_3k4_0|fir_3k4_0002:fir_3k4_inst|fir_3k4_0002_ast:fir_3k4_0002_ast_inst|fir_3k4_0002_rtl_core:\real_passthrough:hpfircore_core|dspba_delay:d_xIn_0_15|delay_signals[0][3]                                                                             ; clk_50M      ; clk_50M     ; 0.000        ; 0.080      ; 0.796      ;
; 0.504 ; FIR:u_FIR_0|fir_3k4:u_fir_3k4_0|fir_3k4_0002:fir_3k4_inst|fir_3k4_0002_ast:fir_3k4_0002_ast_inst|fir_3k4_0002_rtl_core:\real_passthrough:hpfircore_core|dspba_delay:d_xIn_0_15|delay_signals[1][6]                                    ; FIR:u_FIR_0|fir_3k4:u_fir_3k4_0|fir_3k4_0002:fir_3k4_inst|fir_3k4_0002_ast:fir_3k4_0002_ast_inst|fir_3k4_0002_rtl_core:\real_passthrough:hpfircore_core|dspba_delay:d_xIn_0_15|delay_signals[0][6]                                                                             ; clk_50M      ; clk_50M     ; 0.000        ; 0.080      ; 0.796      ;
; 0.505 ; FIR:u_FIR_0|fir_3k4:u_fir_3k4_0|fir_3k4_0002:fir_3k4_inst|fir_3k4_0002_ast:fir_3k4_0002_ast_inst|fir_3k4_0002_rtl_core:\real_passthrough:hpfircore_core|altsyncram:u0_m0_wo0_wi0_r0_memr1_dmem|altsyncram_gpn3:auto_generated|q_b[25] ; FIR:u_FIR_0|fir_3k4:u_fir_3k4_0|fir_3k4_0002:fir_3k4_inst|fir_3k4_0002_ast:fir_3k4_0002_ast_inst|fir_3k4_0002_rtl_core:\real_passthrough:hpfircore_core|altsyncram:u0_m0_wo0_wi0_r0_memr1_dmem|altsyncram_gpn3:auto_generated|ram_block1a0~porta_datain_reg0                   ; clk_50M      ; clk_50M     ; 0.000        ; 0.169      ; 0.928      ;
; 0.506 ; FIR:u_FIR_0|fir_3k4:u_fir_3k4_0|fir_3k4_0002:fir_3k4_inst|fir_3k4_0002_ast:fir_3k4_0002_ast_inst|fir_3k4_0002_rtl_core:\real_passthrough:hpfircore_core|altsyncram:u0_m0_wo0_wi0_r0_memr1_dmem|altsyncram_gpn3:auto_generated|q_b[12] ; FIR:u_FIR_0|fir_3k4:u_fir_3k4_0|fir_3k4_0002:fir_3k4_inst|fir_3k4_0002_ast:fir_3k4_0002_ast_inst|fir_3k4_0002_rtl_core:\real_passthrough:hpfircore_core|altsyncram:u0_m0_wo0_wi0_r0_memr1_dmem|altsyncram_gpn3:auto_generated|ram_block1a0~porta_datain_reg0                   ; clk_50M      ; clk_50M     ; 0.000        ; 0.169      ; 0.929      ;
; 0.506 ; FIR:u_FIR_0|fir_3k4:u_fir_3k4_0|fir_3k4_0002:fir_3k4_inst|fir_3k4_0002_ast:fir_3k4_0002_ast_inst|fir_3k4_0002_rtl_core:\real_passthrough:hpfircore_core|altsyncram:u0_m0_wo0_wi0_r0_memr1_dmem|altsyncram_gpn3:auto_generated|q_b[13] ; FIR:u_FIR_0|fir_3k4:u_fir_3k4_0|fir_3k4_0002:fir_3k4_inst|fir_3k4_0002_ast:fir_3k4_0002_ast_inst|fir_3k4_0002_rtl_core:\real_passthrough:hpfircore_core|altsyncram:u0_m0_wo0_wi0_r0_memr1_dmem|altsyncram_gpn3:auto_generated|ram_block1a0~porta_datain_reg0                   ; clk_50M      ; clk_50M     ; 0.000        ; 0.169      ; 0.929      ;
; 0.506 ; FIR:u_FIR_0|fir_3k4:u_fir_3k4_0|fir_3k4_0002:fir_3k4_inst|fir_3k4_0002_ast:fir_3k4_0002_ast_inst|fir_3k4_0002_rtl_core:\real_passthrough:hpfircore_core|altsyncram:u0_m0_wo0_wi0_r0_memr1_dmem|altsyncram_gpn3:auto_generated|q_b[23] ; FIR:u_FIR_0|fir_3k4:u_fir_3k4_0|fir_3k4_0002:fir_3k4_inst|fir_3k4_0002_ast:fir_3k4_0002_ast_inst|fir_3k4_0002_rtl_core:\real_passthrough:hpfircore_core|altsyncram:u0_m0_wo0_wi0_r0_memr1_dmem|altsyncram_gpn3:auto_generated|ram_block1a0~porta_datain_reg0                   ; clk_50M      ; clk_50M     ; 0.000        ; 0.169      ; 0.929      ;
; 0.507 ; FIR:u_FIR_0|fir_3k4:u_fir_3k4_0|fir_3k4_0002:fir_3k4_inst|fir_3k4_0002_ast:fir_3k4_0002_ast_inst|fir_3k4_0002_rtl_core:\real_passthrough:hpfircore_core|altsyncram:u0_m0_wo0_wi0_r0_memr1_dmem|altsyncram_gpn3:auto_generated|q_b[29] ; FIR:u_FIR_0|fir_3k4:u_fir_3k4_0|fir_3k4_0002:fir_3k4_inst|fir_3k4_0002_ast:fir_3k4_0002_ast_inst|fir_3k4_0002_rtl_core:\real_passthrough:hpfircore_core|altsyncram:u0_m0_wo0_wi0_r0_memr1_dmem|altsyncram_gpn3:auto_generated|ram_block1a0~porta_datain_reg0                   ; clk_50M      ; clk_50M     ; 0.000        ; 0.169      ; 0.930      ;
; 0.509 ; FIR:u_FIR_0|fir_3k4:u_fir_3k4_0|fir_3k4_0002:fir_3k4_inst|fir_3k4_0002_ast:fir_3k4_0002_ast_inst|fir_3k4_0002_rtl_core:\real_passthrough:hpfircore_core|altsyncram:u0_m0_wo0_wi0_r0_memr1_dmem|altsyncram_gpn3:auto_generated|q_b[15] ; FIR:u_FIR_0|fir_3k4:u_fir_3k4_0|fir_3k4_0002:fir_3k4_inst|fir_3k4_0002_ast:fir_3k4_0002_ast_inst|fir_3k4_0002_rtl_core:\real_passthrough:hpfircore_core|altsyncram:u0_m0_wo0_wi0_r0_memr1_dmem|altsyncram_gpn3:auto_generated|ram_block1a0~porta_datain_reg0                   ; clk_50M      ; clk_50M     ; 0.000        ; 0.169      ; 0.932      ;
; 0.509 ; FIR:u_FIR_0|fir_3k4:u_fir_3k4_0|fir_3k4_0002:fir_3k4_inst|fir_3k4_0002_ast:fir_3k4_0002_ast_inst|fir_3k4_0002_rtl_core:\real_passthrough:hpfircore_core|u0_m0_wo0_accum_o[28]                                                         ; FIR:u_FIR_0|fir_3k4:u_fir_3k4_0|fir_3k4_0002:fir_3k4_inst|fir_3k4_0002_ast:fir_3k4_0002_ast_inst|fir_3k4_0002_rtl_core:\real_passthrough:hpfircore_core|u0_m0_wo0_accum_o[28]                                                                                                  ; clk_50M      ; clk_50M     ; 0.000        ; 0.080      ; 0.801      ;
; 0.511 ; FIR:u_FIR_0|fir_3k4:u_fir_3k4_0|fir_3k4_0002:fir_3k4_inst|fir_3k4_0002_ast:fir_3k4_0002_ast_inst|fir_3k4_0002_rtl_core:\real_passthrough:hpfircore_core|altsyncram:u0_m0_wo0_wi0_r0_memr1_dmem|altsyncram_gpn3:auto_generated|q_b[24] ; FIR:u_FIR_0|fir_3k4:u_fir_3k4_0|fir_3k4_0002:fir_3k4_inst|fir_3k4_0002_ast:fir_3k4_0002_ast_inst|fir_3k4_0002_rtl_core:\real_passthrough:hpfircore_core|altsyncram:u0_m0_wo0_wi0_r0_memr1_dmem|altsyncram_gpn3:auto_generated|ram_block1a0~porta_datain_reg0                   ; clk_50M      ; clk_50M     ; 0.000        ; 0.169      ; 0.934      ;
; 0.512 ; FIR:u_FIR_0|fir_3k4:u_fir_3k4_0|fir_3k4_0002:fir_3k4_inst|fir_3k4_0002_ast:fir_3k4_0002_ast_inst|fir_3k4_0002_rtl_core:\real_passthrough:hpfircore_core|altsyncram:u0_m0_wo0_wi0_r0_memr1_dmem|altsyncram_gpn3:auto_generated|q_b[61] ; FIR:u_FIR_0|fir_3k4:u_fir_3k4_0|fir_3k4_0002:fir_3k4_inst|fir_3k4_0002_ast:fir_3k4_0002_ast_inst|fir_3k4_0002_rtl_core:\real_passthrough:hpfircore_core|altsyncram:u0_m0_wo0_wi0_r0_memr1_dmem|altsyncram_gpn3:auto_generated|ram_block1a40~porta_datain_reg0                  ; clk_50M      ; clk_50M     ; 0.000        ; 0.169      ; 0.935      ;
; 0.513 ; FIR:u_FIR_0|fir_3k4:u_fir_3k4_0|fir_3k4_0002:fir_3k4_inst|fir_3k4_0002_ast:fir_3k4_0002_ast_inst|fir_3k4_0002_rtl_core:\real_passthrough:hpfircore_core|u0_m0_wo0_ca20_eq                                                             ; FIR:u_FIR_0|fir_3k4:u_fir_3k4_0|fir_3k4_0002:fir_3k4_inst|fir_3k4_0002_ast:fir_3k4_0002_ast_inst|fir_3k4_0002_rtl_core:\real_passthrough:hpfircore_core|u0_m0_wo0_ca20_i[0]                                                                                                    ; clk_50M      ; clk_50M     ; 0.000        ; 0.081      ; 0.806      ;
; 0.514 ; FIR:u_FIR_0|fir_3k4:u_fir_3k4_0|fir_3k4_0002:fir_3k4_inst|fir_3k4_0002_ast:fir_3k4_0002_ast_inst|fir_3k4_0002_rtl_core:\real_passthrough:hpfircore_core|altsyncram:u0_m0_wo0_wi0_r0_memr1_dmem|altsyncram_gpn3:auto_generated|q_b[49] ; FIR:u_FIR_0|fir_3k4:u_fir_3k4_0|fir_3k4_0002:fir_3k4_inst|fir_3k4_0002_ast:fir_3k4_0002_ast_inst|fir_3k4_0002_rtl_core:\real_passthrough:hpfircore_core|altsyncram:u0_m0_wo0_wi0_r0_memr1_dmem|altsyncram_gpn3:auto_generated|ram_block1a40~porta_datain_reg0                  ; clk_50M      ; clk_50M     ; 0.000        ; 0.169      ; 0.937      ;
; 0.515 ; FIR:u_FIR_0|fir_3k4:u_fir_3k4_0|fir_3k4_0002:fir_3k4_inst|fir_3k4_0002_ast:fir_3k4_0002_ast_inst|fir_3k4_0002_rtl_core:\real_passthrough:hpfircore_core|altsyncram:u0_m0_wo0_wi0_r0_memr9_dmem|altsyncram_gpn3:auto_generated|q_b[23] ; FIR:u_FIR_0|fir_3k4:u_fir_3k4_0|fir_3k4_0002:fir_3k4_inst|fir_3k4_0002_ast:fir_3k4_0002_ast_inst|fir_3k4_0002_rtl_core:\real_passthrough:hpfircore_core|altsyncram:u0_m0_wo0_wi0_r0_memr9_dmem|altsyncram_gpn3:auto_generated|ram_block1a8~porta_datain_reg0                   ; clk_50M      ; clk_50M     ; 0.000        ; 0.168      ; 0.937      ;
; 0.516 ; FIR:u_FIR_0|fir_3k4:u_fir_3k4_0|fir_3k4_0002:fir_3k4_inst|fir_3k4_0002_ast:fir_3k4_0002_ast_inst|fir_3k4_0002_rtl_core:\real_passthrough:hpfircore_core|u0_m0_wo0_run_count[1]                                                        ; FIR:u_FIR_0|fir_3k4:u_fir_3k4_0|fir_3k4_0002:fir_3k4_inst|fir_3k4_0002_ast:fir_3k4_0002_ast_inst|fir_3k4_0002_rtl_core:\real_passthrough:hpfircore_core|u0_m0_wo0_run_count[0]                                                                                                 ; clk_50M      ; clk_50M     ; 0.000        ; 0.081      ; 0.809      ;
; 0.517 ; FIR:u_FIR_0|fir_3k4:u_fir_3k4_0|fir_3k4_0002:fir_3k4_inst|fir_3k4_0002_ast:fir_3k4_0002_ast_inst|fir_3k4_0002_rtl_core:\real_passthrough:hpfircore_core|altsyncram:u0_m0_wo0_wi0_r0_memr1_dmem|altsyncram_gpn3:auto_generated|q_b[48] ; FIR:u_FIR_0|fir_3k4:u_fir_3k4_0|fir_3k4_0002:fir_3k4_inst|fir_3k4_0002_ast:fir_3k4_0002_ast_inst|fir_3k4_0002_rtl_core:\real_passthrough:hpfircore_core|altsyncram:u0_m0_wo0_wi0_r0_memr1_dmem|altsyncram_gpn3:auto_generated|ram_block1a40~porta_datain_reg0                  ; clk_50M      ; clk_50M     ; 0.000        ; 0.169      ; 0.940      ;
+-------+---------------------------------------------------------------------------------------------------------------------------------------------------------------------------------------------------------------------------------------+--------------------------------------------------------------------------------------------------------------------------------------------------------------------------------------------------------------------------------------------------------------------------------+--------------+-------------+--------------+------------+------------+


-----------------------------------------------
; Slow 1200mV 85C Model Metastability Summary ;
-----------------------------------------------
The design MTBF is not calculated because there are no specified synchronizers in the design.
Number of Synchronizer Chains Found: 8
Shortest Synchronizer Chain: 6 Registers
Fraction of Chains for which MTBFs Could Not be Calculated: 1.000
Worst Case Available Settling Time: 93.050 ns




+--------------------------------------------------+
; Slow 1200mV 0C Model Fmax Summary                ;
+------------+-----------------+------------+------+
; Fmax       ; Restricted Fmax ; Clock Name ; Note ;
+------------+-----------------+------------+------+
; 219.11 MHz ; 219.11 MHz      ; clk_50M    ;      ;
+------------+-----------------+------------+------+
This panel reports FMAX for every clock in the design, regardless of the user-specified clock periods.  FMAX is only computed for paths where the source and destination registers or ports are driven by the same clock.  Paths of different clocks, including generated clocks, are ignored.  For paths between a clock and its inversion, FMAX is computed as if the rising and falling edges are scaled along with FMAX, such that the duty cycle (in terms of a percentage) is maintained. Altera recommends that you always use clock constraints and other slack reports for sign-off analysis.


+------------------------------------+
; Slow 1200mV 0C Model Setup Summary ;
+---------+--------+-----------------+
; Clock   ; Slack  ; End Point TNS   ;
+---------+--------+-----------------+
; clk_50M ; 15.436 ; 0.000           ;
+---------+--------+-----------------+


+-----------------------------------+
; Slow 1200mV 0C Model Hold Summary ;
+---------+-------+-----------------+
; Clock   ; Slack ; End Point TNS   ;
+---------+-------+-----------------+
; clk_50M ; 0.368 ; 0.000           ;
+---------+-------+-----------------+


-----------------------------------------
; Slow 1200mV 0C Model Recovery Summary ;
-----------------------------------------
No paths to report.


----------------------------------------
; Slow 1200mV 0C Model Removal Summary ;
----------------------------------------
No paths to report.


+--------------------------------------------------+
; Slow 1200mV 0C Model Minimum Pulse Width Summary ;
+---------+-------+--------------------------------+
; Clock   ; Slack ; End Point TNS                  ;
+---------+-------+--------------------------------+
; clk_50M ; 9.497 ; 0.000                          ;
+---------+-------+--------------------------------+


+------------------------------------------------------------------------------------------------------------------------------------------------------------------------------------------------------------------------------------------------------------------------------------------------------------------------------------------------------------------------------------------------------------------------------------------------------------------------------------------------------------------------------------------------------------------------------------+
; Slow 1200mV 0C Model Setup: 'clk_50M'                                                                                                                                                                                                                                                                                                                                                                                                                                                                                                                                              ;
+--------+--------------------------------------------------------------------------------------------------------------------------------------------------------------------------------------------------------------------------------------------------------------+--------------------------------------------------------------------------------------------------------------------------------------------------------------------------------------------------------------------------------------+--------------+-------------+--------------+------------+------------+
; Slack  ; From Node                                                                                                                                                                                                                                                    ; To Node                                                                                                                                                                                                                              ; Launch Clock ; Latch Clock ; Relationship ; Clock Skew ; Data Delay ;
+--------+--------------------------------------------------------------------------------------------------------------------------------------------------------------------------------------------------------------------------------------------------------------+--------------------------------------------------------------------------------------------------------------------------------------------------------------------------------------------------------------------------------------+--------------+-------------+--------------+------------+------------+
; 15.436 ; FIR:u_FIR_0|fir_3k4:u_fir_3k4_0|fir_3k4_0002:fir_3k4_inst|fir_3k4_0002_ast:fir_3k4_0002_ast_inst|fir_3k4_0002_rtl_core:\real_passthrough:hpfircore_core|u0_m0_wo0_mtree_add3_0_o[2]                                                                          ; FIR:u_FIR_0|fir_3k4:u_fir_3k4_0|fir_3k4_0002:fir_3k4_inst|fir_3k4_0002_ast:fir_3k4_0002_ast_inst|fir_3k4_0002_rtl_core:\real_passthrough:hpfircore_core|u0_m0_wo0_accum_o[27]                                                        ; clk_50M      ; clk_50M     ; 20.000       ; -0.076     ; 4.490      ;
; 15.466 ; FIR:u_FIR_0|fir_3k4:u_fir_3k4_0|fir_3k4_0002:fir_3k4_inst|fir_3k4_0002_ast:fir_3k4_0002_ast_inst|fir_3k4_0002_rtl_core:\real_passthrough:hpfircore_core|\u0_m0_wo0_run_clkproc:u0_m0_wo0_run_enable_c[8]                                                     ; FIR:u_FIR_0|fir_3k4:u_fir_3k4_0|fir_3k4_0002:fir_3k4_inst|fir_3k4_0002_ast:fir_3k4_0002_ast_inst|fir_3k4_0002_rtl_core:\real_passthrough:hpfircore_core|u0_m0_wo0_run_enableQ[0]                                                     ; clk_50M      ; clk_50M     ; 20.000       ; -0.092     ; 4.444      ;
; 15.475 ; FIR:u_FIR_0|fir_3k4:u_fir_3k4_0|fir_3k4_0002:fir_3k4_inst|fir_3k4_0002_ast:fir_3k4_0002_ast_inst|fir_3k4_0002_rtl_core:\real_passthrough:hpfircore_core|u0_m0_wo0_mtree_add3_0_o[2]                                                                          ; FIR:u_FIR_0|fir_3k4:u_fir_3k4_0|fir_3k4_0002:fir_3k4_inst|fir_3k4_0002_ast:fir_3k4_0002_ast_inst|fir_3k4_0002_rtl_core:\real_passthrough:hpfircore_core|u0_m0_wo0_accum_o[28]                                                        ; clk_50M      ; clk_50M     ; 20.000       ; -0.076     ; 4.451      ;
; 15.562 ; FIR:u_FIR_0|fir_3k4:u_fir_3k4_0|fir_3k4_0002:fir_3k4_inst|fir_3k4_0002_ast:fir_3k4_0002_ast_inst|fir_3k4_0002_rtl_core:\real_passthrough:hpfircore_core|u0_m0_wo0_mtree_add3_0_o[2]                                                                          ; FIR:u_FIR_0|fir_3k4:u_fir_3k4_0|fir_3k4_0002:fir_3k4_inst|fir_3k4_0002_ast:fir_3k4_0002_ast_inst|fir_3k4_0002_rtl_core:\real_passthrough:hpfircore_core|u0_m0_wo0_accum_o[25]                                                        ; clk_50M      ; clk_50M     ; 20.000       ; -0.076     ; 4.364      ;
; 15.601 ; FIR:u_FIR_0|fir_3k4:u_fir_3k4_0|fir_3k4_0002:fir_3k4_inst|fir_3k4_0002_ast:fir_3k4_0002_ast_inst|fir_3k4_0002_rtl_core:\real_passthrough:hpfircore_core|u0_m0_wo0_mtree_add3_0_o[2]                                                                          ; FIR:u_FIR_0|fir_3k4:u_fir_3k4_0|fir_3k4_0002:fir_3k4_inst|fir_3k4_0002_ast:fir_3k4_0002_ast_inst|fir_3k4_0002_rtl_core:\real_passthrough:hpfircore_core|u0_m0_wo0_accum_o[26]                                                        ; clk_50M      ; clk_50M     ; 20.000       ; -0.076     ; 4.325      ;
; 15.604 ; FIR:u_FIR_0|fir_3k4:u_fir_3k4_0|fir_3k4_0002:fir_3k4_inst|fir_3k4_0002_ast:fir_3k4_0002_ast_inst|fir_3k4_0002_rtl_core:\real_passthrough:hpfircore_core|u0_m0_wo0_mtree_add3_0_o[4]                                                                          ; FIR:u_FIR_0|fir_3k4:u_fir_3k4_0|fir_3k4_0002:fir_3k4_inst|fir_3k4_0002_ast:fir_3k4_0002_ast_inst|fir_3k4_0002_rtl_core:\real_passthrough:hpfircore_core|u0_m0_wo0_accum_o[27]                                                        ; clk_50M      ; clk_50M     ; 20.000       ; -0.076     ; 4.322      ;
; 15.629 ; FIR:u_FIR_0|fir_3k4:u_fir_3k4_0|fir_3k4_0002:fir_3k4_inst|fir_3k4_0002_ast:fir_3k4_0002_ast_inst|fir_3k4_0002_rtl_core:\real_passthrough:hpfircore_core|\u0_m0_wo0_run_clkproc:u0_m0_wo0_run_enable_c[0]                                                     ; FIR:u_FIR_0|fir_3k4:u_fir_3k4_0|fir_3k4_0002:fir_3k4_inst|fir_3k4_0002_ast:fir_3k4_0002_ast_inst|fir_3k4_0002_rtl_core:\real_passthrough:hpfircore_core|u0_m0_wo0_run_enableQ[0]                                                     ; clk_50M      ; clk_50M     ; 20.000       ; -0.092     ; 4.281      ;
; 15.643 ; FIR:u_FIR_0|fir_3k4:u_fir_3k4_0|fir_3k4_0002:fir_3k4_inst|fir_3k4_0002_ast:fir_3k4_0002_ast_inst|fir_3k4_0002_rtl_core:\real_passthrough:hpfircore_core|u0_m0_wo0_mtree_add3_0_o[4]                                                                          ; FIR:u_FIR_0|fir_3k4:u_fir_3k4_0|fir_3k4_0002:fir_3k4_inst|fir_3k4_0002_ast:fir_3k4_0002_ast_inst|fir_3k4_0002_rtl_core:\real_passthrough:hpfircore_core|u0_m0_wo0_accum_o[28]                                                        ; clk_50M      ; clk_50M     ; 20.000       ; -0.076     ; 4.283      ;
; 15.688 ; FIR:u_FIR_0|fir_3k4:u_fir_3k4_0|fir_3k4_0002:fir_3k4_inst|fir_3k4_0002_ast:fir_3k4_0002_ast_inst|fir_3k4_0002_rtl_core:\real_passthrough:hpfircore_core|u0_m0_wo0_mtree_add3_0_o[2]                                                                          ; FIR:u_FIR_0|fir_3k4:u_fir_3k4_0|fir_3k4_0002:fir_3k4_inst|fir_3k4_0002_ast:fir_3k4_0002_ast_inst|fir_3k4_0002_rtl_core:\real_passthrough:hpfircore_core|u0_m0_wo0_accum_o[23]                                                        ; clk_50M      ; clk_50M     ; 20.000       ; -0.076     ; 4.238      ;
; 15.723 ; FIR:u_FIR_0|fir_3k4:u_fir_3k4_0|fir_3k4_0002:fir_3k4_inst|fir_3k4_0002_ast:fir_3k4_0002_ast_inst|fir_3k4_0002_rtl_core:\real_passthrough:hpfircore_core|u0_m0_wo0_mtree_add3_0_o[6]                                                                          ; FIR:u_FIR_0|fir_3k4:u_fir_3k4_0|fir_3k4_0002:fir_3k4_inst|fir_3k4_0002_ast:fir_3k4_0002_ast_inst|fir_3k4_0002_rtl_core:\real_passthrough:hpfircore_core|u0_m0_wo0_accum_o[27]                                                        ; clk_50M      ; clk_50M     ; 20.000       ; -0.076     ; 4.203      ;
; 15.727 ; FIR:u_FIR_0|fir_3k4:u_fir_3k4_0|fir_3k4_0002:fir_3k4_inst|fir_3k4_0002_ast:fir_3k4_0002_ast_inst|fir_3k4_0002_rtl_core:\real_passthrough:hpfircore_core|u0_m0_wo0_mtree_add3_0_o[2]                                                                          ; FIR:u_FIR_0|fir_3k4:u_fir_3k4_0|fir_3k4_0002:fir_3k4_inst|fir_3k4_0002_ast:fir_3k4_0002_ast_inst|fir_3k4_0002_rtl_core:\real_passthrough:hpfircore_core|u0_m0_wo0_accum_o[24]                                                        ; clk_50M      ; clk_50M     ; 20.000       ; -0.076     ; 4.199      ;
; 15.730 ; FIR:u_FIR_0|fir_3k4:u_fir_3k4_0|fir_3k4_0002:fir_3k4_inst|fir_3k4_0002_ast:fir_3k4_0002_ast_inst|fir_3k4_0002_rtl_core:\real_passthrough:hpfircore_core|u0_m0_wo0_mtree_add3_0_o[4]                                                                          ; FIR:u_FIR_0|fir_3k4:u_fir_3k4_0|fir_3k4_0002:fir_3k4_inst|fir_3k4_0002_ast:fir_3k4_0002_ast_inst|fir_3k4_0002_rtl_core:\real_passthrough:hpfircore_core|u0_m0_wo0_accum_o[25]                                                        ; clk_50M      ; clk_50M     ; 20.000       ; -0.076     ; 4.196      ;
; 15.762 ; FIR:u_FIR_0|fir_3k4:u_fir_3k4_0|fir_3k4_0002:fir_3k4_inst|fir_3k4_0002_ast:fir_3k4_0002_ast_inst|fir_3k4_0002_rtl_core:\real_passthrough:hpfircore_core|u0_m0_wo0_mtree_add3_0_o[6]                                                                          ; FIR:u_FIR_0|fir_3k4:u_fir_3k4_0|fir_3k4_0002:fir_3k4_inst|fir_3k4_0002_ast:fir_3k4_0002_ast_inst|fir_3k4_0002_rtl_core:\real_passthrough:hpfircore_core|u0_m0_wo0_accum_o[28]                                                        ; clk_50M      ; clk_50M     ; 20.000       ; -0.076     ; 4.164      ;
; 15.769 ; FIR:u_FIR_0|fir_3k4:u_fir_3k4_0|fir_3k4_0002:fir_3k4_inst|fir_3k4_0002_ast:fir_3k4_0002_ast_inst|fir_3k4_0002_rtl_core:\real_passthrough:hpfircore_core|u0_m0_wo0_mtree_add3_0_o[4]                                                                          ; FIR:u_FIR_0|fir_3k4:u_fir_3k4_0|fir_3k4_0002:fir_3k4_inst|fir_3k4_0002_ast:fir_3k4_0002_ast_inst|fir_3k4_0002_rtl_core:\real_passthrough:hpfircore_core|u0_m0_wo0_accum_o[26]                                                        ; clk_50M      ; clk_50M     ; 20.000       ; -0.076     ; 4.157      ;
; 15.814 ; FIR:u_FIR_0|fir_3k4:u_fir_3k4_0|fir_3k4_0002:fir_3k4_inst|fir_3k4_0002_ast:fir_3k4_0002_ast_inst|fir_3k4_0002_rtl_core:\real_passthrough:hpfircore_core|u0_m0_wo0_mtree_add3_0_o[2]                                                                          ; FIR:u_FIR_0|fir_3k4:u_fir_3k4_0|fir_3k4_0002:fir_3k4_inst|fir_3k4_0002_ast:fir_3k4_0002_ast_inst|fir_3k4_0002_rtl_core:\real_passthrough:hpfircore_core|u0_m0_wo0_accum_o[21]                                                        ; clk_50M      ; clk_50M     ; 20.000       ; -0.076     ; 4.112      ;
; 15.836 ; FIR:u_FIR_0|fir_3k4:u_fir_3k4_0|fir_3k4_0002:fir_3k4_inst|fir_3k4_0002_ast:fir_3k4_0002_ast_inst|fir_3k4_0002_rtl_core:\real_passthrough:hpfircore_core|u0_m0_wo0_mtree_add3_0_o[1]                                                                          ; FIR:u_FIR_0|fir_3k4:u_fir_3k4_0|fir_3k4_0002:fir_3k4_inst|fir_3k4_0002_ast:fir_3k4_0002_ast_inst|fir_3k4_0002_rtl_core:\real_passthrough:hpfircore_core|u0_m0_wo0_accum_o[28]                                                        ; clk_50M      ; clk_50M     ; 20.000       ; -0.076     ; 4.090      ;
; 15.849 ; FIR:u_FIR_0|fir_3k4:u_fir_3k4_0|fir_3k4_0002:fir_3k4_inst|fir_3k4_0002_ast:fir_3k4_0002_ast_inst|fir_3k4_0002_rtl_core:\real_passthrough:hpfircore_core|u0_m0_wo0_mtree_add3_0_o[6]                                                                          ; FIR:u_FIR_0|fir_3k4:u_fir_3k4_0|fir_3k4_0002:fir_3k4_inst|fir_3k4_0002_ast:fir_3k4_0002_ast_inst|fir_3k4_0002_rtl_core:\real_passthrough:hpfircore_core|u0_m0_wo0_accum_o[25]                                                        ; clk_50M      ; clk_50M     ; 20.000       ; -0.076     ; 4.077      ;
; 15.851 ; FIR:u_FIR_0|fir_3k4:u_fir_3k4_0|fir_3k4_0002:fir_3k4_inst|fir_3k4_0002_ast:fir_3k4_0002_ast_inst|fir_3k4_0002_rtl_core:\real_passthrough:hpfircore_core|u0_m0_wo0_mtree_add3_0_o[1]                                                                          ; FIR:u_FIR_0|fir_3k4:u_fir_3k4_0|fir_3k4_0002:fir_3k4_inst|fir_3k4_0002_ast:fir_3k4_0002_ast_inst|fir_3k4_0002_rtl_core:\real_passthrough:hpfircore_core|u0_m0_wo0_accum_o[27]                                                        ; clk_50M      ; clk_50M     ; 20.000       ; -0.076     ; 4.075      ;
; 15.853 ; FIR:u_FIR_0|fir_3k4:u_fir_3k4_0|fir_3k4_0002:fir_3k4_inst|fir_3k4_0002_ast:fir_3k4_0002_ast_inst|fir_3k4_0002_rtl_core:\real_passthrough:hpfircore_core|u0_m0_wo0_mtree_add3_0_o[2]                                                                          ; FIR:u_FIR_0|fir_3k4:u_fir_3k4_0|fir_3k4_0002:fir_3k4_inst|fir_3k4_0002_ast:fir_3k4_0002_ast_inst|fir_3k4_0002_rtl_core:\real_passthrough:hpfircore_core|u0_m0_wo0_accum_o[22]                                                        ; clk_50M      ; clk_50M     ; 20.000       ; -0.076     ; 4.073      ;
; 15.856 ; FIR:u_FIR_0|fir_3k4:u_fir_3k4_0|fir_3k4_0002:fir_3k4_inst|fir_3k4_0002_ast:fir_3k4_0002_ast_inst|fir_3k4_0002_rtl_core:\real_passthrough:hpfircore_core|u0_m0_wo0_mtree_add3_0_o[4]                                                                          ; FIR:u_FIR_0|fir_3k4:u_fir_3k4_0|fir_3k4_0002:fir_3k4_inst|fir_3k4_0002_ast:fir_3k4_0002_ast_inst|fir_3k4_0002_rtl_core:\real_passthrough:hpfircore_core|u0_m0_wo0_accum_o[23]                                                        ; clk_50M      ; clk_50M     ; 20.000       ; -0.076     ; 4.070      ;
; 15.888 ; FIR:u_FIR_0|fir_3k4:u_fir_3k4_0|fir_3k4_0002:fir_3k4_inst|fir_3k4_0002_ast:fir_3k4_0002_ast_inst|fir_3k4_0002_rtl_core:\real_passthrough:hpfircore_core|u0_m0_wo0_mtree_add3_0_o[6]                                                                          ; FIR:u_FIR_0|fir_3k4:u_fir_3k4_0|fir_3k4_0002:fir_3k4_inst|fir_3k4_0002_ast:fir_3k4_0002_ast_inst|fir_3k4_0002_rtl_core:\real_passthrough:hpfircore_core|u0_m0_wo0_accum_o[26]                                                        ; clk_50M      ; clk_50M     ; 20.000       ; -0.076     ; 4.038      ;
; 15.895 ; FIR:u_FIR_0|fir_3k4:u_fir_3k4_0|fir_3k4_0002:fir_3k4_inst|fir_3k4_0002_ast:fir_3k4_0002_ast_inst|fir_3k4_0002_rtl_core:\real_passthrough:hpfircore_core|u0_m0_wo0_mtree_add3_0_o[4]                                                                          ; FIR:u_FIR_0|fir_3k4:u_fir_3k4_0|fir_3k4_0002:fir_3k4_inst|fir_3k4_0002_ast:fir_3k4_0002_ast_inst|fir_3k4_0002_rtl_core:\real_passthrough:hpfircore_core|u0_m0_wo0_accum_o[24]                                                        ; clk_50M      ; clk_50M     ; 20.000       ; -0.076     ; 4.031      ;
; 15.917 ; FIR:u_FIR_0|fir_3k4:u_fir_3k4_0|fir_3k4_0002:fir_3k4_inst|fir_3k4_0002_ast:fir_3k4_0002_ast_inst|fir_3k4_0002_rtl_core:\real_passthrough:hpfircore_core|u0_m0_wo0_mtree_add3_0_o[3]                                                                          ; FIR:u_FIR_0|fir_3k4:u_fir_3k4_0|fir_3k4_0002:fir_3k4_inst|fir_3k4_0002_ast:fir_3k4_0002_ast_inst|fir_3k4_0002_rtl_core:\real_passthrough:hpfircore_core|u0_m0_wo0_accum_o[28]                                                        ; clk_50M      ; clk_50M     ; 20.000       ; -0.076     ; 4.009      ;
; 15.938 ; FIR:u_FIR_0|fir_3k4:u_fir_3k4_0|fir_3k4_0002:fir_3k4_inst|fir_3k4_0002_ast:fir_3k4_0002_ast_inst|fir_3k4_0002_rtl_core:\real_passthrough:hpfircore_core|u0_m0_wo0_mtree_add3_0_o[3]                                                                          ; FIR:u_FIR_0|fir_3k4:u_fir_3k4_0|fir_3k4_0002:fir_3k4_inst|fir_3k4_0002_ast:fir_3k4_0002_ast_inst|fir_3k4_0002_rtl_core:\real_passthrough:hpfircore_core|u0_m0_wo0_accum_o[27]                                                        ; clk_50M      ; clk_50M     ; 20.000       ; -0.076     ; 3.988      ;
; 15.940 ; FIR:u_FIR_0|fir_3k4:u_fir_3k4_0|fir_3k4_0002:fir_3k4_inst|fir_3k4_0002_ast:fir_3k4_0002_ast_inst|fir_3k4_0002_rtl_core:\real_passthrough:hpfircore_core|u0_m0_wo0_mtree_add3_0_o[2]                                                                          ; FIR:u_FIR_0|fir_3k4:u_fir_3k4_0|fir_3k4_0002:fir_3k4_inst|fir_3k4_0002_ast:fir_3k4_0002_ast_inst|fir_3k4_0002_rtl_core:\real_passthrough:hpfircore_core|u0_m0_wo0_accum_o[19]                                                        ; clk_50M      ; clk_50M     ; 20.000       ; -0.076     ; 3.986      ;
; 15.962 ; FIR:u_FIR_0|fir_3k4:u_fir_3k4_0|fir_3k4_0002:fir_3k4_inst|fir_3k4_0002_ast:fir_3k4_0002_ast_inst|fir_3k4_0002_rtl_core:\real_passthrough:hpfircore_core|u0_m0_wo0_mtree_add3_0_o[1]                                                                          ; FIR:u_FIR_0|fir_3k4:u_fir_3k4_0|fir_3k4_0002:fir_3k4_inst|fir_3k4_0002_ast:fir_3k4_0002_ast_inst|fir_3k4_0002_rtl_core:\real_passthrough:hpfircore_core|u0_m0_wo0_accum_o[26]                                                        ; clk_50M      ; clk_50M     ; 20.000       ; -0.076     ; 3.964      ;
; 15.965 ; FIR:u_FIR_0|fir_3k4:u_fir_3k4_0|fir_3k4_0002:fir_3k4_inst|fir_3k4_0002_ast:fir_3k4_0002_ast_inst|fir_3k4_0002_rtl_core:\real_passthrough:hpfircore_core|u0_m0_wo0_wi0_r0_ra20_count0_inner_i[8]                                                              ; FIR:u_FIR_0|fir_3k4:u_fir_3k4_0|fir_3k4_0002:fir_3k4_inst|fir_3k4_0002_ast:fir_3k4_0002_ast_inst|fir_3k4_0002_rtl_core:\real_passthrough:hpfircore_core|u0_m0_wo0_wi0_r0_ra20_count0_inner_i[7]                                      ; clk_50M      ; clk_50M     ; 20.000       ; -0.072     ; 3.965      ;
; 15.975 ; FIR:u_FIR_0|fir_3k4:u_fir_3k4_0|fir_3k4_0002:fir_3k4_inst|fir_3k4_0002_ast:fir_3k4_0002_ast_inst|fir_3k4_0002_rtl_core:\real_passthrough:hpfircore_core|u0_m0_wo0_mtree_add3_0_o[6]                                                                          ; FIR:u_FIR_0|fir_3k4:u_fir_3k4_0|fir_3k4_0002:fir_3k4_inst|fir_3k4_0002_ast:fir_3k4_0002_ast_inst|fir_3k4_0002_rtl_core:\real_passthrough:hpfircore_core|u0_m0_wo0_accum_o[23]                                                        ; clk_50M      ; clk_50M     ; 20.000       ; -0.076     ; 3.951      ;
; 15.977 ; FIR:u_FIR_0|fir_3k4:u_fir_3k4_0|fir_3k4_0002:fir_3k4_inst|fir_3k4_0002_ast:fir_3k4_0002_ast_inst|fir_3k4_0002_rtl_core:\real_passthrough:hpfircore_core|u0_m0_wo0_mtree_add3_0_o[1]                                                                          ; FIR:u_FIR_0|fir_3k4:u_fir_3k4_0|fir_3k4_0002:fir_3k4_inst|fir_3k4_0002_ast:fir_3k4_0002_ast_inst|fir_3k4_0002_rtl_core:\real_passthrough:hpfircore_core|u0_m0_wo0_accum_o[25]                                                        ; clk_50M      ; clk_50M     ; 20.000       ; -0.076     ; 3.949      ;
; 15.979 ; FIR:u_FIR_0|fir_3k4:u_fir_3k4_0|fir_3k4_0002:fir_3k4_inst|fir_3k4_0002_ast:fir_3k4_0002_ast_inst|fir_3k4_0002_rtl_core:\real_passthrough:hpfircore_core|u0_m0_wo0_mtree_add3_0_o[2]                                                                          ; FIR:u_FIR_0|fir_3k4:u_fir_3k4_0|fir_3k4_0002:fir_3k4_inst|fir_3k4_0002_ast:fir_3k4_0002_ast_inst|fir_3k4_0002_rtl_core:\real_passthrough:hpfircore_core|u0_m0_wo0_accum_o[20]                                                        ; clk_50M      ; clk_50M     ; 20.000       ; -0.076     ; 3.947      ;
; 15.982 ; FIR:u_FIR_0|fir_3k4:u_fir_3k4_0|fir_3k4_0002:fir_3k4_inst|fir_3k4_0002_ast:fir_3k4_0002_ast_inst|fir_3k4_0002_rtl_core:\real_passthrough:hpfircore_core|u0_m0_wo0_mtree_add3_0_o[4]                                                                          ; FIR:u_FIR_0|fir_3k4:u_fir_3k4_0|fir_3k4_0002:fir_3k4_inst|fir_3k4_0002_ast:fir_3k4_0002_ast_inst|fir_3k4_0002_rtl_core:\real_passthrough:hpfircore_core|u0_m0_wo0_accum_o[21]                                                        ; clk_50M      ; clk_50M     ; 20.000       ; -0.076     ; 3.944      ;
; 15.998 ; FIR:u_FIR_0|fir_3k4:u_fir_3k4_0|fir_3k4_0002:fir_3k4_inst|fir_3k4_0002_ast:fir_3k4_0002_ast_inst|fir_3k4_0002_rtl_core:\real_passthrough:hpfircore_core|\u0_m0_wo0_run_clkproc:u0_m0_wo0_run_enable_c[1]                                                     ; FIR:u_FIR_0|fir_3k4:u_fir_3k4_0|fir_3k4_0002:fir_3k4_inst|fir_3k4_0002_ast:fir_3k4_0002_ast_inst|fir_3k4_0002_rtl_core:\real_passthrough:hpfircore_core|u0_m0_wo0_run_enableQ[0]                                                     ; clk_50M      ; clk_50M     ; 20.000       ; -0.092     ; 3.912      ;
; 15.998 ; FIR:u_FIR_0|fir_3k4:u_fir_3k4_0|fir_3k4_0002:fir_3k4_inst|fir_3k4_0002_ast:fir_3k4_0002_ast_inst|fir_3k4_0002_rtl_core:\real_passthrough:hpfircore_core|u0_m0_wo0_mtree_add3_0_o[0]                                                                          ; FIR:u_FIR_0|fir_3k4:u_fir_3k4_0|fir_3k4_0002:fir_3k4_inst|fir_3k4_0002_ast:fir_3k4_0002_ast_inst|fir_3k4_0002_rtl_core:\real_passthrough:hpfircore_core|u0_m0_wo0_accum_o[27]                                                        ; clk_50M      ; clk_50M     ; 20.000       ; -0.076     ; 3.928      ;
; 16.004 ; FIR:u_FIR_0|fir_3k4:u_fir_3k4_0|fir_3k4_0002:fir_3k4_inst|fir_3k4_0002_ast:fir_3k4_0002_ast_inst|fir_3k4_0002_rtl_core:\real_passthrough:hpfircore_core|u0_m0_wo0_wi0_r0_ra20_count0_inner_i[8]                                                              ; FIR:u_FIR_0|fir_3k4:u_fir_3k4_0|fir_3k4_0002:fir_3k4_inst|fir_3k4_0002_ast:fir_3k4_0002_ast_inst|fir_3k4_0002_rtl_core:\real_passthrough:hpfircore_core|u0_m0_wo0_wi0_r0_ra20_count0_inner_i[8]                                      ; clk_50M      ; clk_50M     ; 20.000       ; -0.072     ; 3.926      ;
; 16.014 ; FIR:u_FIR_0|fir_3k4:u_fir_3k4_0|fir_3k4_0002:fir_3k4_inst|fir_3k4_0002_ast:fir_3k4_0002_ast_inst|fir_3k4_0002_rtl_core:\real_passthrough:hpfircore_core|u0_m0_wo0_mtree_add3_0_o[6]                                                                          ; FIR:u_FIR_0|fir_3k4:u_fir_3k4_0|fir_3k4_0002:fir_3k4_inst|fir_3k4_0002_ast:fir_3k4_0002_ast_inst|fir_3k4_0002_rtl_core:\real_passthrough:hpfircore_core|u0_m0_wo0_accum_o[24]                                                        ; clk_50M      ; clk_50M     ; 20.000       ; -0.076     ; 3.912      ;
; 16.021 ; FIR:u_FIR_0|fir_3k4:u_fir_3k4_0|fir_3k4_0002:fir_3k4_inst|fir_3k4_0002_ast:fir_3k4_0002_ast_inst|fir_3k4_0002_rtl_core:\real_passthrough:hpfircore_core|u0_m0_wo0_mtree_add3_0_o[4]                                                                          ; FIR:u_FIR_0|fir_3k4:u_fir_3k4_0|fir_3k4_0002:fir_3k4_inst|fir_3k4_0002_ast:fir_3k4_0002_ast_inst|fir_3k4_0002_rtl_core:\real_passthrough:hpfircore_core|u0_m0_wo0_accum_o[22]                                                        ; clk_50M      ; clk_50M     ; 20.000       ; -0.076     ; 3.905      ;
; 16.030 ; FIR:u_FIR_0|fir_3k4:u_fir_3k4_0|fir_3k4_0002:fir_3k4_inst|fir_3k4_0002_ast:fir_3k4_0002_ast_inst|fir_3k4_0002_rtl_core:\real_passthrough:hpfircore_core|u0_m0_wo0_mtree_add3_0_o[8]                                                                          ; FIR:u_FIR_0|fir_3k4:u_fir_3k4_0|fir_3k4_0002:fir_3k4_inst|fir_3k4_0002_ast:fir_3k4_0002_ast_inst|fir_3k4_0002_rtl_core:\real_passthrough:hpfircore_core|u0_m0_wo0_accum_o[27]                                                        ; clk_50M      ; clk_50M     ; 20.000       ; -0.076     ; 3.896      ;
; 16.037 ; FIR:u_FIR_0|fir_3k4:u_fir_3k4_0|fir_3k4_0002:fir_3k4_inst|fir_3k4_0002_ast:fir_3k4_0002_ast_inst|fir_3k4_0002_rtl_core:\real_passthrough:hpfircore_core|u0_m0_wo0_mtree_add3_0_o[0]                                                                          ; FIR:u_FIR_0|fir_3k4:u_fir_3k4_0|fir_3k4_0002:fir_3k4_inst|fir_3k4_0002_ast:fir_3k4_0002_ast_inst|fir_3k4_0002_rtl_core:\real_passthrough:hpfircore_core|u0_m0_wo0_accum_o[28]                                                        ; clk_50M      ; clk_50M     ; 20.000       ; -0.076     ; 3.889      ;
; 16.043 ; FIR:u_FIR_0|fir_3k4:u_fir_3k4_0|fir_3k4_0002:fir_3k4_inst|fir_3k4_0002_ast:fir_3k4_0002_ast_inst|fir_3k4_0002_rtl_core:\real_passthrough:hpfircore_core|u0_m0_wo0_mtree_add3_0_o[3]                                                                          ; FIR:u_FIR_0|fir_3k4:u_fir_3k4_0|fir_3k4_0002:fir_3k4_inst|fir_3k4_0002_ast:fir_3k4_0002_ast_inst|fir_3k4_0002_rtl_core:\real_passthrough:hpfircore_core|u0_m0_wo0_accum_o[26]                                                        ; clk_50M      ; clk_50M     ; 20.000       ; -0.076     ; 3.883      ;
; 16.064 ; FIR:u_FIR_0|fir_3k4:u_fir_3k4_0|fir_3k4_0002:fir_3k4_inst|fir_3k4_0002_ast:fir_3k4_0002_ast_inst|fir_3k4_0002_rtl_core:\real_passthrough:hpfircore_core|u0_m0_wo0_mtree_add3_0_o[3]                                                                          ; FIR:u_FIR_0|fir_3k4:u_fir_3k4_0|fir_3k4_0002:fir_3k4_inst|fir_3k4_0002_ast:fir_3k4_0002_ast_inst|fir_3k4_0002_rtl_core:\real_passthrough:hpfircore_core|u0_m0_wo0_accum_o[25]                                                        ; clk_50M      ; clk_50M     ; 20.000       ; -0.076     ; 3.862      ;
; 16.066 ; FIR:u_FIR_0|fir_3k4:u_fir_3k4_0|fir_3k4_0002:fir_3k4_inst|fir_3k4_0002_ast:fir_3k4_0002_ast_inst|fir_3k4_0002_rtl_core:\real_passthrough:hpfircore_core|u0_m0_wo0_mtree_add3_0_o[2]                                                                          ; FIR:u_FIR_0|fir_3k4:u_fir_3k4_0|fir_3k4_0002:fir_3k4_inst|fir_3k4_0002_ast:fir_3k4_0002_ast_inst|fir_3k4_0002_rtl_core:\real_passthrough:hpfircore_core|u0_m0_wo0_accum_o[17]                                                        ; clk_50M      ; clk_50M     ; 20.000       ; -0.076     ; 3.860      ;
; 16.069 ; FIR:u_FIR_0|fir_3k4:u_fir_3k4_0|fir_3k4_0002:fir_3k4_inst|fir_3k4_0002_ast:fir_3k4_0002_ast_inst|fir_3k4_0002_rtl_core:\real_passthrough:hpfircore_core|u0_m0_wo0_mtree_add3_0_o[8]                                                                          ; FIR:u_FIR_0|fir_3k4:u_fir_3k4_0|fir_3k4_0002:fir_3k4_inst|fir_3k4_0002_ast:fir_3k4_0002_ast_inst|fir_3k4_0002_rtl_core:\real_passthrough:hpfircore_core|u0_m0_wo0_accum_o[28]                                                        ; clk_50M      ; clk_50M     ; 20.000       ; -0.076     ; 3.857      ;
; 16.083 ; FIR:u_FIR_0|fir_3k4:u_fir_3k4_0|fir_3k4_0002:fir_3k4_inst|fir_3k4_0002_ast:fir_3k4_0002_ast_inst|fir_3k4_0002_rtl_core:\real_passthrough:hpfircore_core|u0_m0_wo0_mtree_add3_0_o[11]                                                                         ; FIR:u_FIR_0|fir_3k4:u_fir_3k4_0|fir_3k4_0002:fir_3k4_inst|fir_3k4_0002_ast:fir_3k4_0002_ast_inst|fir_3k4_0002_rtl_core:\real_passthrough:hpfircore_core|u0_m0_wo0_accum_o[27]                                                        ; clk_50M      ; clk_50M     ; 20.000       ; -0.075     ; 3.844      ;
; 16.088 ; FIR:u_FIR_0|fir_3k4:u_fir_3k4_0|fir_3k4_0002:fir_3k4_inst|fir_3k4_0002_ast:fir_3k4_0002_ast_inst|fir_3k4_0002_rtl_core:\real_passthrough:hpfircore_core|u0_m0_wo0_mtree_add3_0_o[1]                                                                          ; FIR:u_FIR_0|fir_3k4:u_fir_3k4_0|fir_3k4_0002:fir_3k4_inst|fir_3k4_0002_ast:fir_3k4_0002_ast_inst|fir_3k4_0002_rtl_core:\real_passthrough:hpfircore_core|u0_m0_wo0_accum_o[24]                                                        ; clk_50M      ; clk_50M     ; 20.000       ; -0.076     ; 3.838      ;
; 16.091 ; FIR:u_FIR_0|fir_3k4:u_fir_3k4_0|fir_3k4_0002:fir_3k4_inst|fir_3k4_0002_ast:fir_3k4_0002_ast_inst|fir_3k4_0002_rtl_core:\real_passthrough:hpfircore_core|u0_m0_wo0_wi0_r0_ra20_count0_inner_i[8]                                                              ; FIR:u_FIR_0|fir_3k4:u_fir_3k4_0|fir_3k4_0002:fir_3k4_inst|fir_3k4_0002_ast:fir_3k4_0002_ast_inst|fir_3k4_0002_rtl_core:\real_passthrough:hpfircore_core|u0_m0_wo0_wi0_r0_ra20_count0_inner_i[5]                                      ; clk_50M      ; clk_50M     ; 20.000       ; -0.072     ; 3.839      ;
; 16.098 ; FIR:u_FIR_0|fir_3k4:u_fir_3k4_0|fir_3k4_0002:fir_3k4_inst|fir_3k4_0002_ast:fir_3k4_0002_ast_inst|fir_3k4_0002_rtl_core:\real_passthrough:hpfircore_core|u0_m0_wo0_mtree_add3_0_o[5]                                                                          ; FIR:u_FIR_0|fir_3k4:u_fir_3k4_0|fir_3k4_0002:fir_3k4_inst|fir_3k4_0002_ast:fir_3k4_0002_ast_inst|fir_3k4_0002_rtl_core:\real_passthrough:hpfircore_core|u0_m0_wo0_accum_o[28]                                                        ; clk_50M      ; clk_50M     ; 20.000       ; -0.076     ; 3.828      ;
; 16.101 ; FIR:u_FIR_0|fir_3k4:u_fir_3k4_0|fir_3k4_0002:fir_3k4_inst|fir_3k4_0002_ast:fir_3k4_0002_ast_inst|fir_3k4_0002_rtl_core:\real_passthrough:hpfircore_core|u0_m0_wo0_mtree_add3_0_o[6]                                                                          ; FIR:u_FIR_0|fir_3k4:u_fir_3k4_0|fir_3k4_0002:fir_3k4_inst|fir_3k4_0002_ast:fir_3k4_0002_ast_inst|fir_3k4_0002_rtl_core:\real_passthrough:hpfircore_core|u0_m0_wo0_accum_o[21]                                                        ; clk_50M      ; clk_50M     ; 20.000       ; -0.076     ; 3.825      ;
; 16.103 ; FIR:u_FIR_0|fir_3k4:u_fir_3k4_0|fir_3k4_0002:fir_3k4_inst|fir_3k4_0002_ast:fir_3k4_0002_ast_inst|fir_3k4_0002_rtl_core:\real_passthrough:hpfircore_core|u0_m0_wo0_mtree_add3_0_o[1]                                                                          ; FIR:u_FIR_0|fir_3k4:u_fir_3k4_0|fir_3k4_0002:fir_3k4_inst|fir_3k4_0002_ast:fir_3k4_0002_ast_inst|fir_3k4_0002_rtl_core:\real_passthrough:hpfircore_core|u0_m0_wo0_accum_o[23]                                                        ; clk_50M      ; clk_50M     ; 20.000       ; -0.076     ; 3.823      ;
; 16.105 ; FIR:u_FIR_0|fir_3k4:u_fir_3k4_0|fir_3k4_0002:fir_3k4_inst|fir_3k4_0002_ast:fir_3k4_0002_ast_inst|fir_3k4_0002_rtl_core:\real_passthrough:hpfircore_core|u0_m0_wo0_mtree_add3_0_o[2]                                                                          ; FIR:u_FIR_0|fir_3k4:u_fir_3k4_0|fir_3k4_0002:fir_3k4_inst|fir_3k4_0002_ast:fir_3k4_0002_ast_inst|fir_3k4_0002_rtl_core:\real_passthrough:hpfircore_core|u0_m0_wo0_accum_o[18]                                                        ; clk_50M      ; clk_50M     ; 20.000       ; -0.076     ; 3.821      ;
; 16.108 ; FIR:u_FIR_0|fir_3k4:u_fir_3k4_0|fir_3k4_0002:fir_3k4_inst|fir_3k4_0002_ast:fir_3k4_0002_ast_inst|fir_3k4_0002_rtl_core:\real_passthrough:hpfircore_core|u0_m0_wo0_mtree_add3_0_o[4]                                                                          ; FIR:u_FIR_0|fir_3k4:u_fir_3k4_0|fir_3k4_0002:fir_3k4_inst|fir_3k4_0002_ast:fir_3k4_0002_ast_inst|fir_3k4_0002_rtl_core:\real_passthrough:hpfircore_core|u0_m0_wo0_accum_o[19]                                                        ; clk_50M      ; clk_50M     ; 20.000       ; -0.076     ; 3.818      ;
; 16.122 ; FIR:u_FIR_0|fir_3k4:u_fir_3k4_0|fir_3k4_0002:fir_3k4_inst|fir_3k4_0002_ast:fir_3k4_0002_ast_inst|fir_3k4_0002_rtl_core:\real_passthrough:hpfircore_core|u0_m0_wo0_mtree_add3_0_o[11]                                                                         ; FIR:u_FIR_0|fir_3k4:u_fir_3k4_0|fir_3k4_0002:fir_3k4_inst|fir_3k4_0002_ast:fir_3k4_0002_ast_inst|fir_3k4_0002_rtl_core:\real_passthrough:hpfircore_core|u0_m0_wo0_accum_o[28]                                                        ; clk_50M      ; clk_50M     ; 20.000       ; -0.075     ; 3.805      ;
; 16.124 ; FIR:u_FIR_0|fir_3k4:u_fir_3k4_0|fir_3k4_0002:fir_3k4_inst|fir_3k4_0002_ast:fir_3k4_0002_ast_inst|fir_3k4_0002_rtl_core:\real_passthrough:hpfircore_core|u0_m0_wo0_mtree_add3_0_o[0]                                                                          ; FIR:u_FIR_0|fir_3k4:u_fir_3k4_0|fir_3k4_0002:fir_3k4_inst|fir_3k4_0002_ast:fir_3k4_0002_ast_inst|fir_3k4_0002_rtl_core:\real_passthrough:hpfircore_core|u0_m0_wo0_accum_o[25]                                                        ; clk_50M      ; clk_50M     ; 20.000       ; -0.076     ; 3.802      ;
; 16.128 ; FIR:u_FIR_0|fir_3k4:u_fir_3k4_0|fir_3k4_0002:fir_3k4_inst|fir_3k4_0002_ast:fir_3k4_0002_ast_inst|fir_3k4_0002_rtl_core:\real_passthrough:hpfircore_core|u0_m0_wo0_mtree_add3_0_o[5]                                                                          ; FIR:u_FIR_0|fir_3k4:u_fir_3k4_0|fir_3k4_0002:fir_3k4_inst|fir_3k4_0002_ast:fir_3k4_0002_ast_inst|fir_3k4_0002_rtl_core:\real_passthrough:hpfircore_core|u0_m0_wo0_accum_o[27]                                                        ; clk_50M      ; clk_50M     ; 20.000       ; -0.076     ; 3.798      ;
; 16.130 ; FIR:u_FIR_0|fir_3k4:u_fir_3k4_0|fir_3k4_0002:fir_3k4_inst|fir_3k4_0002_ast:fir_3k4_0002_ast_inst|fir_3k4_0002_rtl_core:\real_passthrough:hpfircore_core|u0_m0_wo0_wi0_r0_ra20_count0_inner_i[8]                                                              ; FIR:u_FIR_0|fir_3k4:u_fir_3k4_0|fir_3k4_0002:fir_3k4_inst|fir_3k4_0002_ast:fir_3k4_0002_ast_inst|fir_3k4_0002_rtl_core:\real_passthrough:hpfircore_core|u0_m0_wo0_wi0_r0_ra20_count0_inner_i[6]                                      ; clk_50M      ; clk_50M     ; 20.000       ; -0.072     ; 3.800      ;
; 16.140 ; FIR:u_FIR_0|fir_3k4:u_fir_3k4_0|fir_3k4_0002:fir_3k4_inst|fir_3k4_0002_ast:fir_3k4_0002_ast_inst|fir_3k4_0002_rtl_core:\real_passthrough:hpfircore_core|u0_m0_wo0_mtree_add3_0_o[6]                                                                          ; FIR:u_FIR_0|fir_3k4:u_fir_3k4_0|fir_3k4_0002:fir_3k4_inst|fir_3k4_0002_ast:fir_3k4_0002_ast_inst|fir_3k4_0002_rtl_core:\real_passthrough:hpfircore_core|u0_m0_wo0_accum_o[22]                                                        ; clk_50M      ; clk_50M     ; 20.000       ; -0.076     ; 3.786      ;
; 16.147 ; FIR:u_FIR_0|fir_3k4:u_fir_3k4_0|fir_3k4_0002:fir_3k4_inst|fir_3k4_0002_ast:fir_3k4_0002_ast_inst|fir_3k4_0002_rtl_core:\real_passthrough:hpfircore_core|u0_m0_wo0_mtree_add3_0_o[4]                                                                          ; FIR:u_FIR_0|fir_3k4:u_fir_3k4_0|fir_3k4_0002:fir_3k4_inst|fir_3k4_0002_ast:fir_3k4_0002_ast_inst|fir_3k4_0002_rtl_core:\real_passthrough:hpfircore_core|u0_m0_wo0_accum_o[20]                                                        ; clk_50M      ; clk_50M     ; 20.000       ; -0.076     ; 3.779      ;
; 16.156 ; FIR:u_FIR_0|fir_3k4:u_fir_3k4_0|fir_3k4_0002:fir_3k4_inst|fir_3k4_0002_ast:fir_3k4_0002_ast_inst|fir_3k4_0002_rtl_core:\real_passthrough:hpfircore_core|u0_m0_wo0_mtree_add3_0_o[8]                                                                          ; FIR:u_FIR_0|fir_3k4:u_fir_3k4_0|fir_3k4_0002:fir_3k4_inst|fir_3k4_0002_ast:fir_3k4_0002_ast_inst|fir_3k4_0002_rtl_core:\real_passthrough:hpfircore_core|u0_m0_wo0_accum_o[25]                                                        ; clk_50M      ; clk_50M     ; 20.000       ; -0.076     ; 3.770      ;
; 16.163 ; FIR:u_FIR_0|fir_3k4:u_fir_3k4_0|fir_3k4_0002:fir_3k4_inst|fir_3k4_0002_ast:fir_3k4_0002_ast_inst|fir_3k4_0002_rtl_core:\real_passthrough:hpfircore_core|u0_m0_wo0_mtree_add3_0_o[0]                                                                          ; FIR:u_FIR_0|fir_3k4:u_fir_3k4_0|fir_3k4_0002:fir_3k4_inst|fir_3k4_0002_ast:fir_3k4_0002_ast_inst|fir_3k4_0002_rtl_core:\real_passthrough:hpfircore_core|u0_m0_wo0_accum_o[26]                                                        ; clk_50M      ; clk_50M     ; 20.000       ; -0.076     ; 3.763      ;
; 16.169 ; FIR:u_FIR_0|fir_3k4:u_fir_3k4_0|fir_3k4_0002:fir_3k4_inst|fir_3k4_0002_ast:fir_3k4_0002_ast_inst|fir_3k4_0002_rtl_core:\real_passthrough:hpfircore_core|u0_m0_wo0_wi0_r0_ra20_count0_inner_i[8]                                                              ; FIR:u_FIR_0|fir_3k4:u_fir_3k4_0|fir_3k4_0002:fir_3k4_inst|fir_3k4_0002_ast:fir_3k4_0002_ast_inst|fir_3k4_0002_rtl_core:\real_passthrough:hpfircore_core|u0_m0_wo0_wi0_r0_ra20_count0_i[7]                                            ; clk_50M      ; clk_50M     ; 20.000       ; -0.064     ; 3.769      ;
; 16.169 ; FIR:u_FIR_0|fir_3k4:u_fir_3k4_0|fir_3k4_0002:fir_3k4_inst|fir_3k4_0002_ast:fir_3k4_0002_ast_inst|fir_3k4_0002_rtl_core:\real_passthrough:hpfircore_core|u0_m0_wo0_wi0_r0_ra20_count0_inner_i[8]                                                              ; FIR:u_FIR_0|fir_3k4:u_fir_3k4_0|fir_3k4_0002:fir_3k4_inst|fir_3k4_0002_ast:fir_3k4_0002_ast_inst|fir_3k4_0002_rtl_core:\real_passthrough:hpfircore_core|u0_m0_wo0_wi0_r0_ra20_count0_i[6]                                            ; clk_50M      ; clk_50M     ; 20.000       ; -0.064     ; 3.769      ;
; 16.169 ; FIR:u_FIR_0|fir_3k4:u_fir_3k4_0|fir_3k4_0002:fir_3k4_inst|fir_3k4_0002_ast:fir_3k4_0002_ast_inst|fir_3k4_0002_rtl_core:\real_passthrough:hpfircore_core|u0_m0_wo0_wi0_r0_ra20_count0_inner_i[8]                                                              ; FIR:u_FIR_0|fir_3k4:u_fir_3k4_0|fir_3k4_0002:fir_3k4_inst|fir_3k4_0002_ast:fir_3k4_0002_ast_inst|fir_3k4_0002_rtl_core:\real_passthrough:hpfircore_core|u0_m0_wo0_wi0_r0_ra20_count0_i[5]                                            ; clk_50M      ; clk_50M     ; 20.000       ; -0.064     ; 3.769      ;
; 16.169 ; FIR:u_FIR_0|fir_3k4:u_fir_3k4_0|fir_3k4_0002:fir_3k4_inst|fir_3k4_0002_ast:fir_3k4_0002_ast_inst|fir_3k4_0002_rtl_core:\real_passthrough:hpfircore_core|u0_m0_wo0_wi0_r0_ra20_count0_inner_i[8]                                                              ; FIR:u_FIR_0|fir_3k4:u_fir_3k4_0|fir_3k4_0002:fir_3k4_inst|fir_3k4_0002_ast:fir_3k4_0002_ast_inst|fir_3k4_0002_rtl_core:\real_passthrough:hpfircore_core|u0_m0_wo0_wi0_r0_ra20_count0_i[4]                                            ; clk_50M      ; clk_50M     ; 20.000       ; -0.064     ; 3.769      ;
; 16.169 ; FIR:u_FIR_0|fir_3k4:u_fir_3k4_0|fir_3k4_0002:fir_3k4_inst|fir_3k4_0002_ast:fir_3k4_0002_ast_inst|fir_3k4_0002_rtl_core:\real_passthrough:hpfircore_core|u0_m0_wo0_wi0_r0_ra20_count0_inner_i[8]                                                              ; FIR:u_FIR_0|fir_3k4:u_fir_3k4_0|fir_3k4_0002:fir_3k4_inst|fir_3k4_0002_ast:fir_3k4_0002_ast_inst|fir_3k4_0002_rtl_core:\real_passthrough:hpfircore_core|u0_m0_wo0_wi0_r0_ra20_count0_i[3]                                            ; clk_50M      ; clk_50M     ; 20.000       ; -0.064     ; 3.769      ;
; 16.169 ; FIR:u_FIR_0|fir_3k4:u_fir_3k4_0|fir_3k4_0002:fir_3k4_inst|fir_3k4_0002_ast:fir_3k4_0002_ast_inst|fir_3k4_0002_rtl_core:\real_passthrough:hpfircore_core|u0_m0_wo0_wi0_r0_ra20_count0_inner_i[8]                                                              ; FIR:u_FIR_0|fir_3k4:u_fir_3k4_0|fir_3k4_0002:fir_3k4_inst|fir_3k4_0002_ast:fir_3k4_0002_ast_inst|fir_3k4_0002_rtl_core:\real_passthrough:hpfircore_core|u0_m0_wo0_wi0_r0_ra20_count0_i[2]                                            ; clk_50M      ; clk_50M     ; 20.000       ; -0.064     ; 3.769      ;
; 16.169 ; FIR:u_FIR_0|fir_3k4:u_fir_3k4_0|fir_3k4_0002:fir_3k4_inst|fir_3k4_0002_ast:fir_3k4_0002_ast_inst|fir_3k4_0002_rtl_core:\real_passthrough:hpfircore_core|u0_m0_wo0_wi0_r0_ra20_count0_inner_i[8]                                                              ; FIR:u_FIR_0|fir_3k4:u_fir_3k4_0|fir_3k4_0002:fir_3k4_inst|fir_3k4_0002_ast:fir_3k4_0002_ast_inst|fir_3k4_0002_rtl_core:\real_passthrough:hpfircore_core|u0_m0_wo0_wi0_r0_ra20_count0_i[1]                                            ; clk_50M      ; clk_50M     ; 20.000       ; -0.064     ; 3.769      ;
; 16.169 ; FIR:u_FIR_0|fir_3k4:u_fir_3k4_0|fir_3k4_0002:fir_3k4_inst|fir_3k4_0002_ast:fir_3k4_0002_ast_inst|fir_3k4_0002_rtl_core:\real_passthrough:hpfircore_core|u0_m0_wo0_mtree_add3_0_o[3]                                                                          ; FIR:u_FIR_0|fir_3k4:u_fir_3k4_0|fir_3k4_0002:fir_3k4_inst|fir_3k4_0002_ast:fir_3k4_0002_ast_inst|fir_3k4_0002_rtl_core:\real_passthrough:hpfircore_core|u0_m0_wo0_accum_o[24]                                                        ; clk_50M      ; clk_50M     ; 20.000       ; -0.076     ; 3.757      ;
; 16.190 ; FIR:u_FIR_0|fir_3k4:u_fir_3k4_0|fir_3k4_0002:fir_3k4_inst|fir_3k4_0002_ast:fir_3k4_0002_ast_inst|fir_3k4_0002_rtl_core:\real_passthrough:hpfircore_core|u0_m0_wo0_mtree_add3_0_o[3]                                                                          ; FIR:u_FIR_0|fir_3k4:u_fir_3k4_0|fir_3k4_0002:fir_3k4_inst|fir_3k4_0002_ast:fir_3k4_0002_ast_inst|fir_3k4_0002_rtl_core:\real_passthrough:hpfircore_core|u0_m0_wo0_accum_o[23]                                                        ; clk_50M      ; clk_50M     ; 20.000       ; -0.076     ; 3.736      ;
; 16.192 ; FIR:u_FIR_0|fir_3k4:u_fir_3k4_0|fir_3k4_0002:fir_3k4_inst|fir_3k4_0002_ast:fir_3k4_0002_ast_inst|fir_3k4_0002_rtl_core:\real_passthrough:hpfircore_core|u0_m0_wo0_mtree_add3_0_o[2]                                                                          ; FIR:u_FIR_0|fir_3k4:u_fir_3k4_0|fir_3k4_0002:fir_3k4_inst|fir_3k4_0002_ast:fir_3k4_0002_ast_inst|fir_3k4_0002_rtl_core:\real_passthrough:hpfircore_core|u0_m0_wo0_accum_o[15]                                                        ; clk_50M      ; clk_50M     ; 20.000       ; -0.076     ; 3.734      ;
; 16.195 ; FIR:u_FIR_0|fir_3k4:u_fir_3k4_0|fir_3k4_0002:fir_3k4_inst|fir_3k4_0002_ast:fir_3k4_0002_ast_inst|fir_3k4_0002_rtl_core:\real_passthrough:hpfircore_core|u0_m0_wo0_mtree_add3_0_o[8]                                                                          ; FIR:u_FIR_0|fir_3k4:u_fir_3k4_0|fir_3k4_0002:fir_3k4_inst|fir_3k4_0002_ast:fir_3k4_0002_ast_inst|fir_3k4_0002_rtl_core:\real_passthrough:hpfircore_core|u0_m0_wo0_accum_o[26]                                                        ; clk_50M      ; clk_50M     ; 20.000       ; -0.076     ; 3.731      ;
; 16.196 ; FIR:u_FIR_0|fir_3k4:u_fir_3k4_0|fir_3k4_0002:fir_3k4_inst|fir_3k4_0002_ast:fir_3k4_0002_ast_inst|fir_3k4_0002_rtl_core:\real_passthrough:hpfircore_core|u0_m0_wo0_wi0_r0_we20_seq_eq                                                                         ; FIR:u_FIR_0|fir_3k4:u_fir_3k4_0|fir_3k4_0002:fir_3k4_inst|fir_3k4_0002_ast:fir_3k4_0002_ast_inst|fir_3k4_0002_rtl_core:\real_passthrough:hpfircore_core|u0_m0_wo0_wi0_r0_we20_seq_q[0]                                               ; clk_50M      ; clk_50M     ; 20.000       ; -0.072     ; 3.734      ;
; 16.204 ; FIR:u_FIR_0|fir_3k4:u_fir_3k4_0|fir_3k4_0002:fir_3k4_inst|fir_3k4_0002_ast:fir_3k4_0002_ast_inst|fir_3k4_0002_rtl_core:\real_passthrough:hpfircore_core|\u0_m0_wo0_run_clkproc:u0_m0_wo0_run_enable_c[4]                                                     ; FIR:u_FIR_0|fir_3k4:u_fir_3k4_0|fir_3k4_0002:fir_3k4_inst|fir_3k4_0002_ast:fir_3k4_0002_ast_inst|fir_3k4_0002_rtl_core:\real_passthrough:hpfircore_core|u0_m0_wo0_run_enableQ[0]                                                     ; clk_50M      ; clk_50M     ; 20.000       ; -0.092     ; 3.706      ;
; 16.205 ; FIR:u_FIR_0|fir_3k4:u_fir_3k4_0|fir_3k4_0002:fir_3k4_inst|fir_3k4_0002_ast:fir_3k4_0002_ast_inst|fir_3k4_0002_rtl_core:\real_passthrough:hpfircore_core|u0_m0_wo0_mtree_add3_0_o[7]                                                                          ; FIR:u_FIR_0|fir_3k4:u_fir_3k4_0|fir_3k4_0002:fir_3k4_inst|fir_3k4_0002_ast:fir_3k4_0002_ast_inst|fir_3k4_0002_rtl_core:\real_passthrough:hpfircore_core|u0_m0_wo0_accum_o[28]                                                        ; clk_50M      ; clk_50M     ; 20.000       ; -0.076     ; 3.721      ;
; 16.206 ; FIR:u_FIR_0|fir_3k4:u_fir_3k4_0|fir_3k4_0002:fir_3k4_inst|fir_3k4_0002_ast:fir_3k4_0002_ast_inst|fir_3k4_0002_rtl_core:\real_passthrough:hpfircore_core|\u0_m0_wo0_run_clkproc:u0_m0_wo0_run_enable_c[3]                                                     ; FIR:u_FIR_0|fir_3k4:u_fir_3k4_0|fir_3k4_0002:fir_3k4_inst|fir_3k4_0002_ast:fir_3k4_0002_ast_inst|fir_3k4_0002_rtl_core:\real_passthrough:hpfircore_core|u0_m0_wo0_run_enableQ[0]                                                     ; clk_50M      ; clk_50M     ; 20.000       ; -0.092     ; 3.704      ;
; 16.209 ; FIR:u_FIR_0|fir_3k4:u_fir_3k4_0|fir_3k4_0002:fir_3k4_inst|fir_3k4_0002_ast:fir_3k4_0002_ast_inst|fir_3k4_0002_rtl_core:\real_passthrough:hpfircore_core|u0_m0_wo0_mtree_add3_0_o[11]                                                                         ; FIR:u_FIR_0|fir_3k4:u_fir_3k4_0|fir_3k4_0002:fir_3k4_inst|fir_3k4_0002_ast:fir_3k4_0002_ast_inst|fir_3k4_0002_rtl_core:\real_passthrough:hpfircore_core|u0_m0_wo0_accum_o[25]                                                        ; clk_50M      ; clk_50M     ; 20.000       ; -0.075     ; 3.718      ;
; 16.214 ; FIR:u_FIR_0|fir_3k4:u_fir_3k4_0|fir_3k4_0002:fir_3k4_inst|fir_3k4_0002_ast:fir_3k4_0002_ast_inst|fir_3k4_0002_rtl_core:\real_passthrough:hpfircore_core|u0_m0_wo0_mtree_add3_0_o[1]                                                                          ; FIR:u_FIR_0|fir_3k4:u_fir_3k4_0|fir_3k4_0002:fir_3k4_inst|fir_3k4_0002_ast:fir_3k4_0002_ast_inst|fir_3k4_0002_rtl_core:\real_passthrough:hpfircore_core|u0_m0_wo0_accum_o[22]                                                        ; clk_50M      ; clk_50M     ; 20.000       ; -0.076     ; 3.712      ;
; 16.217 ; FIR:u_FIR_0|fir_3k4:u_fir_3k4_0|fir_3k4_0002:fir_3k4_inst|fir_3k4_0002_ast:fir_3k4_0002_ast_inst|fir_3k4_0002_rtl_core:\real_passthrough:hpfircore_core|u0_m0_wo0_wi0_r0_ra20_count0_inner_i[8]                                                              ; FIR:u_FIR_0|fir_3k4:u_fir_3k4_0|fir_3k4_0002:fir_3k4_inst|fir_3k4_0002_ast:fir_3k4_0002_ast_inst|fir_3k4_0002_rtl_core:\real_passthrough:hpfircore_core|u0_m0_wo0_wi0_r0_ra20_count0_inner_i[3]                                      ; clk_50M      ; clk_50M     ; 20.000       ; -0.072     ; 3.713      ;
; 16.221 ; FIR:u_FIR_0|fir_3k4:u_fir_3k4_0|fir_3k4_0002:fir_3k4_inst|fir_3k4_0002_ast:fir_3k4_0002_ast_inst|fir_3k4_0002_rtl_core:\real_passthrough:hpfircore_core|u0_m0_wo0_mtree_add3_0_o[7]                                                                          ; FIR:u_FIR_0|fir_3k4:u_fir_3k4_0|fir_3k4_0002:fir_3k4_inst|fir_3k4_0002_ast:fir_3k4_0002_ast_inst|fir_3k4_0002_rtl_core:\real_passthrough:hpfircore_core|u0_m0_wo0_accum_o[27]                                                        ; clk_50M      ; clk_50M     ; 20.000       ; -0.076     ; 3.705      ;
; 16.224 ; FIR:u_FIR_0|fir_3k4:u_fir_3k4_0|fir_3k4_0002:fir_3k4_inst|fir_3k4_0002_ast:fir_3k4_0002_ast_inst|fir_3k4_0002_rtl_core:\real_passthrough:hpfircore_core|u0_m0_wo0_mtree_add3_0_o[5]                                                                          ; FIR:u_FIR_0|fir_3k4:u_fir_3k4_0|fir_3k4_0002:fir_3k4_inst|fir_3k4_0002_ast:fir_3k4_0002_ast_inst|fir_3k4_0002_rtl_core:\real_passthrough:hpfircore_core|u0_m0_wo0_accum_o[26]                                                        ; clk_50M      ; clk_50M     ; 20.000       ; -0.076     ; 3.702      ;
; 16.227 ; FIR:u_FIR_0|fir_3k4:u_fir_3k4_0|fir_3k4_0002:fir_3k4_inst|fir_3k4_0002_ast:fir_3k4_0002_ast_inst|fir_3k4_0002_rtl_core:\real_passthrough:hpfircore_core|u0_m0_wo0_mtree_add3_0_o[6]                                                                          ; FIR:u_FIR_0|fir_3k4:u_fir_3k4_0|fir_3k4_0002:fir_3k4_inst|fir_3k4_0002_ast:fir_3k4_0002_ast_inst|fir_3k4_0002_rtl_core:\real_passthrough:hpfircore_core|u0_m0_wo0_accum_o[19]                                                        ; clk_50M      ; clk_50M     ; 20.000       ; -0.076     ; 3.699      ;
; 16.229 ; FIR:u_FIR_0|fir_3k4:u_fir_3k4_0|fir_3k4_0002:fir_3k4_inst|fir_3k4_0002_ast:fir_3k4_0002_ast_inst|fir_3k4_0002_rtl_core:\real_passthrough:hpfircore_core|u0_m0_wo0_mtree_add3_0_o[1]                                                                          ; FIR:u_FIR_0|fir_3k4:u_fir_3k4_0|fir_3k4_0002:fir_3k4_inst|fir_3k4_0002_ast:fir_3k4_0002_ast_inst|fir_3k4_0002_rtl_core:\real_passthrough:hpfircore_core|u0_m0_wo0_accum_o[21]                                                        ; clk_50M      ; clk_50M     ; 20.000       ; -0.076     ; 3.697      ;
; 16.231 ; FIR:u_FIR_0|fir_3k4:u_fir_3k4_0|fir_3k4_0002:fir_3k4_inst|fir_3k4_0002_ast:fir_3k4_0002_ast_inst|fir_3k4_0002_rtl_core:\real_passthrough:hpfircore_core|u0_m0_wo0_mtree_add3_0_o[2]                                                                          ; FIR:u_FIR_0|fir_3k4:u_fir_3k4_0|fir_3k4_0002:fir_3k4_inst|fir_3k4_0002_ast:fir_3k4_0002_ast_inst|fir_3k4_0002_rtl_core:\real_passthrough:hpfircore_core|u0_m0_wo0_accum_o[16]                                                        ; clk_50M      ; clk_50M     ; 20.000       ; -0.076     ; 3.695      ;
; 16.231 ; FIR:u_FIR_0|fir_3k4:u_fir_3k4_0|fir_3k4_0002:fir_3k4_inst|fir_3k4_0002_ast:fir_3k4_0002_ast_inst|fir_3k4_0002_rtl_core:\real_passthrough:hpfircore_core|\u0_m0_wo0_run_clkproc:u0_m0_wo0_run_enable_c[2]                                                     ; FIR:u_FIR_0|fir_3k4:u_fir_3k4_0|fir_3k4_0002:fir_3k4_inst|fir_3k4_0002_ast:fir_3k4_0002_ast_inst|fir_3k4_0002_rtl_core:\real_passthrough:hpfircore_core|u0_m0_wo0_run_enableQ[0]                                                     ; clk_50M      ; clk_50M     ; 20.000       ; -0.092     ; 3.679      ;
; 16.234 ; FIR:u_FIR_0|fir_3k4:u_fir_3k4_0|fir_3k4_0002:fir_3k4_inst|fir_3k4_0002_ast:fir_3k4_0002_ast_inst|fir_3k4_0002_rtl_core:\real_passthrough:hpfircore_core|u0_m0_wo0_mtree_add3_0_o[4]                                                                          ; FIR:u_FIR_0|fir_3k4:u_fir_3k4_0|fir_3k4_0002:fir_3k4_inst|fir_3k4_0002_ast:fir_3k4_0002_ast_inst|fir_3k4_0002_rtl_core:\real_passthrough:hpfircore_core|u0_m0_wo0_accum_o[17]                                                        ; clk_50M      ; clk_50M     ; 20.000       ; -0.076     ; 3.692      ;
; 16.236 ; FIR:u_FIR_0|fir_3k4:u_fir_3k4_0|fir_3k4_0002:fir_3k4_inst|fir_3k4_0002_ast:fir_3k4_0002_ast_inst|fir_3k4_0002_rtl_core:\real_passthrough:hpfircore_core|u0_m0_wo0_mtree_add0_3_o[5]                                                                          ; FIR:u_FIR_0|fir_3k4:u_fir_3k4_0|fir_3k4_0002:fir_3k4_inst|fir_3k4_0002_ast:fir_3k4_0002_ast_inst|fir_3k4_0002_rtl_core:\real_passthrough:hpfircore_core|u0_m0_wo0_mtree_add3_0_o[19]                                                 ; clk_50M      ; clk_50M     ; 20.000       ; -0.071     ; 3.695      ;
; 16.248 ; FIR:u_FIR_0|fir_3k4:u_fir_3k4_0|fir_3k4_0002:fir_3k4_inst|fir_3k4_0002_ast:fir_3k4_0002_ast_inst|fir_3k4_0002_rtl_core:\real_passthrough:hpfircore_core|u0_m0_wo0_mtree_add3_0_o[11]                                                                         ; FIR:u_FIR_0|fir_3k4:u_fir_3k4_0|fir_3k4_0002:fir_3k4_inst|fir_3k4_0002_ast:fir_3k4_0002_ast_inst|fir_3k4_0002_rtl_core:\real_passthrough:hpfircore_core|u0_m0_wo0_accum_o[26]                                                        ; clk_50M      ; clk_50M     ; 20.000       ; -0.075     ; 3.679      ;
; 16.250 ; FIR:u_FIR_0|fir_3k4:u_fir_3k4_0|fir_3k4_0002:fir_3k4_inst|fir_3k4_0002_ast:fir_3k4_0002_ast_inst|fir_3k4_0002_rtl_core:\real_passthrough:hpfircore_core|u0_m0_wo0_mtree_add3_0_o[0]                                                                          ; FIR:u_FIR_0|fir_3k4:u_fir_3k4_0|fir_3k4_0002:fir_3k4_inst|fir_3k4_0002_ast:fir_3k4_0002_ast_inst|fir_3k4_0002_rtl_core:\real_passthrough:hpfircore_core|u0_m0_wo0_accum_o[23]                                                        ; clk_50M      ; clk_50M     ; 20.000       ; -0.076     ; 3.676      ;
; 16.254 ; FIR:u_FIR_0|fir_3k4:u_fir_3k4_0|fir_3k4_0002:fir_3k4_inst|fir_3k4_0002_ast:fir_3k4_0002_ast_inst|fir_3k4_0002_rtl_core:\real_passthrough:hpfircore_core|u0_m0_wo0_mtree_add3_0_o[5]                                                                          ; FIR:u_FIR_0|fir_3k4:u_fir_3k4_0|fir_3k4_0002:fir_3k4_inst|fir_3k4_0002_ast:fir_3k4_0002_ast_inst|fir_3k4_0002_rtl_core:\real_passthrough:hpfircore_core|u0_m0_wo0_accum_o[25]                                                        ; clk_50M      ; clk_50M     ; 20.000       ; -0.076     ; 3.672      ;
; 16.256 ; FIR:u_FIR_0|fir_3k4:u_fir_3k4_0|fir_3k4_0002:fir_3k4_inst|fir_3k4_0002_ast:fir_3k4_0002_ast_inst|fir_3k4_0002_rtl_core:\real_passthrough:hpfircore_core|lpm_mult:u0_m0_wo0_mtree_mult1_12_component|mult_9bu:auto_generated|result[1]                        ; FIR:u_FIR_0|fir_3k4:u_fir_3k4_0|fir_3k4_0002:fir_3k4_inst|fir_3k4_0002_ast:fir_3k4_0002_ast_inst|fir_3k4_0002_rtl_core:\real_passthrough:hpfircore_core|u0_m0_wo0_mtree_add0_6_o[15]                                                 ; clk_50M      ; clk_50M     ; 20.000       ; 0.062      ; 3.808      ;
; 16.256 ; FIR:u_FIR_0|fir_3k4:u_fir_3k4_0|fir_3k4_0002:fir_3k4_inst|fir_3k4_0002_ast:fir_3k4_0002_ast_inst|fir_3k4_0002_rtl_core:\real_passthrough:hpfircore_core|u0_m0_wo0_wi0_r0_ra20_count0_inner_i[8]                                                              ; FIR:u_FIR_0|fir_3k4:u_fir_3k4_0|fir_3k4_0002:fir_3k4_inst|fir_3k4_0002_ast:fir_3k4_0002_ast_inst|fir_3k4_0002_rtl_core:\real_passthrough:hpfircore_core|u0_m0_wo0_wi0_r0_ra20_count0_inner_i[4]                                      ; clk_50M      ; clk_50M     ; 20.000       ; -0.072     ; 3.674      ;
; 16.266 ; FIR:u_FIR_0|fir_3k4:u_fir_3k4_0|fir_3k4_0002:fir_3k4_inst|fir_3k4_0002_ast:fir_3k4_0002_ast_inst|fir_3k4_0002_rtl_core:\real_passthrough:hpfircore_core|u0_m0_wo0_mtree_add3_0_o[6]                                                                          ; FIR:u_FIR_0|fir_3k4:u_fir_3k4_0|fir_3k4_0002:fir_3k4_inst|fir_3k4_0002_ast:fir_3k4_0002_ast_inst|fir_3k4_0002_rtl_core:\real_passthrough:hpfircore_core|u0_m0_wo0_accum_o[20]                                                        ; clk_50M      ; clk_50M     ; 20.000       ; -0.076     ; 3.660      ;
; 16.273 ; FIR:u_FIR_0|fir_3k4:u_fir_3k4_0|fir_3k4_0002:fir_3k4_inst|fir_3k4_0002_ast:fir_3k4_0002_ast_inst|fir_3k4_0002_rtl_core:\real_passthrough:hpfircore_core|u0_m0_wo0_mtree_add3_0_o[4]                                                                          ; FIR:u_FIR_0|fir_3k4:u_fir_3k4_0|fir_3k4_0002:fir_3k4_inst|fir_3k4_0002_ast:fir_3k4_0002_ast_inst|fir_3k4_0002_rtl_core:\real_passthrough:hpfircore_core|u0_m0_wo0_accum_o[18]                                                        ; clk_50M      ; clk_50M     ; 20.000       ; -0.076     ; 3.653      ;
; 16.282 ; FIR:u_FIR_0|fir_3k4:u_fir_3k4_0|fir_3k4_0002:fir_3k4_inst|fir_3k4_0002_ast:fir_3k4_0002_ast_inst|fir_3k4_0002_rtl_core:\real_passthrough:hpfircore_core|u0_m0_wo0_mtree_add3_0_o[8]                                                                          ; FIR:u_FIR_0|fir_3k4:u_fir_3k4_0|fir_3k4_0002:fir_3k4_inst|fir_3k4_0002_ast:fir_3k4_0002_ast_inst|fir_3k4_0002_rtl_core:\real_passthrough:hpfircore_core|u0_m0_wo0_accum_o[23]                                                        ; clk_50M      ; clk_50M     ; 20.000       ; -0.076     ; 3.644      ;
; 16.289 ; FIR:u_FIR_0|fir_3k4:u_fir_3k4_0|fir_3k4_0002:fir_3k4_inst|fir_3k4_0002_ast:fir_3k4_0002_ast_inst|fir_3k4_0002_rtl_core:\real_passthrough:hpfircore_core|lpm_mult:u0_m0_wo0_mtree_mult1_6_component|mult_9bu:auto_generated|mac_mult1~OBSERVABLEDATAA_REGOUT0 ; FIR:u_FIR_0|fir_3k4:u_fir_3k4_0|fir_3k4_0002:fir_3k4_inst|fir_3k4_0002_ast:fir_3k4_0002_ast_inst|fir_3k4_0002_rtl_core:\real_passthrough:hpfircore_core|lpm_mult:u0_m0_wo0_mtree_mult1_6_component|mult_9bu:auto_generated|result[0] ; clk_50M      ; clk_50M     ; 20.000       ; -0.109     ; 3.371      ;
; 16.289 ; FIR:u_FIR_0|fir_3k4:u_fir_3k4_0|fir_3k4_0002:fir_3k4_inst|fir_3k4_0002_ast:fir_3k4_0002_ast_inst|fir_3k4_0002_rtl_core:\real_passthrough:hpfircore_core|lpm_mult:u0_m0_wo0_mtree_mult1_6_component|mult_9bu:auto_generated|mac_mult1~OBSERVABLEDATAA_REGOUT0 ; FIR:u_FIR_0|fir_3k4:u_fir_3k4_0|fir_3k4_0002:fir_3k4_inst|fir_3k4_0002_ast:fir_3k4_0002_ast_inst|fir_3k4_0002_rtl_core:\real_passthrough:hpfircore_core|lpm_mult:u0_m0_wo0_mtree_mult1_6_component|mult_9bu:auto_generated|result[1] ; clk_50M      ; clk_50M     ; 20.000       ; -0.109     ; 3.371      ;
; 16.289 ; FIR:u_FIR_0|fir_3k4:u_fir_3k4_0|fir_3k4_0002:fir_3k4_inst|fir_3k4_0002_ast:fir_3k4_0002_ast_inst|fir_3k4_0002_rtl_core:\real_passthrough:hpfircore_core|lpm_mult:u0_m0_wo0_mtree_mult1_6_component|mult_9bu:auto_generated|mac_mult1~OBSERVABLEDATAA_REGOUT0 ; FIR:u_FIR_0|fir_3k4:u_fir_3k4_0|fir_3k4_0002:fir_3k4_inst|fir_3k4_0002_ast:fir_3k4_0002_ast_inst|fir_3k4_0002_rtl_core:\real_passthrough:hpfircore_core|lpm_mult:u0_m0_wo0_mtree_mult1_6_component|mult_9bu:auto_generated|result[2] ; clk_50M      ; clk_50M     ; 20.000       ; -0.109     ; 3.371      ;
; 16.289 ; FIR:u_FIR_0|fir_3k4:u_fir_3k4_0|fir_3k4_0002:fir_3k4_inst|fir_3k4_0002_ast:fir_3k4_0002_ast_inst|fir_3k4_0002_rtl_core:\real_passthrough:hpfircore_core|lpm_mult:u0_m0_wo0_mtree_mult1_6_component|mult_9bu:auto_generated|mac_mult1~OBSERVABLEDATAA_REGOUT0 ; FIR:u_FIR_0|fir_3k4:u_fir_3k4_0|fir_3k4_0002:fir_3k4_inst|fir_3k4_0002_ast:fir_3k4_0002_ast_inst|fir_3k4_0002_rtl_core:\real_passthrough:hpfircore_core|lpm_mult:u0_m0_wo0_mtree_mult1_6_component|mult_9bu:auto_generated|result[3] ; clk_50M      ; clk_50M     ; 20.000       ; -0.109     ; 3.371      ;
; 16.289 ; FIR:u_FIR_0|fir_3k4:u_fir_3k4_0|fir_3k4_0002:fir_3k4_inst|fir_3k4_0002_ast:fir_3k4_0002_ast_inst|fir_3k4_0002_rtl_core:\real_passthrough:hpfircore_core|lpm_mult:u0_m0_wo0_mtree_mult1_6_component|mult_9bu:auto_generated|mac_mult1~OBSERVABLEDATAA_REGOUT0 ; FIR:u_FIR_0|fir_3k4:u_fir_3k4_0|fir_3k4_0002:fir_3k4_inst|fir_3k4_0002_ast:fir_3k4_0002_ast_inst|fir_3k4_0002_rtl_core:\real_passthrough:hpfircore_core|lpm_mult:u0_m0_wo0_mtree_mult1_6_component|mult_9bu:auto_generated|result[4] ; clk_50M      ; clk_50M     ; 20.000       ; -0.109     ; 3.371      ;
; 16.289 ; FIR:u_FIR_0|fir_3k4:u_fir_3k4_0|fir_3k4_0002:fir_3k4_inst|fir_3k4_0002_ast:fir_3k4_0002_ast_inst|fir_3k4_0002_rtl_core:\real_passthrough:hpfircore_core|lpm_mult:u0_m0_wo0_mtree_mult1_6_component|mult_9bu:auto_generated|mac_mult1~OBSERVABLEDATAA_REGOUT0 ; FIR:u_FIR_0|fir_3k4:u_fir_3k4_0|fir_3k4_0002:fir_3k4_inst|fir_3k4_0002_ast:fir_3k4_0002_ast_inst|fir_3k4_0002_rtl_core:\real_passthrough:hpfircore_core|lpm_mult:u0_m0_wo0_mtree_mult1_6_component|mult_9bu:auto_generated|result[5] ; clk_50M      ; clk_50M     ; 20.000       ; -0.109     ; 3.371      ;
; 16.289 ; FIR:u_FIR_0|fir_3k4:u_fir_3k4_0|fir_3k4_0002:fir_3k4_inst|fir_3k4_0002_ast:fir_3k4_0002_ast_inst|fir_3k4_0002_rtl_core:\real_passthrough:hpfircore_core|lpm_mult:u0_m0_wo0_mtree_mult1_6_component|mult_9bu:auto_generated|mac_mult1~OBSERVABLEDATAA_REGOUT0 ; FIR:u_FIR_0|fir_3k4:u_fir_3k4_0|fir_3k4_0002:fir_3k4_inst|fir_3k4_0002_ast:fir_3k4_0002_ast_inst|fir_3k4_0002_rtl_core:\real_passthrough:hpfircore_core|lpm_mult:u0_m0_wo0_mtree_mult1_6_component|mult_9bu:auto_generated|result[6] ; clk_50M      ; clk_50M     ; 20.000       ; -0.109     ; 3.371      ;
; 16.289 ; FIR:u_FIR_0|fir_3k4:u_fir_3k4_0|fir_3k4_0002:fir_3k4_inst|fir_3k4_0002_ast:fir_3k4_0002_ast_inst|fir_3k4_0002_rtl_core:\real_passthrough:hpfircore_core|lpm_mult:u0_m0_wo0_mtree_mult1_6_component|mult_9bu:auto_generated|mac_mult1~OBSERVABLEDATAA_REGOUT0 ; FIR:u_FIR_0|fir_3k4:u_fir_3k4_0|fir_3k4_0002:fir_3k4_inst|fir_3k4_0002_ast:fir_3k4_0002_ast_inst|fir_3k4_0002_rtl_core:\real_passthrough:hpfircore_core|lpm_mult:u0_m0_wo0_mtree_mult1_6_component|mult_9bu:auto_generated|result[7] ; clk_50M      ; clk_50M     ; 20.000       ; -0.109     ; 3.371      ;
+--------+--------------------------------------------------------------------------------------------------------------------------------------------------------------------------------------------------------------------------------------------------------------+--------------------------------------------------------------------------------------------------------------------------------------------------------------------------------------------------------------------------------------+--------------+-------------+--------------+------------+------------+


+------------------------------------------------------------------------------------------------------------------------------------------------------------------------------------------------------------------------------------------------------------------------------------------------------------------------------------------------------------------------------------------------------------------------------------------------------------------------------------------------------------------------------------------------------------------------------------------------------+
; Slow 1200mV 0C Model Hold: 'clk_50M'                                                                                                                                                                                                                                                                                                                                                                                                                                                                                                                                                                 ;
+-------+---------------------------------------------------------------------------------------------------------------------------------------------------------------------------------------------------------------------------------------+--------------------------------------------------------------------------------------------------------------------------------------------------------------------------------------------------------------------------------------------------------------------------------+--------------+-------------+--------------+------------+------------+
; Slack ; From Node                                                                                                                                                                                                                             ; To Node                                                                                                                                                                                                                                                                        ; Launch Clock ; Latch Clock ; Relationship ; Clock Skew ; Data Delay ;
+-------+---------------------------------------------------------------------------------------------------------------------------------------------------------------------------------------------------------------------------------------+--------------------------------------------------------------------------------------------------------------------------------------------------------------------------------------------------------------------------------------------------------------------------------+--------------+-------------+--------------+------------+------------+
; 0.368 ; FIR:u_FIR_0|fir_3k4:u_fir_3k4_0|fir_3k4_0002:fir_3k4_inst|fir_3k4_0002_ast:fir_3k4_0002_ast_inst|fir_3k4_0002_rtl_core:\real_passthrough:hpfircore_core|u0_m0_wo0_wi0_r0_ra20_count1_i[0]                                             ; FIR:u_FIR_0|fir_3k4:u_fir_3k4_0|fir_3k4_0002:fir_3k4_inst|fir_3k4_0002_ast:fir_3k4_0002_ast_inst|fir_3k4_0002_rtl_core:\real_passthrough:hpfircore_core|altsyncram:u0_m0_wo0_wi0_r0_ra20_count1_lut_lutmem_dmem|altsyncram_3bs3:auto_generated|ram_block1a0~porta_address_reg0 ; clk_50M      ; clk_50M     ; 0.000        ; 0.425      ; 1.023      ;
; 0.400 ; FIR:u_FIR_0|fir_3k4:u_fir_3k4_0|fir_3k4_0002:fir_3k4_inst|fir_3k4_0002_ast:fir_3k4_0002_ast_inst|fir_3k4_0002_rtl_core:\real_passthrough:hpfircore_core|u0_m0_wo0_ca20_eq                                                             ; FIR:u_FIR_0|fir_3k4:u_fir_3k4_0|fir_3k4_0002:fir_3k4_inst|fir_3k4_0002_ast:fir_3k4_0002_ast_inst|fir_3k4_0002_rtl_core:\real_passthrough:hpfircore_core|u0_m0_wo0_ca20_eq                                                                                                      ; clk_50M      ; clk_50M     ; 0.000        ; 0.074      ; 0.669      ;
; 0.400 ; FIR:u_FIR_0|fir_3k4:u_fir_3k4_0|fir_3k4_0002:fir_3k4_inst|fir_3k4_0002_ast:fir_3k4_0002_ast_inst|fir_3k4_0002_rtl_core:\real_passthrough:hpfircore_core|u0_m0_wo0_ca20_i[0]                                                           ; FIR:u_FIR_0|fir_3k4:u_fir_3k4_0|fir_3k4_0002:fir_3k4_inst|fir_3k4_0002_ast:fir_3k4_0002_ast_inst|fir_3k4_0002_rtl_core:\real_passthrough:hpfircore_core|u0_m0_wo0_ca20_i[0]                                                                                                    ; clk_50M      ; clk_50M     ; 0.000        ; 0.074      ; 0.669      ;
; 0.400 ; FIR:u_FIR_0|fir_3k4:u_fir_3k4_0|fir_3k4_0002:fir_3k4_inst|fir_3k4_0002_ast:fir_3k4_0002_ast_inst|fir_3k4_0002_rtl_core:\real_passthrough:hpfircore_core|u0_m0_wo0_wi0_r0_wa20_i[0]                                                    ; FIR:u_FIR_0|fir_3k4:u_fir_3k4_0|fir_3k4_0002:fir_3k4_inst|fir_3k4_0002_ast:fir_3k4_0002_ast_inst|fir_3k4_0002_rtl_core:\real_passthrough:hpfircore_core|u0_m0_wo0_wi0_r0_wa20_i[0]                                                                                             ; clk_50M      ; clk_50M     ; 0.000        ; 0.074      ; 0.669      ;
; 0.402 ; FIR:u_FIR_0|fir_3k4:u_fir_3k4_0|fir_3k4_0002:fir_3k4_inst|fir_3k4_0002_ast:fir_3k4_0002_ast_inst|fir_3k4_0002_rtl_core:\real_passthrough:hpfircore_core|u0_m0_wo0_wi0_r0_ra20_count0_i[0]                                             ; FIR:u_FIR_0|fir_3k4:u_fir_3k4_0|fir_3k4_0002:fir_3k4_inst|fir_3k4_0002_ast:fir_3k4_0002_ast_inst|fir_3k4_0002_rtl_core:\real_passthrough:hpfircore_core|u0_m0_wo0_wi0_r0_ra20_count0_i[0]                                                                                      ; clk_50M      ; clk_50M     ; 0.000        ; 0.072      ; 0.669      ;
; 0.402 ; FIR:u_FIR_0|fir_3k4:u_fir_3k4_0|fir_3k4_0002:fir_3k4_inst|fir_3k4_0002_ast:fir_3k4_0002_ast_inst|fir_3k4_0002_rtl_core:\real_passthrough:hpfircore_core|u0_m0_wo0_wi0_r0_ra20_count0_inner_i[0]                                       ; FIR:u_FIR_0|fir_3k4:u_fir_3k4_0|fir_3k4_0002:fir_3k4_inst|fir_3k4_0002_ast:fir_3k4_0002_ast_inst|fir_3k4_0002_rtl_core:\real_passthrough:hpfircore_core|u0_m0_wo0_wi0_r0_ra20_count0_inner_i[0]                                                                                ; clk_50M      ; clk_50M     ; 0.000        ; 0.072      ; 0.669      ;
; 0.402 ; FIR:u_FIR_0|fir_3k4:u_fir_3k4_0|fir_3k4_0002:fir_3k4_inst|fir_3k4_0002_ast:fir_3k4_0002_ast_inst|fir_3k4_0002_rtl_core:\real_passthrough:hpfircore_core|\u0_m0_wo0_wi0_r0_we20_seq_clkproc:u0_m0_wo0_wi0_r0_we20_seq_c[0]             ; FIR:u_FIR_0|fir_3k4:u_fir_3k4_0|fir_3k4_0002:fir_3k4_inst|fir_3k4_0002_ast:fir_3k4_0002_ast_inst|fir_3k4_0002_rtl_core:\real_passthrough:hpfircore_core|\u0_m0_wo0_wi0_r0_we20_seq_clkproc:u0_m0_wo0_wi0_r0_we20_seq_c[0]                                                      ; clk_50M      ; clk_50M     ; 0.000        ; 0.072      ; 0.669      ;
; 0.402 ; FIR:u_FIR_0|fir_3k4:u_fir_3k4_0|fir_3k4_0002:fir_3k4_inst|fir_3k4_0002_ast:fir_3k4_0002_ast_inst|fir_3k4_0002_rtl_core:\real_passthrough:hpfircore_core|u0_m0_wo0_wi0_r0_wa0_i[0]                                                     ; FIR:u_FIR_0|fir_3k4:u_fir_3k4_0|fir_3k4_0002:fir_3k4_inst|fir_3k4_0002_ast:fir_3k4_0002_ast_inst|fir_3k4_0002_rtl_core:\real_passthrough:hpfircore_core|u0_m0_wo0_wi0_r0_wa0_i[0]                                                                                              ; clk_50M      ; clk_50M     ; 0.000        ; 0.072      ; 0.669      ;
; 0.402 ; FIR:u_FIR_0|fir_3k4:u_fir_3k4_0|fir_3k4_0002:fir_3k4_inst|fir_3k4_0002_ast:fir_3k4_0002_ast_inst|fir_3k4_0002_rtl_core:\real_passthrough:hpfircore_core|u0_m0_wo0_wi0_r0_ra20_count1_eq                                               ; FIR:u_FIR_0|fir_3k4:u_fir_3k4_0|fir_3k4_0002:fir_3k4_inst|fir_3k4_0002_ast:fir_3k4_0002_ast_inst|fir_3k4_0002_rtl_core:\real_passthrough:hpfircore_core|u0_m0_wo0_wi0_r0_ra20_count1_eq                                                                                        ; clk_50M      ; clk_50M     ; 0.000        ; 0.072      ; 0.669      ;
; 0.402 ; FIR:u_FIR_0|fir_3k4:u_fir_3k4_0|fir_3k4_0002:fir_3k4_inst|fir_3k4_0002_ast:fir_3k4_0002_ast_inst|fir_3k4_0002_rtl_core:\real_passthrough:hpfircore_core|u0_m0_wo0_wi0_r0_ra20_count1_i[0]                                             ; FIR:u_FIR_0|fir_3k4:u_fir_3k4_0|fir_3k4_0002:fir_3k4_inst|fir_3k4_0002_ast:fir_3k4_0002_ast_inst|fir_3k4_0002_rtl_core:\real_passthrough:hpfircore_core|u0_m0_wo0_wi0_r0_ra20_count1_i[0]                                                                                      ; clk_50M      ; clk_50M     ; 0.000        ; 0.072      ; 0.669      ;
; 0.402 ; FIR:u_FIR_0|fir_3k4:u_fir_3k4_0|fir_3k4_0002:fir_3k4_inst|fir_3k4_0002_ast:fir_3k4_0002_ast_inst|fir_3k4_0002_rtl_core:\real_passthrough:hpfircore_core|u0_m0_wo0_aseq_eq                                                             ; FIR:u_FIR_0|fir_3k4:u_fir_3k4_0|fir_3k4_0002:fir_3k4_inst|fir_3k4_0002_ast:fir_3k4_0002_ast_inst|fir_3k4_0002_rtl_core:\real_passthrough:hpfircore_core|u0_m0_wo0_aseq_eq                                                                                                      ; clk_50M      ; clk_50M     ; 0.000        ; 0.072      ; 0.669      ;
; 0.402 ; FIR:u_FIR_0|fir_3k4:u_fir_3k4_0|fir_3k4_0002:fir_3k4_inst|fir_3k4_0002_ast:fir_3k4_0002_ast_inst|fir_3k4_0002_rtl_core:\real_passthrough:hpfircore_core|\u0_m0_wo0_aseq_clkproc:u0_m0_wo0_aseq_c[0]                                   ; FIR:u_FIR_0|fir_3k4:u_fir_3k4_0|fir_3k4_0002:fir_3k4_inst|fir_3k4_0002_ast:fir_3k4_0002_ast_inst|fir_3k4_0002_rtl_core:\real_passthrough:hpfircore_core|\u0_m0_wo0_aseq_clkproc:u0_m0_wo0_aseq_c[0]                                                                            ; clk_50M      ; clk_50M     ; 0.000        ; 0.072      ; 0.669      ;
; 0.402 ; FIR:u_FIR_0|fir_3k4:u_fir_3k4_0|fir_3k4_0002:fir_3k4_inst|fir_3k4_0002_ast:fir_3k4_0002_ast_inst|fir_3k4_0002_rtl_core:\real_passthrough:hpfircore_core|u0_m0_wo0_run_count[1]                                                        ; FIR:u_FIR_0|fir_3k4:u_fir_3k4_0|fir_3k4_0002:fir_3k4_inst|fir_3k4_0002_ast:fir_3k4_0002_ast_inst|fir_3k4_0002_rtl_core:\real_passthrough:hpfircore_core|u0_m0_wo0_run_count[1]                                                                                                 ; clk_50M      ; clk_50M     ; 0.000        ; 0.072      ; 0.669      ;
; 0.402 ; FIR:u_FIR_0|fir_3k4:u_fir_3k4_0|fir_3k4_0002:fir_3k4_inst|fir_3k4_0002_ast:fir_3k4_0002_ast_inst|fir_3k4_0002_rtl_core:\real_passthrough:hpfircore_core|\u0_m0_wo0_run_clkproc:u0_m0_wo0_run_enable_c[0]                              ; FIR:u_FIR_0|fir_3k4:u_fir_3k4_0|fir_3k4_0002:fir_3k4_inst|fir_3k4_0002_ast:fir_3k4_0002_ast_inst|fir_3k4_0002_rtl_core:\real_passthrough:hpfircore_core|\u0_m0_wo0_run_clkproc:u0_m0_wo0_run_enable_c[0]                                                                       ; clk_50M      ; clk_50M     ; 0.000        ; 0.072      ; 0.669      ;
; 0.402 ; FIR:u_FIR_0|fir_3k4:u_fir_3k4_0|fir_3k4_0002:fir_3k4_inst|fir_3k4_0002_ast:fir_3k4_0002_ast_inst|fir_3k4_0002_rtl_core:\real_passthrough:hpfircore_core|u0_m0_wo0_run_count[0]                                                        ; FIR:u_FIR_0|fir_3k4:u_fir_3k4_0|fir_3k4_0002:fir_3k4_inst|fir_3k4_0002_ast:fir_3k4_0002_ast_inst|fir_3k4_0002_rtl_core:\real_passthrough:hpfircore_core|u0_m0_wo0_run_count[0]                                                                                                 ; clk_50M      ; clk_50M     ; 0.000        ; 0.072      ; 0.669      ;
; 0.404 ; FIR:u_FIR_0|fir_3k4:u_fir_3k4_0|fir_3k4_0002:fir_3k4_inst|fir_3k4_0002_ast:fir_3k4_0002_ast_inst|fir_3k4_0002_rtl_core:\real_passthrough:hpfircore_core|dspba_delay:d_u0_m0_wo0_ca20_q_15|delay_signals[0][6]                         ; FIR:u_FIR_0|fir_3k4:u_fir_3k4_0|fir_3k4_0002:fir_3k4_inst|fir_3k4_0002_ast:fir_3k4_0002_ast_inst|fir_3k4_0002_rtl_core:\real_passthrough:hpfircore_core|altsyncram:u0_m0_wo0_cm13_lutmem_dmem|altsyncram_4kq3:auto_generated|ram_block1a0~porta_address_reg0                   ; clk_50M      ; clk_50M     ; 0.000        ; 0.425      ; 1.059      ;
; 0.406 ; FIR:u_FIR_0|fir_3k4:u_fir_3k4_0|fir_3k4_0002:fir_3k4_inst|fir_3k4_0002_ast:fir_3k4_0002_ast_inst|fir_3k4_0002_rtl_core:\real_passthrough:hpfircore_core|dspba_delay:d_u0_m0_wo0_ca20_q_14|delay_signals[0][2]                         ; FIR:u_FIR_0|fir_3k4:u_fir_3k4_0|fir_3k4_0002:fir_3k4_inst|fir_3k4_0002_ast:fir_3k4_0002_ast_inst|fir_3k4_0002_rtl_core:\real_passthrough:hpfircore_core|altsyncram:u0_m0_wo0_cm6_lutmem_dmem|altsyncram_miq3:auto_generated|ram_block1a0~porta_address_reg0                    ; clk_50M      ; clk_50M     ; 0.000        ; 0.416      ; 1.052      ;
; 0.406 ; FIR:u_FIR_0|fir_3k4:u_fir_3k4_0|fir_3k4_0002:fir_3k4_inst|fir_3k4_0002_ast:fir_3k4_0002_ast_inst|fir_3k4_0002_rtl_core:\real_passthrough:hpfircore_core|dspba_delay:d_u0_m0_wo0_ca20_q_15|delay_signals[0][1]                         ; FIR:u_FIR_0|fir_3k4:u_fir_3k4_0|fir_3k4_0002:fir_3k4_inst|fir_3k4_0002_ast:fir_3k4_0002_ast_inst|fir_3k4_0002_rtl_core:\real_passthrough:hpfircore_core|altsyncram:u0_m0_wo0_cm13_lutmem_dmem|altsyncram_4kq3:auto_generated|ram_block1a0~porta_address_reg0                   ; clk_50M      ; clk_50M     ; 0.000        ; 0.425      ; 1.061      ;
; 0.413 ; FIR:u_FIR_0|fir_3k4:u_fir_3k4_0|fir_3k4_0002:fir_3k4_inst|fir_3k4_0002_ast:fir_3k4_0002_ast_inst|fir_3k4_0002_rtl_core:\real_passthrough:hpfircore_core|dspba_delay:d_xIn_0_15|delay_signals[0][1]                                    ; FIR:u_FIR_0|fir_3k4:u_fir_3k4_0|fir_3k4_0002:fir_3k4_inst|fir_3k4_0002_ast:fir_3k4_0002_ast_inst|fir_3k4_0002_rtl_core:\real_passthrough:hpfircore_core|altsyncram:u0_m0_wo0_wi0_r0_memr0_dmem|altsyncram_cmn3:auto_generated|ram_block1a0~porta_datain_reg0                   ; clk_50M      ; clk_50M     ; 0.000        ; 0.438      ; 1.081      ;
; 0.423 ; FIR:u_FIR_0|fir_3k4:u_fir_3k4_0|fir_3k4_0002:fir_3k4_inst|fir_3k4_0002_ast:fir_3k4_0002_ast_inst|fir_3k4_0002_rtl_core:\real_passthrough:hpfircore_core|dspba_delay:d_xIn_0_15|delay_signals[0][3]                                    ; FIR:u_FIR_0|fir_3k4:u_fir_3k4_0|fir_3k4_0002:fir_3k4_inst|fir_3k4_0002_ast:fir_3k4_0002_ast_inst|fir_3k4_0002_rtl_core:\real_passthrough:hpfircore_core|altsyncram:u0_m0_wo0_wi0_r0_memr0_dmem|altsyncram_cmn3:auto_generated|ram_block1a0~porta_datain_reg0                   ; clk_50M      ; clk_50M     ; 0.000        ; 0.438      ; 1.091      ;
; 0.425 ; FIR:u_FIR_0|fir_3k4:u_fir_3k4_0|fir_3k4_0002:fir_3k4_inst|fir_3k4_0002_ast:fir_3k4_0002_ast_inst|fir_3k4_0002_rtl_core:\real_passthrough:hpfircore_core|dspba_delay:d_u0_m0_wo0_ca20_q_15|delay_signals[0][5]                         ; FIR:u_FIR_0|fir_3k4:u_fir_3k4_0|fir_3k4_0002:fir_3k4_inst|fir_3k4_0002_ast:fir_3k4_0002_ast_inst|fir_3k4_0002_rtl_core:\real_passthrough:hpfircore_core|altsyncram:u0_m0_wo0_cm13_lutmem_dmem|altsyncram_4kq3:auto_generated|ram_block1a0~porta_address_reg0                   ; clk_50M      ; clk_50M     ; 0.000        ; 0.419      ; 1.074      ;
; 0.426 ; FIR:u_FIR_0|fir_3k4:u_fir_3k4_0|fir_3k4_0002:fir_3k4_inst|fir_3k4_0002_ast:fir_3k4_0002_ast_inst|fir_3k4_0002_rtl_core:\real_passthrough:hpfircore_core|dspba_delay:d_u0_m0_wo0_ca20_q_15|delay_signals[0][2]                         ; FIR:u_FIR_0|fir_3k4:u_fir_3k4_0|fir_3k4_0002:fir_3k4_inst|fir_3k4_0002_ast:fir_3k4_0002_ast_inst|fir_3k4_0002_rtl_core:\real_passthrough:hpfircore_core|altsyncram:u0_m0_wo0_cm13_lutmem_dmem|altsyncram_4kq3:auto_generated|ram_block1a0~porta_address_reg0                   ; clk_50M      ; clk_50M     ; 0.000        ; 0.426      ; 1.082      ;
; 0.434 ; FIR:u_FIR_0|fir_3k4:u_fir_3k4_0|fir_3k4_0002:fir_3k4_inst|fir_3k4_0002_ast:fir_3k4_0002_ast_inst|fir_3k4_0002_rtl_core:\real_passthrough:hpfircore_core|altsyncram:u0_m0_wo0_wi0_r0_memr1_dmem|altsyncram_gpn3:auto_generated|q_b[14] ; FIR:u_FIR_0|fir_3k4:u_fir_3k4_0|fir_3k4_0002:fir_3k4_inst|fir_3k4_0002_ast:fir_3k4_0002_ast_inst|fir_3k4_0002_rtl_core:\real_passthrough:hpfircore_core|altsyncram:u0_m0_wo0_wi0_r0_memr1_dmem|altsyncram_gpn3:auto_generated|ram_block1a0~porta_datain_reg0                   ; clk_50M      ; clk_50M     ; 0.000        ; 0.148      ; 0.812      ;
; 0.435 ; FIR:u_FIR_0|fir_3k4:u_fir_3k4_0|fir_3k4_0002:fir_3k4_inst|fir_3k4_0002_ast:fir_3k4_0002_ast_inst|fir_3k4_0002_rtl_core:\real_passthrough:hpfircore_core|altsyncram:u0_m0_wo0_wi0_r0_memr1_dmem|altsyncram_gpn3:auto_generated|q_b[16] ; FIR:u_FIR_0|fir_3k4:u_fir_3k4_0|fir_3k4_0002:fir_3k4_inst|fir_3k4_0002_ast:fir_3k4_0002_ast_inst|fir_3k4_0002_rtl_core:\real_passthrough:hpfircore_core|altsyncram:u0_m0_wo0_wi0_r0_memr1_dmem|altsyncram_gpn3:auto_generated|ram_block1a0~porta_datain_reg0                   ; clk_50M      ; clk_50M     ; 0.000        ; 0.148      ; 0.813      ;
; 0.435 ; FIR:u_FIR_0|fir_3k4:u_fir_3k4_0|fir_3k4_0002:fir_3k4_inst|fir_3k4_0002_ast:fir_3k4_0002_ast_inst|fir_3k4_0002_rtl_core:\real_passthrough:hpfircore_core|altsyncram:u0_m0_wo0_wi0_r0_memr1_dmem|altsyncram_gpn3:auto_generated|q_b[28] ; FIR:u_FIR_0|fir_3k4:u_fir_3k4_0|fir_3k4_0002:fir_3k4_inst|fir_3k4_0002_ast:fir_3k4_0002_ast_inst|fir_3k4_0002_rtl_core:\real_passthrough:hpfircore_core|altsyncram:u0_m0_wo0_wi0_r0_memr1_dmem|altsyncram_gpn3:auto_generated|ram_block1a0~porta_datain_reg0                   ; clk_50M      ; clk_50M     ; 0.000        ; 0.148      ; 0.813      ;
; 0.436 ; FIR:u_FIR_0|fir_3k4:u_fir_3k4_0|fir_3k4_0002:fir_3k4_inst|fir_3k4_0002_ast:fir_3k4_0002_ast_inst|fir_3k4_0002_rtl_core:\real_passthrough:hpfircore_core|altsyncram:u0_m0_wo0_wi0_r0_memr1_dmem|altsyncram_gpn3:auto_generated|q_b[26] ; FIR:u_FIR_0|fir_3k4:u_fir_3k4_0|fir_3k4_0002:fir_3k4_inst|fir_3k4_0002_ast:fir_3k4_0002_ast_inst|fir_3k4_0002_rtl_core:\real_passthrough:hpfircore_core|altsyncram:u0_m0_wo0_wi0_r0_memr1_dmem|altsyncram_gpn3:auto_generated|ram_block1a0~porta_datain_reg0                   ; clk_50M      ; clk_50M     ; 0.000        ; 0.148      ; 0.814      ;
; 0.438 ; FIR:u_FIR_0|fir_3k4:u_fir_3k4_0|fir_3k4_0002:fir_3k4_inst|fir_3k4_0002_ast:fir_3k4_0002_ast_inst|fir_3k4_0002_rtl_core:\real_passthrough:hpfircore_core|altsyncram:u0_m0_wo0_wi0_r0_memr1_dmem|altsyncram_gpn3:auto_generated|q_b[19] ; FIR:u_FIR_0|fir_3k4:u_fir_3k4_0|fir_3k4_0002:fir_3k4_inst|fir_3k4_0002_ast:fir_3k4_0002_ast_inst|fir_3k4_0002_rtl_core:\real_passthrough:hpfircore_core|altsyncram:u0_m0_wo0_wi0_r0_memr1_dmem|altsyncram_gpn3:auto_generated|ram_block1a0~porta_datain_reg0                   ; clk_50M      ; clk_50M     ; 0.000        ; 0.148      ; 0.816      ;
; 0.441 ; FIR:u_FIR_0|fir_3k4:u_fir_3k4_0|fir_3k4_0002:fir_3k4_inst|fir_3k4_0002_ast:fir_3k4_0002_ast_inst|fir_3k4_0002_rtl_core:\real_passthrough:hpfircore_core|altsyncram:u0_m0_wo0_wi0_r0_memr1_dmem|altsyncram_gpn3:auto_generated|q_b[22] ; FIR:u_FIR_0|fir_3k4:u_fir_3k4_0|fir_3k4_0002:fir_3k4_inst|fir_3k4_0002_ast:fir_3k4_0002_ast_inst|fir_3k4_0002_rtl_core:\real_passthrough:hpfircore_core|altsyncram:u0_m0_wo0_wi0_r0_memr1_dmem|altsyncram_gpn3:auto_generated|ram_block1a0~porta_datain_reg0                   ; clk_50M      ; clk_50M     ; 0.000        ; 0.148      ; 0.819      ;
; 0.441 ; FIR:u_FIR_0|fir_3k4:u_fir_3k4_0|fir_3k4_0002:fir_3k4_inst|fir_3k4_0002_ast:fir_3k4_0002_ast_inst|fir_3k4_0002_rtl_core:\real_passthrough:hpfircore_core|altsyncram:u0_m0_wo0_wi0_r0_memr1_dmem|altsyncram_gpn3:auto_generated|q_b[52] ; FIR:u_FIR_0|fir_3k4:u_fir_3k4_0|fir_3k4_0002:fir_3k4_inst|fir_3k4_0002_ast:fir_3k4_0002_ast_inst|fir_3k4_0002_rtl_core:\real_passthrough:hpfircore_core|altsyncram:u0_m0_wo0_wi0_r0_memr1_dmem|altsyncram_gpn3:auto_generated|ram_block1a40~porta_datain_reg0                  ; clk_50M      ; clk_50M     ; 0.000        ; 0.149      ; 0.820      ;
; 0.442 ; FIR:u_FIR_0|fir_3k4:u_fir_3k4_0|fir_3k4_0002:fir_3k4_inst|fir_3k4_0002_ast:fir_3k4_0002_ast_inst|fir_3k4_0002_rtl_core:\real_passthrough:hpfircore_core|altsyncram:u0_m0_wo0_wi0_r0_memr9_dmem|altsyncram_gpn3:auto_generated|q_b[24] ; FIR:u_FIR_0|fir_3k4:u_fir_3k4_0|fir_3k4_0002:fir_3k4_inst|fir_3k4_0002_ast:fir_3k4_0002_ast_inst|fir_3k4_0002_rtl_core:\real_passthrough:hpfircore_core|altsyncram:u0_m0_wo0_wi0_r0_memr9_dmem|altsyncram_gpn3:auto_generated|ram_block1a8~porta_datain_reg0                   ; clk_50M      ; clk_50M     ; 0.000        ; 0.148      ; 0.820      ;
; 0.442 ; FIR:u_FIR_0|fir_3k4:u_fir_3k4_0|fir_3k4_0002:fir_3k4_inst|fir_3k4_0002_ast:fir_3k4_0002_ast_inst|fir_3k4_0002_rtl_core:\real_passthrough:hpfircore_core|altsyncram:u0_m0_wo0_wi0_r0_memr9_dmem|altsyncram_gpn3:auto_generated|q_b[27] ; FIR:u_FIR_0|fir_3k4:u_fir_3k4_0|fir_3k4_0002:fir_3k4_inst|fir_3k4_0002_ast:fir_3k4_0002_ast_inst|fir_3k4_0002_rtl_core:\real_passthrough:hpfircore_core|altsyncram:u0_m0_wo0_wi0_r0_memr9_dmem|altsyncram_gpn3:auto_generated|ram_block1a8~porta_datain_reg0                   ; clk_50M      ; clk_50M     ; 0.000        ; 0.148      ; 0.820      ;
; 0.442 ; FIR:u_FIR_0|fir_3k4:u_fir_3k4_0|fir_3k4_0002:fir_3k4_inst|fir_3k4_0002_ast:fir_3k4_0002_ast_inst|fir_3k4_0002_rtl_core:\real_passthrough:hpfircore_core|altsyncram:u0_m0_wo0_wi0_r0_memr1_dmem|altsyncram_gpn3:auto_generated|q_b[62] ; FIR:u_FIR_0|fir_3k4:u_fir_3k4_0|fir_3k4_0002:fir_3k4_inst|fir_3k4_0002_ast:fir_3k4_0002_ast_inst|fir_3k4_0002_rtl_core:\real_passthrough:hpfircore_core|altsyncram:u0_m0_wo0_wi0_r0_memr1_dmem|altsyncram_gpn3:auto_generated|ram_block1a40~porta_datain_reg0                  ; clk_50M      ; clk_50M     ; 0.000        ; 0.149      ; 0.821      ;
; 0.443 ; FIR:u_FIR_0|fir_3k4:u_fir_3k4_0|fir_3k4_0002:fir_3k4_inst|fir_3k4_0002_ast:fir_3k4_0002_ast_inst|fir_3k4_0002_rtl_core:\real_passthrough:hpfircore_core|altsyncram:u0_m0_wo0_wi0_r0_memr9_dmem|altsyncram_gpn3:auto_generated|q_b[30] ; FIR:u_FIR_0|fir_3k4:u_fir_3k4_0|fir_3k4_0002:fir_3k4_inst|fir_3k4_0002_ast:fir_3k4_0002_ast_inst|fir_3k4_0002_rtl_core:\real_passthrough:hpfircore_core|altsyncram:u0_m0_wo0_wi0_r0_memr9_dmem|altsyncram_gpn3:auto_generated|ram_block1a8~porta_datain_reg0                   ; clk_50M      ; clk_50M     ; 0.000        ; 0.148      ; 0.821      ;
; 0.444 ; FIR:u_FIR_0|fir_3k4:u_fir_3k4_0|fir_3k4_0002:fir_3k4_inst|fir_3k4_0002_ast:fir_3k4_0002_ast_inst|fir_3k4_0002_rtl_core:\real_passthrough:hpfircore_core|altsyncram:u0_m0_wo0_wi0_r0_memr1_dmem|altsyncram_gpn3:auto_generated|q_b[55] ; FIR:u_FIR_0|fir_3k4:u_fir_3k4_0|fir_3k4_0002:fir_3k4_inst|fir_3k4_0002_ast:fir_3k4_0002_ast_inst|fir_3k4_0002_rtl_core:\real_passthrough:hpfircore_core|altsyncram:u0_m0_wo0_wi0_r0_memr1_dmem|altsyncram_gpn3:auto_generated|ram_block1a40~porta_datain_reg0                  ; clk_50M      ; clk_50M     ; 0.000        ; 0.149      ; 0.823      ;
; 0.444 ; FIR:u_FIR_0|fir_3k4:u_fir_3k4_0|fir_3k4_0002:fir_3k4_inst|fir_3k4_0002_ast:fir_3k4_0002_ast_inst|fir_3k4_0002_rtl_core:\real_passthrough:hpfircore_core|u0_m0_wo0_wi0_r0_wa20_i[4]                                                    ; FIR:u_FIR_0|fir_3k4:u_fir_3k4_0|fir_3k4_0002:fir_3k4_inst|fir_3k4_0002_ast:fir_3k4_0002_ast_inst|fir_3k4_0002_rtl_core:\real_passthrough:hpfircore_core|altsyncram:u0_m0_wo0_wi0_r0_memr1_dmem|altsyncram_gpn3:auto_generated|ram_block1a4~porta_address_reg0                  ; clk_50M      ; clk_50M     ; 0.000        ; 0.418      ; 1.092      ;
; 0.447 ; FIR:u_FIR_0|fir_3k4:u_fir_3k4_0|fir_3k4_0002:fir_3k4_inst|fir_3k4_0002_ast:fir_3k4_0002_ast_inst|fir_3k4_0002_rtl_core:\real_passthrough:hpfircore_core|altsyncram:u0_m0_wo0_wi0_r0_memr1_dmem|altsyncram_gpn3:auto_generated|q_b[50] ; FIR:u_FIR_0|fir_3k4:u_fir_3k4_0|fir_3k4_0002:fir_3k4_inst|fir_3k4_0002_ast:fir_3k4_0002_ast_inst|fir_3k4_0002_rtl_core:\real_passthrough:hpfircore_core|altsyncram:u0_m0_wo0_wi0_r0_memr1_dmem|altsyncram_gpn3:auto_generated|ram_block1a40~porta_datain_reg0                  ; clk_50M      ; clk_50M     ; 0.000        ; 0.149      ; 0.826      ;
; 0.447 ; FIR:u_FIR_0|fir_3k4:u_fir_3k4_0|fir_3k4_0002:fir_3k4_inst|fir_3k4_0002_ast:fir_3k4_0002_ast_inst|fir_3k4_0002_rtl_core:\real_passthrough:hpfircore_core|altsyncram:u0_m0_wo0_wi0_r0_memr1_dmem|altsyncram_gpn3:auto_generated|q_b[58] ; FIR:u_FIR_0|fir_3k4:u_fir_3k4_0|fir_3k4_0002:fir_3k4_inst|fir_3k4_0002_ast:fir_3k4_0002_ast_inst|fir_3k4_0002_rtl_core:\real_passthrough:hpfircore_core|altsyncram:u0_m0_wo0_wi0_r0_memr1_dmem|altsyncram_gpn3:auto_generated|ram_block1a40~porta_datain_reg0                  ; clk_50M      ; clk_50M     ; 0.000        ; 0.149      ; 0.826      ;
; 0.448 ; FIR:u_FIR_0|fir_3k4:u_fir_3k4_0|fir_3k4_0002:fir_3k4_inst|fir_3k4_0002_ast:fir_3k4_0002_ast_inst|fir_3k4_0002_rtl_core:\real_passthrough:hpfircore_core|altsyncram:u0_m0_wo0_wi0_r0_memr9_dmem|altsyncram_gpn3:auto_generated|q_b[22] ; FIR:u_FIR_0|fir_3k4:u_fir_3k4_0|fir_3k4_0002:fir_3k4_inst|fir_3k4_0002_ast:fir_3k4_0002_ast_inst|fir_3k4_0002_rtl_core:\real_passthrough:hpfircore_core|altsyncram:u0_m0_wo0_wi0_r0_memr9_dmem|altsyncram_gpn3:auto_generated|ram_block1a8~porta_datain_reg0                   ; clk_50M      ; clk_50M     ; 0.000        ; 0.148      ; 0.826      ;
; 0.449 ; FIR:u_FIR_0|fir_3k4:u_fir_3k4_0|fir_3k4_0002:fir_3k4_inst|fir_3k4_0002_ast:fir_3k4_0002_ast_inst|fir_3k4_0002_rtl_core:\real_passthrough:hpfircore_core|altsyncram:u0_m0_wo0_wi0_r0_memr9_dmem|altsyncram_gpn3:auto_generated|q_b[34] ; FIR:u_FIR_0|fir_3k4:u_fir_3k4_0|fir_3k4_0002:fir_3k4_inst|fir_3k4_0002_ast:fir_3k4_0002_ast_inst|fir_3k4_0002_rtl_core:\real_passthrough:hpfircore_core|altsyncram:u0_m0_wo0_wi0_r0_memr9_dmem|altsyncram_gpn3:auto_generated|ram_block1a8~porta_datain_reg0                   ; clk_50M      ; clk_50M     ; 0.000        ; 0.148      ; 0.827      ;
; 0.449 ; FIR:u_FIR_0|fir_3k4:u_fir_3k4_0|fir_3k4_0002:fir_3k4_inst|fir_3k4_0002_ast:fir_3k4_0002_ast_inst|fir_3k4_0002_rtl_core:\real_passthrough:hpfircore_core|u0_m0_wo0_run_count[0]                                                        ; FIR:u_FIR_0|fir_3k4:u_fir_3k4_0|fir_3k4_0002:fir_3k4_inst|fir_3k4_0002_ast:fir_3k4_0002_ast_inst|fir_3k4_0002_rtl_core:\real_passthrough:hpfircore_core|u0_m0_wo0_run_count[1]                                                                                                 ; clk_50M      ; clk_50M     ; 0.000        ; 0.072      ; 0.716      ;
; 0.450 ; FIR:u_FIR_0|fir_3k4:u_fir_3k4_0|fir_3k4_0002:fir_3k4_inst|fir_3k4_0002_ast:fir_3k4_0002_ast_inst|auk_dspip_avalon_streaming_source_hpfir:source|data_out[28]                                                                          ; FIR:u_FIR_0|lpf_data[7]                                                                                                                                                                                                                                                        ; clk_50M      ; clk_50M     ; 0.000        ; 0.072      ; 0.717      ;
; 0.451 ; FIR:u_FIR_0|fir_3k4:u_fir_3k4_0|fir_3k4_0002:fir_3k4_inst|fir_3k4_0002_ast:fir_3k4_0002_ast_inst|fir_3k4_0002_rtl_core:\real_passthrough:hpfircore_core|dspba_delay:d_xIn_0_15|delay_signals[0][6]                                    ; FIR:u_FIR_0|fir_3k4:u_fir_3k4_0|fir_3k4_0002:fir_3k4_inst|fir_3k4_0002_ast:fir_3k4_0002_ast_inst|fir_3k4_0002_rtl_core:\real_passthrough:hpfircore_core|altsyncram:u0_m0_wo0_wi0_r0_memr0_dmem|altsyncram_cmn3:auto_generated|ram_block1a0~porta_datain_reg0                   ; clk_50M      ; clk_50M     ; 0.000        ; 0.438      ; 1.119      ;
; 0.459 ; FIR:u_FIR_0|fir_3k4:u_fir_3k4_0|fir_3k4_0002:fir_3k4_inst|fir_3k4_0002_ast:fir_3k4_0002_ast_inst|fir_3k4_0002_rtl_core:\real_passthrough:hpfircore_core|altsyncram:u0_m0_wo0_wi0_r0_memr1_dmem|altsyncram_gpn3:auto_generated|q_b[25] ; FIR:u_FIR_0|fir_3k4:u_fir_3k4_0|fir_3k4_0002:fir_3k4_inst|fir_3k4_0002_ast:fir_3k4_0002_ast_inst|fir_3k4_0002_rtl_core:\real_passthrough:hpfircore_core|altsyncram:u0_m0_wo0_wi0_r0_memr1_dmem|altsyncram_gpn3:auto_generated|ram_block1a0~porta_datain_reg0                   ; clk_50M      ; clk_50M     ; 0.000        ; 0.148      ; 0.837      ;
; 0.460 ; FIR:u_FIR_0|fir_3k4:u_fir_3k4_0|fir_3k4_0002:fir_3k4_inst|fir_3k4_0002_ast:fir_3k4_0002_ast_inst|fir_3k4_0002_rtl_core:\real_passthrough:hpfircore_core|altsyncram:u0_m0_wo0_wi0_r0_memr1_dmem|altsyncram_gpn3:auto_generated|q_b[12] ; FIR:u_FIR_0|fir_3k4:u_fir_3k4_0|fir_3k4_0002:fir_3k4_inst|fir_3k4_0002_ast:fir_3k4_0002_ast_inst|fir_3k4_0002_rtl_core:\real_passthrough:hpfircore_core|altsyncram:u0_m0_wo0_wi0_r0_memr1_dmem|altsyncram_gpn3:auto_generated|ram_block1a0~porta_datain_reg0                   ; clk_50M      ; clk_50M     ; 0.000        ; 0.148      ; 0.838      ;
; 0.460 ; FIR:u_FIR_0|fir_3k4:u_fir_3k4_0|fir_3k4_0002:fir_3k4_inst|fir_3k4_0002_ast:fir_3k4_0002_ast_inst|fir_3k4_0002_rtl_core:\real_passthrough:hpfircore_core|altsyncram:u0_m0_wo0_wi0_r0_memr1_dmem|altsyncram_gpn3:auto_generated|q_b[13] ; FIR:u_FIR_0|fir_3k4:u_fir_3k4_0|fir_3k4_0002:fir_3k4_inst|fir_3k4_0002_ast:fir_3k4_0002_ast_inst|fir_3k4_0002_rtl_core:\real_passthrough:hpfircore_core|altsyncram:u0_m0_wo0_wi0_r0_memr1_dmem|altsyncram_gpn3:auto_generated|ram_block1a0~porta_datain_reg0                   ; clk_50M      ; clk_50M     ; 0.000        ; 0.148      ; 0.838      ;
; 0.460 ; FIR:u_FIR_0|fir_3k4:u_fir_3k4_0|fir_3k4_0002:fir_3k4_inst|fir_3k4_0002_ast:fir_3k4_0002_ast_inst|fir_3k4_0002_rtl_core:\real_passthrough:hpfircore_core|altsyncram:u0_m0_wo0_wi0_r0_memr1_dmem|altsyncram_gpn3:auto_generated|q_b[23] ; FIR:u_FIR_0|fir_3k4:u_fir_3k4_0|fir_3k4_0002:fir_3k4_inst|fir_3k4_0002_ast:fir_3k4_0002_ast_inst|fir_3k4_0002_rtl_core:\real_passthrough:hpfircore_core|altsyncram:u0_m0_wo0_wi0_r0_memr1_dmem|altsyncram_gpn3:auto_generated|ram_block1a0~porta_datain_reg0                   ; clk_50M      ; clk_50M     ; 0.000        ; 0.148      ; 0.838      ;
; 0.460 ; FIR:u_FIR_0|fir_3k4:u_fir_3k4_0|fir_3k4_0002:fir_3k4_inst|fir_3k4_0002_ast:fir_3k4_0002_ast_inst|fir_3k4_0002_rtl_core:\real_passthrough:hpfircore_core|altsyncram:u0_m0_wo0_wi0_r0_memr1_dmem|altsyncram_gpn3:auto_generated|q_b[29] ; FIR:u_FIR_0|fir_3k4:u_fir_3k4_0|fir_3k4_0002:fir_3k4_inst|fir_3k4_0002_ast:fir_3k4_0002_ast_inst|fir_3k4_0002_rtl_core:\real_passthrough:hpfircore_core|altsyncram:u0_m0_wo0_wi0_r0_memr1_dmem|altsyncram_gpn3:auto_generated|ram_block1a0~porta_datain_reg0                   ; clk_50M      ; clk_50M     ; 0.000        ; 0.148      ; 0.838      ;
; 0.462 ; FIR:u_FIR_0|fir_3k4:u_fir_3k4_0|fir_3k4_0002:fir_3k4_inst|fir_3k4_0002_ast:fir_3k4_0002_ast_inst|fir_3k4_0002_rtl_core:\real_passthrough:hpfircore_core|altsyncram:u0_m0_wo0_wi0_r0_memr1_dmem|altsyncram_gpn3:auto_generated|q_b[15] ; FIR:u_FIR_0|fir_3k4:u_fir_3k4_0|fir_3k4_0002:fir_3k4_inst|fir_3k4_0002_ast:fir_3k4_0002_ast_inst|fir_3k4_0002_rtl_core:\real_passthrough:hpfircore_core|altsyncram:u0_m0_wo0_wi0_r0_memr1_dmem|altsyncram_gpn3:auto_generated|ram_block1a0~porta_datain_reg0                   ; clk_50M      ; clk_50M     ; 0.000        ; 0.148      ; 0.840      ;
; 0.462 ; FIR:u_FIR_0|fir_3k4:u_fir_3k4_0|fir_3k4_0002:fir_3k4_inst|fir_3k4_0002_ast:fir_3k4_0002_ast_inst|fir_3k4_0002_rtl_core:\real_passthrough:hpfircore_core|u0_m0_wo0_wi0_r0_wa20_i[0]                                                    ; FIR:u_FIR_0|fir_3k4:u_fir_3k4_0|fir_3k4_0002:fir_3k4_inst|fir_3k4_0002_ast:fir_3k4_0002_ast_inst|fir_3k4_0002_rtl_core:\real_passthrough:hpfircore_core|altsyncram:u0_m0_wo0_wi0_r0_memr1_dmem|altsyncram_gpn3:auto_generated|ram_block1a40~porta_address_reg0                 ; clk_50M      ; clk_50M     ; 0.000        ; 0.418      ; 1.110      ;
; 0.463 ; FIR:u_FIR_0|fir_3k4:u_fir_3k4_0|fir_3k4_0002:fir_3k4_inst|fir_3k4_0002_ast:fir_3k4_0002_ast_inst|fir_3k4_0002_rtl_core:\real_passthrough:hpfircore_core|altsyncram:u0_m0_wo0_wi0_r0_memr1_dmem|altsyncram_gpn3:auto_generated|q_b[24] ; FIR:u_FIR_0|fir_3k4:u_fir_3k4_0|fir_3k4_0002:fir_3k4_inst|fir_3k4_0002_ast:fir_3k4_0002_ast_inst|fir_3k4_0002_rtl_core:\real_passthrough:hpfircore_core|altsyncram:u0_m0_wo0_wi0_r0_memr1_dmem|altsyncram_gpn3:auto_generated|ram_block1a0~porta_datain_reg0                   ; clk_50M      ; clk_50M     ; 0.000        ; 0.148      ; 0.841      ;
; 0.464 ; FIR:u_FIR_0|fir_3k4:u_fir_3k4_0|fir_3k4_0002:fir_3k4_inst|fir_3k4_0002_ast:fir_3k4_0002_ast_inst|fir_3k4_0002_rtl_core:\real_passthrough:hpfircore_core|altsyncram:u0_m0_wo0_wi0_r0_memr1_dmem|altsyncram_gpn3:auto_generated|q_b[61] ; FIR:u_FIR_0|fir_3k4:u_fir_3k4_0|fir_3k4_0002:fir_3k4_inst|fir_3k4_0002_ast:fir_3k4_0002_ast_inst|fir_3k4_0002_rtl_core:\real_passthrough:hpfircore_core|altsyncram:u0_m0_wo0_wi0_r0_memr1_dmem|altsyncram_gpn3:auto_generated|ram_block1a40~porta_datain_reg0                  ; clk_50M      ; clk_50M     ; 0.000        ; 0.149      ; 0.843      ;
; 0.465 ; FIR:u_FIR_0|fir_3k4:u_fir_3k4_0|fir_3k4_0002:fir_3k4_inst|fir_3k4_0002_ast:fir_3k4_0002_ast_inst|fir_3k4_0002_rtl_core:\real_passthrough:hpfircore_core|altsyncram:u0_m0_wo0_wi0_r0_memr1_dmem|altsyncram_gpn3:auto_generated|q_b[49] ; FIR:u_FIR_0|fir_3k4:u_fir_3k4_0|fir_3k4_0002:fir_3k4_inst|fir_3k4_0002_ast:fir_3k4_0002_ast_inst|fir_3k4_0002_rtl_core:\real_passthrough:hpfircore_core|altsyncram:u0_m0_wo0_wi0_r0_memr1_dmem|altsyncram_gpn3:auto_generated|ram_block1a40~porta_datain_reg0                  ; clk_50M      ; clk_50M     ; 0.000        ; 0.149      ; 0.844      ;
; 0.466 ; FIR:u_FIR_0|fir_3k4:u_fir_3k4_0|fir_3k4_0002:fir_3k4_inst|fir_3k4_0002_ast:fir_3k4_0002_ast_inst|fir_3k4_0002_rtl_core:\real_passthrough:hpfircore_core|altsyncram:u0_m0_wo0_wi0_r0_memr9_dmem|altsyncram_gpn3:auto_generated|q_b[23] ; FIR:u_FIR_0|fir_3k4:u_fir_3k4_0|fir_3k4_0002:fir_3k4_inst|fir_3k4_0002_ast:fir_3k4_0002_ast_inst|fir_3k4_0002_rtl_core:\real_passthrough:hpfircore_core|altsyncram:u0_m0_wo0_wi0_r0_memr9_dmem|altsyncram_gpn3:auto_generated|ram_block1a8~porta_datain_reg0                   ; clk_50M      ; clk_50M     ; 0.000        ; 0.148      ; 0.844      ;
; 0.468 ; FIR:u_FIR_0|fir_3k4:u_fir_3k4_0|fir_3k4_0002:fir_3k4_inst|fir_3k4_0002_ast:fir_3k4_0002_ast_inst|fir_3k4_0002_rtl_core:\real_passthrough:hpfircore_core|altsyncram:u0_m0_wo0_wi0_r0_memr1_dmem|altsyncram_gpn3:auto_generated|q_b[48] ; FIR:u_FIR_0|fir_3k4:u_fir_3k4_0|fir_3k4_0002:fir_3k4_inst|fir_3k4_0002_ast:fir_3k4_0002_ast_inst|fir_3k4_0002_rtl_core:\real_passthrough:hpfircore_core|altsyncram:u0_m0_wo0_wi0_r0_memr1_dmem|altsyncram_gpn3:auto_generated|ram_block1a40~porta_datain_reg0                  ; clk_50M      ; clk_50M     ; 0.000        ; 0.149      ; 0.847      ;
; 0.468 ; FIR:u_FIR_0|fir_3k4:u_fir_3k4_0|fir_3k4_0002:fir_3k4_inst|fir_3k4_0002_ast:fir_3k4_0002_ast_inst|fir_3k4_0002_rtl_core:\real_passthrough:hpfircore_core|altsyncram:u0_m0_wo0_wi0_r0_memr1_dmem|altsyncram_gpn3:auto_generated|q_b[60] ; FIR:u_FIR_0|fir_3k4:u_fir_3k4_0|fir_3k4_0002:fir_3k4_inst|fir_3k4_0002_ast:fir_3k4_0002_ast_inst|fir_3k4_0002_rtl_core:\real_passthrough:hpfircore_core|altsyncram:u0_m0_wo0_wi0_r0_memr1_dmem|altsyncram_gpn3:auto_generated|ram_block1a40~porta_datain_reg0                  ; clk_50M      ; clk_50M     ; 0.000        ; 0.149      ; 0.847      ;
; 0.468 ; FIR:u_FIR_0|fir_3k4:u_fir_3k4_0|fir_3k4_0002:fir_3k4_inst|fir_3k4_0002_ast:fir_3k4_0002_ast_inst|fir_3k4_0002_rtl_core:\real_passthrough:hpfircore_core|u0_m0_wo0_accum_o[28]                                                         ; FIR:u_FIR_0|fir_3k4:u_fir_3k4_0|fir_3k4_0002:fir_3k4_inst|fir_3k4_0002_ast:fir_3k4_0002_ast_inst|fir_3k4_0002_rtl_core:\real_passthrough:hpfircore_core|u0_m0_wo0_accum_o[28]                                                                                                  ; clk_50M      ; clk_50M     ; 0.000        ; 0.073      ; 0.736      ;
; 0.469 ; FIR:u_FIR_0|fir_3k4:u_fir_3k4_0|fir_3k4_0002:fir_3k4_inst|fir_3k4_0002_ast:fir_3k4_0002_ast_inst|fir_3k4_0002_rtl_core:\real_passthrough:hpfircore_core|altsyncram:u0_m0_wo0_wi0_r0_memr9_dmem|altsyncram_gpn3:auto_generated|q_b[20] ; FIR:u_FIR_0|fir_3k4:u_fir_3k4_0|fir_3k4_0002:fir_3k4_inst|fir_3k4_0002_ast:fir_3k4_0002_ast_inst|fir_3k4_0002_rtl_core:\real_passthrough:hpfircore_core|altsyncram:u0_m0_wo0_wi0_r0_memr9_dmem|altsyncram_gpn3:auto_generated|ram_block1a8~porta_datain_reg0                   ; clk_50M      ; clk_50M     ; 0.000        ; 0.148      ; 0.847      ;
; 0.469 ; FIR:u_FIR_0|fir_3k4:u_fir_3k4_0|fir_3k4_0002:fir_3k4_inst|fir_3k4_0002_ast:fir_3k4_0002_ast_inst|fir_3k4_0002_rtl_core:\real_passthrough:hpfircore_core|altsyncram:u0_m0_wo0_wi0_r0_memr9_dmem|altsyncram_gpn3:auto_generated|q_b[21] ; FIR:u_FIR_0|fir_3k4:u_fir_3k4_0|fir_3k4_0002:fir_3k4_inst|fir_3k4_0002_ast:fir_3k4_0002_ast_inst|fir_3k4_0002_rtl_core:\real_passthrough:hpfircore_core|altsyncram:u0_m0_wo0_wi0_r0_memr9_dmem|altsyncram_gpn3:auto_generated|ram_block1a8~porta_datain_reg0                   ; clk_50M      ; clk_50M     ; 0.000        ; 0.148      ; 0.847      ;
; 0.469 ; FIR:u_FIR_0|fir_3k4:u_fir_3k4_0|fir_3k4_0002:fir_3k4_inst|fir_3k4_0002_ast:fir_3k4_0002_ast_inst|fir_3k4_0002_rtl_core:\real_passthrough:hpfircore_core|altsyncram:u0_m0_wo0_wi0_r0_memr9_dmem|altsyncram_gpn3:auto_generated|q_b[33] ; FIR:u_FIR_0|fir_3k4:u_fir_3k4_0|fir_3k4_0002:fir_3k4_inst|fir_3k4_0002_ast:fir_3k4_0002_ast_inst|fir_3k4_0002_rtl_core:\real_passthrough:hpfircore_core|altsyncram:u0_m0_wo0_wi0_r0_memr9_dmem|altsyncram_gpn3:auto_generated|ram_block1a8~porta_datain_reg0                   ; clk_50M      ; clk_50M     ; 0.000        ; 0.148      ; 0.847      ;
; 0.470 ; FIR:u_FIR_0|fir_3k4:u_fir_3k4_0|fir_3k4_0002:fir_3k4_inst|fir_3k4_0002_ast:fir_3k4_0002_ast_inst|fir_3k4_0002_rtl_core:\real_passthrough:hpfircore_core|altsyncram:u0_m0_wo0_wi0_r0_memr1_dmem|altsyncram_gpn3:auto_generated|q_b[59] ; FIR:u_FIR_0|fir_3k4:u_fir_3k4_0|fir_3k4_0002:fir_3k4_inst|fir_3k4_0002_ast:fir_3k4_0002_ast_inst|fir_3k4_0002_rtl_core:\real_passthrough:hpfircore_core|altsyncram:u0_m0_wo0_wi0_r0_memr1_dmem|altsyncram_gpn3:auto_generated|ram_block1a40~porta_datain_reg0                  ; clk_50M      ; clk_50M     ; 0.000        ; 0.149      ; 0.849      ;
; 0.470 ; FIR:u_FIR_0|fir_3k4:u_fir_3k4_0|fir_3k4_0002:fir_3k4_inst|fir_3k4_0002_ast:fir_3k4_0002_ast_inst|auk_dspip_avalon_streaming_source_hpfir:source|data_out[15]                                                                          ; FIR:u_FIR_0|lpf_data[2]                                                                                                                                                                                                                                                        ; clk_50M      ; clk_50M     ; 0.000        ; 0.073      ; 0.738      ;
; 0.470 ; FIR:u_FIR_0|fir_3k4:u_fir_3k4_0|fir_3k4_0002:fir_3k4_inst|fir_3k4_0002_ast:fir_3k4_0002_ast_inst|auk_dspip_avalon_streaming_source_hpfir:source|data_out[14]                                                                          ; FIR:u_FIR_0|lpf_data[1]                                                                                                                                                                                                                                                        ; clk_50M      ; clk_50M     ; 0.000        ; 0.073      ; 0.738      ;
; 0.470 ; FIR:u_FIR_0|fir_3k4:u_fir_3k4_0|fir_3k4_0002:fir_3k4_inst|fir_3k4_0002_ast:fir_3k4_0002_ast_inst|fir_3k4_0002_rtl_core:\real_passthrough:hpfircore_core|dspba_delay:d_u0_m0_wo0_wi0_r0_split9_f_17|delay_signals[1][4]                ; FIR:u_FIR_0|fir_3k4:u_fir_3k4_0|fir_3k4_0002:fir_3k4_inst|fir_3k4_0002_ast:fir_3k4_0002_ast_inst|fir_3k4_0002_rtl_core:\real_passthrough:hpfircore_core|dspba_delay:d_u0_m0_wo0_wi0_r0_split9_f_17|delay_signals[0][4]                                                         ; clk_50M      ; clk_50M     ; 0.000        ; 0.073      ; 0.738      ;
; 0.470 ; FIR:u_FIR_0|fir_3k4:u_fir_3k4_0|fir_3k4_0002:fir_3k4_inst|fir_3k4_0002_ast:fir_3k4_0002_ast_inst|fir_3k4_0002_rtl_core:\real_passthrough:hpfircore_core|dspba_delay:d_u0_m0_wo0_wi0_r0_split9_g_17|delay_signals[1][0]                ; FIR:u_FIR_0|fir_3k4:u_fir_3k4_0|fir_3k4_0002:fir_3k4_inst|fir_3k4_0002_ast:fir_3k4_0002_ast_inst|fir_3k4_0002_rtl_core:\real_passthrough:hpfircore_core|dspba_delay:d_u0_m0_wo0_wi0_r0_split9_g_17|delay_signals[0][0]                                                         ; clk_50M      ; clk_50M     ; 0.000        ; 0.073      ; 0.738      ;
; 0.470 ; FIR:u_FIR_0|fir_3k4:u_fir_3k4_0|fir_3k4_0002:fir_3k4_inst|fir_3k4_0002_ast:fir_3k4_0002_ast_inst|fir_3k4_0002_rtl_core:\real_passthrough:hpfircore_core|dspba_delay:d_u0_m0_wo0_wi0_r0_split9_g_17|delay_signals[1][4]                ; FIR:u_FIR_0|fir_3k4:u_fir_3k4_0|fir_3k4_0002:fir_3k4_inst|fir_3k4_0002_ast:fir_3k4_0002_ast_inst|fir_3k4_0002_rtl_core:\real_passthrough:hpfircore_core|dspba_delay:d_u0_m0_wo0_wi0_r0_split9_g_17|delay_signals[0][4]                                                         ; clk_50M      ; clk_50M     ; 0.000        ; 0.073      ; 0.738      ;
; 0.470 ; FIR:u_FIR_0|fir_3k4:u_fir_3k4_0|fir_3k4_0002:fir_3k4_inst|fir_3k4_0002_ast:fir_3k4_0002_ast_inst|fir_3k4_0002_rtl_core:\real_passthrough:hpfircore_core|dspba_delay:d_xIn_0_15|delay_signals[1][1]                                    ; FIR:u_FIR_0|fir_3k4:u_fir_3k4_0|fir_3k4_0002:fir_3k4_inst|fir_3k4_0002_ast:fir_3k4_0002_ast_inst|fir_3k4_0002_rtl_core:\real_passthrough:hpfircore_core|dspba_delay:d_xIn_0_15|delay_signals[0][1]                                                                             ; clk_50M      ; clk_50M     ; 0.000        ; 0.072      ; 0.737      ;
; 0.470 ; FIR:u_FIR_0|fir_3k4:u_fir_3k4_0|fir_3k4_0002:fir_3k4_inst|fir_3k4_0002_ast:fir_3k4_0002_ast_inst|fir_3k4_0002_rtl_core:\real_passthrough:hpfircore_core|dspba_delay:d_xIn_0_15|delay_signals[1][4]                                    ; FIR:u_FIR_0|fir_3k4:u_fir_3k4_0|fir_3k4_0002:fir_3k4_inst|fir_3k4_0002_ast:fir_3k4_0002_ast_inst|fir_3k4_0002_rtl_core:\real_passthrough:hpfircore_core|dspba_delay:d_xIn_0_15|delay_signals[0][4]                                                                             ; clk_50M      ; clk_50M     ; 0.000        ; 0.073      ; 0.738      ;
; 0.470 ; FIR:u_FIR_0|fir_3k4:u_fir_3k4_0|fir_3k4_0002:fir_3k4_inst|fir_3k4_0002_ast:fir_3k4_0002_ast_inst|fir_3k4_0002_rtl_core:\real_passthrough:hpfircore_core|dspba_delay:d_xIn_0_15|delay_signals[4][4]                                    ; FIR:u_FIR_0|fir_3k4:u_fir_3k4_0|fir_3k4_0002:fir_3k4_inst|fir_3k4_0002_ast:fir_3k4_0002_ast_inst|fir_3k4_0002_rtl_core:\real_passthrough:hpfircore_core|dspba_delay:d_xIn_0_15|delay_signals[3][4]                                                                             ; clk_50M      ; clk_50M     ; 0.000        ; 0.073      ; 0.738      ;
; 0.470 ; FIR:u_FIR_0|fir_3k4:u_fir_3k4_0|fir_3k4_0002:fir_3k4_inst|fir_3k4_0002_ast:fir_3k4_0002_ast_inst|fir_3k4_0002_rtl_core:\real_passthrough:hpfircore_core|dspba_delay:d_xIn_0_15|delay_signals[1][7]                                    ; FIR:u_FIR_0|fir_3k4:u_fir_3k4_0|fir_3k4_0002:fir_3k4_inst|fir_3k4_0002_ast:fir_3k4_0002_ast_inst|fir_3k4_0002_rtl_core:\real_passthrough:hpfircore_core|dspba_delay:d_xIn_0_15|delay_signals[0][7]                                                                             ; clk_50M      ; clk_50M     ; 0.000        ; 0.072      ; 0.737      ;
; 0.471 ; FIR:u_FIR_0|fir_3k4:u_fir_3k4_0|fir_3k4_0002:fir_3k4_inst|fir_3k4_0002_ast:fir_3k4_0002_ast_inst|fir_3k4_0002_rtl_core:\real_passthrough:hpfircore_core|u0_m0_wo0_run_q[0]                                                            ; FIR:u_FIR_0|fir_3k4:u_fir_3k4_0|fir_3k4_0002:fir_3k4_inst|fir_3k4_0002_ast:fir_3k4_0002_ast_inst|fir_3k4_0002_rtl_core:\real_passthrough:hpfircore_core|dspba_delay:u0_m0_wo0_memread|delay_signals[0][0]                                                                      ; clk_50M      ; clk_50M     ; 0.000        ; 0.072      ; 0.738      ;
; 0.471 ; FIR:u_FIR_0|fir_3k4:u_fir_3k4_0|fir_3k4_0002:fir_3k4_inst|fir_3k4_0002_ast:fir_3k4_0002_ast_inst|auk_dspip_avalon_streaming_source_hpfir:source|data_out[16]                                                                          ; FIR:u_FIR_0|lpf_data[3]                                                                                                                                                                                                                                                        ; clk_50M      ; clk_50M     ; 0.000        ; 0.073      ; 0.739      ;
; 0.471 ; FIR:u_FIR_0|fir_3k4:u_fir_3k4_0|fir_3k4_0002:fir_3k4_inst|fir_3k4_0002_ast:fir_3k4_0002_ast_inst|fir_3k4_0002_rtl_core:\real_passthrough:hpfircore_core|dspba_delay:d_u0_m0_wo0_wi0_r0_split9_f_17|delay_signals[1][5]                ; FIR:u_FIR_0|fir_3k4:u_fir_3k4_0|fir_3k4_0002:fir_3k4_inst|fir_3k4_0002_ast:fir_3k4_0002_ast_inst|fir_3k4_0002_rtl_core:\real_passthrough:hpfircore_core|dspba_delay:d_u0_m0_wo0_wi0_r0_split9_f_17|delay_signals[0][5]                                                         ; clk_50M      ; clk_50M     ; 0.000        ; 0.072      ; 0.738      ;
; 0.471 ; FIR:u_FIR_0|fir_3k4:u_fir_3k4_0|fir_3k4_0002:fir_3k4_inst|fir_3k4_0002_ast:fir_3k4_0002_ast_inst|fir_3k4_0002_rtl_core:\real_passthrough:hpfircore_core|dspba_delay:d_u0_m0_wo0_wi0_r0_split9_g_17|delay_signals[1][2]                ; FIR:u_FIR_0|fir_3k4:u_fir_3k4_0|fir_3k4_0002:fir_3k4_inst|fir_3k4_0002_ast:fir_3k4_0002_ast_inst|fir_3k4_0002_rtl_core:\real_passthrough:hpfircore_core|dspba_delay:d_u0_m0_wo0_wi0_r0_split9_g_17|delay_signals[0][2]                                                         ; clk_50M      ; clk_50M     ; 0.000        ; 0.073      ; 0.739      ;
; 0.471 ; FIR:u_FIR_0|fir_3k4:u_fir_3k4_0|fir_3k4_0002:fir_3k4_inst|fir_3k4_0002_ast:fir_3k4_0002_ast_inst|fir_3k4_0002_rtl_core:\real_passthrough:hpfircore_core|dspba_delay:d_u0_m0_wo0_wi0_r0_split9_g_17|delay_signals[1][3]                ; FIR:u_FIR_0|fir_3k4:u_fir_3k4_0|fir_3k4_0002:fir_3k4_inst|fir_3k4_0002_ast:fir_3k4_0002_ast_inst|fir_3k4_0002_rtl_core:\real_passthrough:hpfircore_core|dspba_delay:d_u0_m0_wo0_wi0_r0_split9_g_17|delay_signals[0][3]                                                         ; clk_50M      ; clk_50M     ; 0.000        ; 0.072      ; 0.738      ;
; 0.471 ; FIR:u_FIR_0|fir_3k4:u_fir_3k4_0|fir_3k4_0002:fir_3k4_inst|fir_3k4_0002_ast:fir_3k4_0002_ast_inst|fir_3k4_0002_rtl_core:\real_passthrough:hpfircore_core|dspba_delay:d_u0_m0_wo0_wi0_r0_split9_g_17|delay_signals[1][5]                ; FIR:u_FIR_0|fir_3k4:u_fir_3k4_0|fir_3k4_0002:fir_3k4_inst|fir_3k4_0002_ast:fir_3k4_0002_ast_inst|fir_3k4_0002_rtl_core:\real_passthrough:hpfircore_core|dspba_delay:d_u0_m0_wo0_wi0_r0_split9_g_17|delay_signals[0][5]                                                         ; clk_50M      ; clk_50M     ; 0.000        ; 0.072      ; 0.738      ;
; 0.471 ; FIR:u_FIR_0|fir_3k4:u_fir_3k4_0|fir_3k4_0002:fir_3k4_inst|fir_3k4_0002_ast:fir_3k4_0002_ast_inst|fir_3k4_0002_rtl_core:\real_passthrough:hpfircore_core|dspba_delay:d_u0_m0_wo0_wi0_r0_split9_g_17|delay_signals[1][6]                ; FIR:u_FIR_0|fir_3k4:u_fir_3k4_0|fir_3k4_0002:fir_3k4_inst|fir_3k4_0002_ast:fir_3k4_0002_ast_inst|fir_3k4_0002_rtl_core:\real_passthrough:hpfircore_core|dspba_delay:d_u0_m0_wo0_wi0_r0_split9_g_17|delay_signals[0][6]                                                         ; clk_50M      ; clk_50M     ; 0.000        ; 0.073      ; 0.739      ;
; 0.471 ; FIR:u_FIR_0|fir_3k4:u_fir_3k4_0|fir_3k4_0002:fir_3k4_inst|fir_3k4_0002_ast:fir_3k4_0002_ast_inst|fir_3k4_0002_rtl_core:\real_passthrough:hpfircore_core|dspba_delay:d_xIn_0_15|delay_signals[2][0]                                    ; FIR:u_FIR_0|fir_3k4:u_fir_3k4_0|fir_3k4_0002:fir_3k4_inst|fir_3k4_0002_ast:fir_3k4_0002_ast_inst|fir_3k4_0002_rtl_core:\real_passthrough:hpfircore_core|dspba_delay:d_xIn_0_15|delay_signals[1][0]                                                                             ; clk_50M      ; clk_50M     ; 0.000        ; 0.072      ; 0.738      ;
; 0.471 ; FIR:u_FIR_0|fir_3k4:u_fir_3k4_0|fir_3k4_0002:fir_3k4_inst|fir_3k4_0002_ast:fir_3k4_0002_ast_inst|fir_3k4_0002_rtl_core:\real_passthrough:hpfircore_core|dspba_delay:d_in0_m0_wi0_wo0_assign_id1_q_15|delay_signals[1][0]              ; FIR:u_FIR_0|fir_3k4:u_fir_3k4_0|fir_3k4_0002:fir_3k4_inst|fir_3k4_0002_ast:fir_3k4_0002_ast_inst|fir_3k4_0002_rtl_core:\real_passthrough:hpfircore_core|dspba_delay:d_in0_m0_wi0_wo0_assign_id1_q_15|delay_signals[0][0]                                                       ; clk_50M      ; clk_50M     ; 0.000        ; 0.072      ; 0.738      ;
; 0.471 ; FIR:u_FIR_0|fir_3k4:u_fir_3k4_0|fir_3k4_0002:fir_3k4_inst|fir_3k4_0002_ast:fir_3k4_0002_ast_inst|fir_3k4_0002_rtl_core:\real_passthrough:hpfircore_core|dspba_delay:d_in0_m0_wi0_wo0_assign_id1_q_15|delay_signals[2][0]              ; FIR:u_FIR_0|fir_3k4:u_fir_3k4_0|fir_3k4_0002:fir_3k4_inst|fir_3k4_0002_ast:fir_3k4_0002_ast_inst|fir_3k4_0002_rtl_core:\real_passthrough:hpfircore_core|dspba_delay:d_in0_m0_wi0_wo0_assign_id1_q_15|delay_signals[1][0]                                                       ; clk_50M      ; clk_50M     ; 0.000        ; 0.072      ; 0.738      ;
; 0.471 ; FIR:u_FIR_0|fir_3k4:u_fir_3k4_0|fir_3k4_0002:fir_3k4_inst|fir_3k4_0002_ast:fir_3k4_0002_ast_inst|fir_3k4_0002_rtl_core:\real_passthrough:hpfircore_core|dspba_delay:d_in0_m0_wi0_wo0_assign_id1_q_15|delay_signals[3][0]              ; FIR:u_FIR_0|fir_3k4:u_fir_3k4_0|fir_3k4_0002:fir_3k4_inst|fir_3k4_0002_ast:fir_3k4_0002_ast_inst|fir_3k4_0002_rtl_core:\real_passthrough:hpfircore_core|dspba_delay:d_in0_m0_wi0_wo0_assign_id1_q_15|delay_signals[2][0]                                                       ; clk_50M      ; clk_50M     ; 0.000        ; 0.072      ; 0.738      ;
; 0.471 ; FIR:u_FIR_0|fir_3k4:u_fir_3k4_0|fir_3k4_0002:fir_3k4_inst|fir_3k4_0002_ast:fir_3k4_0002_ast_inst|fir_3k4_0002_rtl_core:\real_passthrough:hpfircore_core|dspba_delay:d_xIn_0_15|delay_signals[2][1]                                    ; FIR:u_FIR_0|fir_3k4:u_fir_3k4_0|fir_3k4_0002:fir_3k4_inst|fir_3k4_0002_ast:fir_3k4_0002_ast_inst|fir_3k4_0002_rtl_core:\real_passthrough:hpfircore_core|dspba_delay:d_xIn_0_15|delay_signals[1][1]                                                                             ; clk_50M      ; clk_50M     ; 0.000        ; 0.072      ; 0.738      ;
; 0.471 ; FIR:u_FIR_0|fir_3k4:u_fir_3k4_0|fir_3k4_0002:fir_3k4_inst|fir_3k4_0002_ast:fir_3k4_0002_ast_inst|fir_3k4_0002_rtl_core:\real_passthrough:hpfircore_core|dspba_delay:d_xIn_0_15|delay_signals[4][1]                                    ; FIR:u_FIR_0|fir_3k4:u_fir_3k4_0|fir_3k4_0002:fir_3k4_inst|fir_3k4_0002_ast:fir_3k4_0002_ast_inst|fir_3k4_0002_rtl_core:\real_passthrough:hpfircore_core|dspba_delay:d_xIn_0_15|delay_signals[3][1]                                                                             ; clk_50M      ; clk_50M     ; 0.000        ; 0.072      ; 0.738      ;
; 0.471 ; FIR:u_FIR_0|fir_3k4:u_fir_3k4_0|fir_3k4_0002:fir_3k4_inst|fir_3k4_0002_ast:fir_3k4_0002_ast_inst|fir_3k4_0002_rtl_core:\real_passthrough:hpfircore_core|dspba_delay:d_xIn_0_15|delay_signals[2][2]                                    ; FIR:u_FIR_0|fir_3k4:u_fir_3k4_0|fir_3k4_0002:fir_3k4_inst|fir_3k4_0002_ast:fir_3k4_0002_ast_inst|fir_3k4_0002_rtl_core:\real_passthrough:hpfircore_core|dspba_delay:d_xIn_0_15|delay_signals[1][2]                                                                             ; clk_50M      ; clk_50M     ; 0.000        ; 0.072      ; 0.738      ;
; 0.471 ; FIR:u_FIR_0|fir_3k4:u_fir_3k4_0|fir_3k4_0002:fir_3k4_inst|fir_3k4_0002_ast:fir_3k4_0002_ast_inst|fir_3k4_0002_rtl_core:\real_passthrough:hpfircore_core|dspba_delay:d_xIn_0_15|delay_signals[4][2]                                    ; FIR:u_FIR_0|fir_3k4:u_fir_3k4_0|fir_3k4_0002:fir_3k4_inst|fir_3k4_0002_ast:fir_3k4_0002_ast_inst|fir_3k4_0002_rtl_core:\real_passthrough:hpfircore_core|dspba_delay:d_xIn_0_15|delay_signals[3][2]                                                                             ; clk_50M      ; clk_50M     ; 0.000        ; 0.072      ; 0.738      ;
; 0.471 ; FIR:u_FIR_0|fir_3k4:u_fir_3k4_0|fir_3k4_0002:fir_3k4_inst|fir_3k4_0002_ast:fir_3k4_0002_ast_inst|fir_3k4_0002_rtl_core:\real_passthrough:hpfircore_core|dspba_delay:d_xIn_0_15|delay_signals[3][4]                                    ; FIR:u_FIR_0|fir_3k4:u_fir_3k4_0|fir_3k4_0002:fir_3k4_inst|fir_3k4_0002_ast:fir_3k4_0002_ast_inst|fir_3k4_0002_rtl_core:\real_passthrough:hpfircore_core|dspba_delay:d_xIn_0_15|delay_signals[2][4]                                                                             ; clk_50M      ; clk_50M     ; 0.000        ; 0.073      ; 0.739      ;
; 0.471 ; FIR:u_FIR_0|fir_3k4:u_fir_3k4_0|fir_3k4_0002:fir_3k4_inst|fir_3k4_0002_ast:fir_3k4_0002_ast_inst|fir_3k4_0002_rtl_core:\real_passthrough:hpfircore_core|dspba_delay:d_xIn_0_15|delay_signals[1][5]                                    ; FIR:u_FIR_0|fir_3k4:u_fir_3k4_0|fir_3k4_0002:fir_3k4_inst|fir_3k4_0002_ast:fir_3k4_0002_ast_inst|fir_3k4_0002_rtl_core:\real_passthrough:hpfircore_core|dspba_delay:d_xIn_0_15|delay_signals[0][5]                                                                             ; clk_50M      ; clk_50M     ; 0.000        ; 0.073      ; 0.739      ;
; 0.471 ; FIR:u_FIR_0|fir_3k4:u_fir_3k4_0|fir_3k4_0002:fir_3k4_inst|fir_3k4_0002_ast:fir_3k4_0002_ast_inst|fir_3k4_0002_rtl_core:\real_passthrough:hpfircore_core|dspba_delay:d_xIn_0_15|delay_signals[4][5]                                    ; FIR:u_FIR_0|fir_3k4:u_fir_3k4_0|fir_3k4_0002:fir_3k4_inst|fir_3k4_0002_ast:fir_3k4_0002_ast_inst|fir_3k4_0002_rtl_core:\real_passthrough:hpfircore_core|dspba_delay:d_xIn_0_15|delay_signals[3][5]                                                                             ; clk_50M      ; clk_50M     ; 0.000        ; 0.073      ; 0.739      ;
; 0.471 ; FIR:u_FIR_0|fir_3k4:u_fir_3k4_0|fir_3k4_0002:fir_3k4_inst|fir_3k4_0002_ast:fir_3k4_0002_ast_inst|fir_3k4_0002_rtl_core:\real_passthrough:hpfircore_core|dspba_delay:d_xIn_0_15|delay_signals[4][6]                                    ; FIR:u_FIR_0|fir_3k4:u_fir_3k4_0|fir_3k4_0002:fir_3k4_inst|fir_3k4_0002_ast:fir_3k4_0002_ast_inst|fir_3k4_0002_rtl_core:\real_passthrough:hpfircore_core|dspba_delay:d_xIn_0_15|delay_signals[3][6]                                                                             ; clk_50M      ; clk_50M     ; 0.000        ; 0.072      ; 0.738      ;
; 0.471 ; FIR:u_FIR_0|fir_3k4:u_fir_3k4_0|fir_3k4_0002:fir_3k4_inst|fir_3k4_0002_ast:fir_3k4_0002_ast_inst|fir_3k4_0002_rtl_core:\real_passthrough:hpfircore_core|dspba_delay:d_xIn_0_15|delay_signals[2][7]                                    ; FIR:u_FIR_0|fir_3k4:u_fir_3k4_0|fir_3k4_0002:fir_3k4_inst|fir_3k4_0002_ast:fir_3k4_0002_ast_inst|fir_3k4_0002_rtl_core:\real_passthrough:hpfircore_core|dspba_delay:d_xIn_0_15|delay_signals[1][7]                                                                             ; clk_50M      ; clk_50M     ; 0.000        ; 0.072      ; 0.738      ;
; 0.471 ; FIR:u_FIR_0|fir_3k4:u_fir_3k4_0|fir_3k4_0002:fir_3k4_inst|fir_3k4_0002_ast:fir_3k4_0002_ast_inst|fir_3k4_0002_rtl_core:\real_passthrough:hpfircore_core|dspba_delay:d_xIn_0_15|delay_signals[4][7]                                    ; FIR:u_FIR_0|fir_3k4:u_fir_3k4_0|fir_3k4_0002:fir_3k4_inst|fir_3k4_0002_ast:fir_3k4_0002_ast_inst|fir_3k4_0002_rtl_core:\real_passthrough:hpfircore_core|dspba_delay:d_xIn_0_15|delay_signals[3][7]                                                                             ; clk_50M      ; clk_50M     ; 0.000        ; 0.072      ; 0.738      ;
; 0.471 ; FIR:u_FIR_0|fir_3k4:u_fir_3k4_0|fir_3k4_0002:fir_3k4_inst|fir_3k4_0002_ast:fir_3k4_0002_ast_inst|fir_3k4_0002_rtl_core:\real_passthrough:hpfircore_core|dspba_delay:d_u0_m0_wo0_compute_q_20|delay_signals[3][0]                      ; FIR:u_FIR_0|fir_3k4:u_fir_3k4_0|fir_3k4_0002:fir_3k4_inst|fir_3k4_0002_ast:fir_3k4_0002_ast_inst|fir_3k4_0002_rtl_core:\real_passthrough:hpfircore_core|dspba_delay:d_u0_m0_wo0_compute_q_20|delay_signals[2][0]                                                               ; clk_50M      ; clk_50M     ; 0.000        ; 0.072      ; 0.738      ;
; 0.471 ; FIR:u_FIR_0|fir_3k4:u_fir_3k4_0|fir_3k4_0002:fir_3k4_inst|fir_3k4_0002_ast:fir_3k4_0002_ast_inst|fir_3k4_0002_rtl_core:\real_passthrough:hpfircore_core|dspba_delay:d_u0_m0_wo0_compute_q_20|delay_signals[4][0]                      ; FIR:u_FIR_0|fir_3k4:u_fir_3k4_0|fir_3k4_0002:fir_3k4_inst|fir_3k4_0002_ast:fir_3k4_0002_ast_inst|fir_3k4_0002_rtl_core:\real_passthrough:hpfircore_core|dspba_delay:d_u0_m0_wo0_compute_q_20|delay_signals[3][0]                                                               ; clk_50M      ; clk_50M     ; 0.000        ; 0.072      ; 0.738      ;
; 0.472 ; FIR:u_FIR_0|fir_3k4:u_fir_3k4_0|fir_3k4_0002:fir_3k4_inst|fir_3k4_0002_ast:fir_3k4_0002_ast_inst|fir_3k4_0002_rtl_core:\real_passthrough:hpfircore_core|altsyncram:u0_m0_wo0_wi0_r0_memr9_dmem|altsyncram_gpn3:auto_generated|q_b[32] ; FIR:u_FIR_0|fir_3k4:u_fir_3k4_0|fir_3k4_0002:fir_3k4_inst|fir_3k4_0002_ast:fir_3k4_0002_ast_inst|fir_3k4_0002_rtl_core:\real_passthrough:hpfircore_core|altsyncram:u0_m0_wo0_wi0_r0_memr9_dmem|altsyncram_gpn3:auto_generated|ram_block1a8~porta_datain_reg0                   ; clk_50M      ; clk_50M     ; 0.000        ; 0.148      ; 0.850      ;
; 0.472 ; FIR:u_FIR_0|fir_3k4:u_fir_3k4_0|fir_3k4_0002:fir_3k4_inst|fir_3k4_0002_ast:fir_3k4_0002_ast_inst|fir_3k4_0002_rtl_core:\real_passthrough:hpfircore_core|dspba_delay:d_u0_m0_wo0_wi0_r0_split9_f_17|delay_signals[1][6]                ; FIR:u_FIR_0|fir_3k4:u_fir_3k4_0|fir_3k4_0002:fir_3k4_inst|fir_3k4_0002_ast:fir_3k4_0002_ast_inst|fir_3k4_0002_rtl_core:\real_passthrough:hpfircore_core|dspba_delay:d_u0_m0_wo0_wi0_r0_split9_f_17|delay_signals[0][6]                                                         ; clk_50M      ; clk_50M     ; 0.000        ; 0.072      ; 0.739      ;
; 0.472 ; FIR:u_FIR_0|fir_3k4:u_fir_3k4_0|fir_3k4_0002:fir_3k4_inst|fir_3k4_0002_ast:fir_3k4_0002_ast_inst|fir_3k4_0002_rtl_core:\real_passthrough:hpfircore_core|dspba_delay:d_xIn_0_15|delay_signals[3][2]                                    ; FIR:u_FIR_0|fir_3k4:u_fir_3k4_0|fir_3k4_0002:fir_3k4_inst|fir_3k4_0002_ast:fir_3k4_0002_ast_inst|fir_3k4_0002_rtl_core:\real_passthrough:hpfircore_core|dspba_delay:d_xIn_0_15|delay_signals[2][2]                                                                             ; clk_50M      ; clk_50M     ; 0.000        ; 0.072      ; 0.739      ;
; 0.472 ; FIR:u_FIR_0|fir_3k4:u_fir_3k4_0|fir_3k4_0002:fir_3k4_inst|fir_3k4_0002_ast:fir_3k4_0002_ast_inst|fir_3k4_0002_rtl_core:\real_passthrough:hpfircore_core|dspba_delay:d_xIn_0_15|delay_signals[4][3]                                    ; FIR:u_FIR_0|fir_3k4:u_fir_3k4_0|fir_3k4_0002:fir_3k4_inst|fir_3k4_0002_ast:fir_3k4_0002_ast_inst|fir_3k4_0002_rtl_core:\real_passthrough:hpfircore_core|dspba_delay:d_xIn_0_15|delay_signals[3][3]                                                                             ; clk_50M      ; clk_50M     ; 0.000        ; 0.072      ; 0.739      ;
; 0.472 ; FIR:u_FIR_0|fir_3k4:u_fir_3k4_0|fir_3k4_0002:fir_3k4_inst|fir_3k4_0002_ast:fir_3k4_0002_ast_inst|fir_3k4_0002_rtl_core:\real_passthrough:hpfircore_core|dspba_delay:d_u0_m0_wo0_compute_q_20|delay_signals[2][0]                      ; FIR:u_FIR_0|fir_3k4:u_fir_3k4_0|fir_3k4_0002:fir_3k4_inst|fir_3k4_0002_ast:fir_3k4_0002_ast_inst|fir_3k4_0002_rtl_core:\real_passthrough:hpfircore_core|dspba_delay:d_u0_m0_wo0_compute_q_20|delay_signals[1][0]                                                               ; clk_50M      ; clk_50M     ; 0.000        ; 0.072      ; 0.739      ;
; 0.472 ; FIR:u_FIR_0|fir_3k4:u_fir_3k4_0|fir_3k4_0002:fir_3k4_inst|fir_3k4_0002_ast:fir_3k4_0002_ast_inst|fir_3k4_0002_rtl_core:\real_passthrough:hpfircore_core|dspba_delay:d_u0_m0_wo0_compute_q_20|delay_signals[5][0]                      ; FIR:u_FIR_0|fir_3k4:u_fir_3k4_0|fir_3k4_0002:fir_3k4_inst|fir_3k4_0002_ast:fir_3k4_0002_ast_inst|fir_3k4_0002_rtl_core:\real_passthrough:hpfircore_core|dspba_delay:d_u0_m0_wo0_compute_q_20|delay_signals[4][0]                                                               ; clk_50M      ; clk_50M     ; 0.000        ; 0.072      ; 0.739      ;
; 0.473 ; FIR:u_FIR_0|fir_3k4:u_fir_3k4_0|fir_3k4_0002:fir_3k4_inst|fir_3k4_0002_ast:fir_3k4_0002_ast_inst|auk_dspip_avalon_streaming_source_hpfir:source|data_out[17]                                                                          ; FIR:u_FIR_0|lpf_data[4]                                                                                                                                                                                                                                                        ; clk_50M      ; clk_50M     ; 0.000        ; 0.072      ; 0.740      ;
; 0.473 ; FIR:u_FIR_0|fir_3k4:u_fir_3k4_0|fir_3k4_0002:fir_3k4_inst|fir_3k4_0002_ast:fir_3k4_0002_ast_inst|fir_3k4_0002_rtl_core:\real_passthrough:hpfircore_core|dspba_delay:d_u0_m0_wo0_wi0_r0_split9_f_17|delay_signals[1][0]                ; FIR:u_FIR_0|fir_3k4:u_fir_3k4_0|fir_3k4_0002:fir_3k4_inst|fir_3k4_0002_ast:fir_3k4_0002_ast_inst|fir_3k4_0002_rtl_core:\real_passthrough:hpfircore_core|dspba_delay:d_u0_m0_wo0_wi0_r0_split9_f_17|delay_signals[0][0]                                                         ; clk_50M      ; clk_50M     ; 0.000        ; 0.073      ; 0.741      ;
+-------+---------------------------------------------------------------------------------------------------------------------------------------------------------------------------------------------------------------------------------------+--------------------------------------------------------------------------------------------------------------------------------------------------------------------------------------------------------------------------------------------------------------------------------+--------------+-------------+--------------+------------+------------+


----------------------------------------------
; Slow 1200mV 0C Model Metastability Summary ;
----------------------------------------------
The design MTBF is not calculated because there are no specified synchronizers in the design.
Number of Synchronizer Chains Found: 8
Shortest Synchronizer Chain: 6 Registers
Fraction of Chains for which MTBFs Could Not be Calculated: 1.000
Worst Case Available Settling Time: 93.514 ns




+------------------------------------+
; Fast 1200mV 0C Model Setup Summary ;
+---------+--------+-----------------+
; Clock   ; Slack  ; End Point TNS   ;
+---------+--------+-----------------+
; clk_50M ; 17.775 ; 0.000           ;
+---------+--------+-----------------+


+-----------------------------------+
; Fast 1200mV 0C Model Hold Summary ;
+---------+-------+-----------------+
; Clock   ; Slack ; End Point TNS   ;
+---------+-------+-----------------+
; clk_50M ; 0.125 ; 0.000           ;
+---------+-------+-----------------+


-----------------------------------------
; Fast 1200mV 0C Model Recovery Summary ;
-----------------------------------------
No paths to report.


----------------------------------------
; Fast 1200mV 0C Model Removal Summary ;
----------------------------------------
No paths to report.


+--------------------------------------------------+
; Fast 1200mV 0C Model Minimum Pulse Width Summary ;
+---------+-------+--------------------------------+
; Clock   ; Slack ; End Point TNS                  ;
+---------+-------+--------------------------------+
; clk_50M ; 9.371 ; 0.000                          ;
+---------+-------+--------------------------------+


+------------------------------------------------------------------------------------------------------------------------------------------------------------------------------------------------------------------------------------------------------------------------------------------------------------------------------------------------------------------------------------------------------------------------------------------------------------------------------------------------------------------------+
; Fast 1200mV 0C Model Setup: 'clk_50M'                                                                                                                                                                                                                                                                                                                                                                                                                                                                                  ;
+--------+---------------------------------------------------------------------------------------------------------------------------------------------------------------------------------------------------------------------------------------+-------------------------------------------------------------------------------------------------------------------------------------------------------------------------------------------------+--------------+-------------+--------------+------------+------------+
; Slack  ; From Node                                                                                                                                                                                                                             ; To Node                                                                                                                                                                                         ; Launch Clock ; Latch Clock ; Relationship ; Clock Skew ; Data Delay ;
+--------+---------------------------------------------------------------------------------------------------------------------------------------------------------------------------------------------------------------------------------------+-------------------------------------------------------------------------------------------------------------------------------------------------------------------------------------------------+--------------+-------------+--------------+------------+------------+
; 17.775 ; FIR:u_FIR_0|fir_3k4:u_fir_3k4_0|fir_3k4_0002:fir_3k4_inst|fir_3k4_0002_ast:fir_3k4_0002_ast_inst|fir_3k4_0002_rtl_core:\real_passthrough:hpfircore_core|u0_m0_wo0_mtree_add3_0_o[2]                                                   ; FIR:u_FIR_0|fir_3k4:u_fir_3k4_0|fir_3k4_0002:fir_3k4_inst|fir_3k4_0002_ast:fir_3k4_0002_ast_inst|fir_3k4_0002_rtl_core:\real_passthrough:hpfircore_core|u0_m0_wo0_accum_o[28]                   ; clk_50M      ; clk_50M     ; 20.000       ; -0.039     ; 2.173      ;
; 17.811 ; FIR:u_FIR_0|fir_3k4:u_fir_3k4_0|fir_3k4_0002:fir_3k4_inst|fir_3k4_0002_ast:fir_3k4_0002_ast_inst|fir_3k4_0002_rtl_core:\real_passthrough:hpfircore_core|\u0_m0_wo0_run_clkproc:u0_m0_wo0_run_enable_c[8]                              ; FIR:u_FIR_0|fir_3k4:u_fir_3k4_0|fir_3k4_0002:fir_3k4_inst|fir_3k4_0002_ast:fir_3k4_0002_ast_inst|fir_3k4_0002_rtl_core:\real_passthrough:hpfircore_core|u0_m0_wo0_run_enableQ[0]                ; clk_50M      ; clk_50M     ; 20.000       ; -0.050     ; 2.126      ;
; 17.838 ; FIR:u_FIR_0|fir_3k4:u_fir_3k4_0|fir_3k4_0002:fir_3k4_inst|fir_3k4_0002_ast:fir_3k4_0002_ast_inst|fir_3k4_0002_rtl_core:\real_passthrough:hpfircore_core|u0_m0_wo0_mtree_add3_0_o[1]                                                   ; FIR:u_FIR_0|fir_3k4:u_fir_3k4_0|fir_3k4_0002:fir_3k4_inst|fir_3k4_0002_ast:fir_3k4_0002_ast_inst|fir_3k4_0002_rtl_core:\real_passthrough:hpfircore_core|u0_m0_wo0_accum_o[28]                   ; clk_50M      ; clk_50M     ; 20.000       ; -0.039     ; 2.110      ;
; 17.839 ; FIR:u_FIR_0|fir_3k4:u_fir_3k4_0|fir_3k4_0002:fir_3k4_inst|fir_3k4_0002_ast:fir_3k4_0002_ast_inst|fir_3k4_0002_rtl_core:\real_passthrough:hpfircore_core|u0_m0_wo0_mtree_add3_0_o[2]                                                   ; FIR:u_FIR_0|fir_3k4:u_fir_3k4_0|fir_3k4_0002:fir_3k4_inst|fir_3k4_0002_ast:fir_3k4_0002_ast_inst|fir_3k4_0002_rtl_core:\real_passthrough:hpfircore_core|u0_m0_wo0_accum_o[27]                   ; clk_50M      ; clk_50M     ; 20.000       ; -0.039     ; 2.109      ;
; 17.843 ; FIR:u_FIR_0|fir_3k4:u_fir_3k4_0|fir_3k4_0002:fir_3k4_inst|fir_3k4_0002_ast:fir_3k4_0002_ast_inst|fir_3k4_0002_rtl_core:\real_passthrough:hpfircore_core|u0_m0_wo0_mtree_add3_0_o[2]                                                   ; FIR:u_FIR_0|fir_3k4:u_fir_3k4_0|fir_3k4_0002:fir_3k4_inst|fir_3k4_0002_ast:fir_3k4_0002_ast_inst|fir_3k4_0002_rtl_core:\real_passthrough:hpfircore_core|u0_m0_wo0_accum_o[26]                   ; clk_50M      ; clk_50M     ; 20.000       ; -0.039     ; 2.105      ;
; 17.864 ; FIR:u_FIR_0|fir_3k4:u_fir_3k4_0|fir_3k4_0002:fir_3k4_inst|fir_3k4_0002_ast:fir_3k4_0002_ast_inst|fir_3k4_0002_rtl_core:\real_passthrough:hpfircore_core|u0_m0_wo0_mtree_add3_0_o[4]                                                   ; FIR:u_FIR_0|fir_3k4:u_fir_3k4_0|fir_3k4_0002:fir_3k4_inst|fir_3k4_0002_ast:fir_3k4_0002_ast_inst|fir_3k4_0002_rtl_core:\real_passthrough:hpfircore_core|u0_m0_wo0_accum_o[28]                   ; clk_50M      ; clk_50M     ; 20.000       ; -0.039     ; 2.084      ;
; 17.884 ; FIR:u_FIR_0|fir_3k4:u_fir_3k4_0|fir_3k4_0002:fir_3k4_inst|fir_3k4_0002_ast:fir_3k4_0002_ast_inst|fir_3k4_0002_rtl_core:\real_passthrough:hpfircore_core|u0_m0_wo0_mtree_add3_0_o[3]                                                   ; FIR:u_FIR_0|fir_3k4:u_fir_3k4_0|fir_3k4_0002:fir_3k4_inst|fir_3k4_0002_ast:fir_3k4_0002_ast_inst|fir_3k4_0002_rtl_core:\real_passthrough:hpfircore_core|u0_m0_wo0_accum_o[28]                   ; clk_50M      ; clk_50M     ; 20.000       ; -0.039     ; 2.064      ;
; 17.888 ; FIR:u_FIR_0|fir_3k4:u_fir_3k4_0|fir_3k4_0002:fir_3k4_inst|fir_3k4_0002_ast:fir_3k4_0002_ast_inst|fir_3k4_0002_rtl_core:\real_passthrough:hpfircore_core|\u0_m0_wo0_run_clkproc:u0_m0_wo0_run_enable_c[0]                              ; FIR:u_FIR_0|fir_3k4:u_fir_3k4_0|fir_3k4_0002:fir_3k4_inst|fir_3k4_0002_ast:fir_3k4_0002_ast_inst|fir_3k4_0002_rtl_core:\real_passthrough:hpfircore_core|u0_m0_wo0_run_enableQ[0]                ; clk_50M      ; clk_50M     ; 20.000       ; -0.050     ; 2.049      ;
; 17.902 ; FIR:u_FIR_0|fir_3k4:u_fir_3k4_0|fir_3k4_0002:fir_3k4_inst|fir_3k4_0002_ast:fir_3k4_0002_ast_inst|fir_3k4_0002_rtl_core:\real_passthrough:hpfircore_core|u0_m0_wo0_mtree_add3_0_o[1]                                                   ; FIR:u_FIR_0|fir_3k4:u_fir_3k4_0|fir_3k4_0002:fir_3k4_inst|fir_3k4_0002_ast:fir_3k4_0002_ast_inst|fir_3k4_0002_rtl_core:\real_passthrough:hpfircore_core|u0_m0_wo0_accum_o[27]                   ; clk_50M      ; clk_50M     ; 20.000       ; -0.039     ; 2.046      ;
; 17.906 ; FIR:u_FIR_0|fir_3k4:u_fir_3k4_0|fir_3k4_0002:fir_3k4_inst|fir_3k4_0002_ast:fir_3k4_0002_ast_inst|fir_3k4_0002_rtl_core:\real_passthrough:hpfircore_core|u0_m0_wo0_mtree_add3_0_o[1]                                                   ; FIR:u_FIR_0|fir_3k4:u_fir_3k4_0|fir_3k4_0002:fir_3k4_inst|fir_3k4_0002_ast:fir_3k4_0002_ast_inst|fir_3k4_0002_rtl_core:\real_passthrough:hpfircore_core|u0_m0_wo0_accum_o[26]                   ; clk_50M      ; clk_50M     ; 20.000       ; -0.039     ; 2.042      ;
; 17.907 ; FIR:u_FIR_0|fir_3k4:u_fir_3k4_0|fir_3k4_0002:fir_3k4_inst|fir_3k4_0002_ast:fir_3k4_0002_ast_inst|fir_3k4_0002_rtl_core:\real_passthrough:hpfircore_core|u0_m0_wo0_mtree_add3_0_o[2]                                                   ; FIR:u_FIR_0|fir_3k4:u_fir_3k4_0|fir_3k4_0002:fir_3k4_inst|fir_3k4_0002_ast:fir_3k4_0002_ast_inst|fir_3k4_0002_rtl_core:\real_passthrough:hpfircore_core|u0_m0_wo0_accum_o[25]                   ; clk_50M      ; clk_50M     ; 20.000       ; -0.039     ; 2.041      ;
; 17.911 ; FIR:u_FIR_0|fir_3k4:u_fir_3k4_0|fir_3k4_0002:fir_3k4_inst|fir_3k4_0002_ast:fir_3k4_0002_ast_inst|fir_3k4_0002_rtl_core:\real_passthrough:hpfircore_core|u0_m0_wo0_mtree_add3_0_o[2]                                                   ; FIR:u_FIR_0|fir_3k4:u_fir_3k4_0|fir_3k4_0002:fir_3k4_inst|fir_3k4_0002_ast:fir_3k4_0002_ast_inst|fir_3k4_0002_rtl_core:\real_passthrough:hpfircore_core|u0_m0_wo0_accum_o[24]                   ; clk_50M      ; clk_50M     ; 20.000       ; -0.039     ; 2.037      ;
; 17.928 ; FIR:u_FIR_0|fir_3k4:u_fir_3k4_0|fir_3k4_0002:fir_3k4_inst|fir_3k4_0002_ast:fir_3k4_0002_ast_inst|fir_3k4_0002_rtl_core:\real_passthrough:hpfircore_core|u0_m0_wo0_mtree_add3_0_o[4]                                                   ; FIR:u_FIR_0|fir_3k4:u_fir_3k4_0|fir_3k4_0002:fir_3k4_inst|fir_3k4_0002_ast:fir_3k4_0002_ast_inst|fir_3k4_0002_rtl_core:\real_passthrough:hpfircore_core|u0_m0_wo0_accum_o[27]                   ; clk_50M      ; clk_50M     ; 20.000       ; -0.039     ; 2.020      ;
; 17.932 ; FIR:u_FIR_0|fir_3k4:u_fir_3k4_0|fir_3k4_0002:fir_3k4_inst|fir_3k4_0002_ast:fir_3k4_0002_ast_inst|fir_3k4_0002_rtl_core:\real_passthrough:hpfircore_core|u0_m0_wo0_mtree_add3_0_o[4]                                                   ; FIR:u_FIR_0|fir_3k4:u_fir_3k4_0|fir_3k4_0002:fir_3k4_inst|fir_3k4_0002_ast:fir_3k4_0002_ast_inst|fir_3k4_0002_rtl_core:\real_passthrough:hpfircore_core|u0_m0_wo0_accum_o[26]                   ; clk_50M      ; clk_50M     ; 20.000       ; -0.039     ; 2.016      ;
; 17.948 ; FIR:u_FIR_0|fir_3k4:u_fir_3k4_0|fir_3k4_0002:fir_3k4_inst|fir_3k4_0002_ast:fir_3k4_0002_ast_inst|fir_3k4_0002_rtl_core:\real_passthrough:hpfircore_core|u0_m0_wo0_mtree_add3_0_o[6]                                                   ; FIR:u_FIR_0|fir_3k4:u_fir_3k4_0|fir_3k4_0002:fir_3k4_inst|fir_3k4_0002_ast:fir_3k4_0002_ast_inst|fir_3k4_0002_rtl_core:\real_passthrough:hpfircore_core|u0_m0_wo0_accum_o[28]                   ; clk_50M      ; clk_50M     ; 20.000       ; -0.039     ; 2.000      ;
; 17.948 ; FIR:u_FIR_0|fir_3k4:u_fir_3k4_0|fir_3k4_0002:fir_3k4_inst|fir_3k4_0002_ast:fir_3k4_0002_ast_inst|fir_3k4_0002_rtl_core:\real_passthrough:hpfircore_core|u0_m0_wo0_mtree_add3_0_o[3]                                                   ; FIR:u_FIR_0|fir_3k4:u_fir_3k4_0|fir_3k4_0002:fir_3k4_inst|fir_3k4_0002_ast:fir_3k4_0002_ast_inst|fir_3k4_0002_rtl_core:\real_passthrough:hpfircore_core|u0_m0_wo0_accum_o[27]                   ; clk_50M      ; clk_50M     ; 20.000       ; -0.039     ; 2.000      ;
; 17.952 ; FIR:u_FIR_0|fir_3k4:u_fir_3k4_0|fir_3k4_0002:fir_3k4_inst|fir_3k4_0002_ast:fir_3k4_0002_ast_inst|fir_3k4_0002_rtl_core:\real_passthrough:hpfircore_core|u0_m0_wo0_mtree_add3_0_o[3]                                                   ; FIR:u_FIR_0|fir_3k4:u_fir_3k4_0|fir_3k4_0002:fir_3k4_inst|fir_3k4_0002_ast:fir_3k4_0002_ast_inst|fir_3k4_0002_rtl_core:\real_passthrough:hpfircore_core|u0_m0_wo0_accum_o[26]                   ; clk_50M      ; clk_50M     ; 20.000       ; -0.039     ; 1.996      ;
; 17.970 ; FIR:u_FIR_0|fir_3k4:u_fir_3k4_0|fir_3k4_0002:fir_3k4_inst|fir_3k4_0002_ast:fir_3k4_0002_ast_inst|fir_3k4_0002_rtl_core:\real_passthrough:hpfircore_core|u0_m0_wo0_mtree_add3_0_o[1]                                                   ; FIR:u_FIR_0|fir_3k4:u_fir_3k4_0|fir_3k4_0002:fir_3k4_inst|fir_3k4_0002_ast:fir_3k4_0002_ast_inst|fir_3k4_0002_rtl_core:\real_passthrough:hpfircore_core|u0_m0_wo0_accum_o[25]                   ; clk_50M      ; clk_50M     ; 20.000       ; -0.039     ; 1.978      ;
; 17.974 ; FIR:u_FIR_0|fir_3k4:u_fir_3k4_0|fir_3k4_0002:fir_3k4_inst|fir_3k4_0002_ast:fir_3k4_0002_ast_inst|fir_3k4_0002_rtl_core:\real_passthrough:hpfircore_core|u0_m0_wo0_mtree_add3_0_o[1]                                                   ; FIR:u_FIR_0|fir_3k4:u_fir_3k4_0|fir_3k4_0002:fir_3k4_inst|fir_3k4_0002_ast:fir_3k4_0002_ast_inst|fir_3k4_0002_rtl_core:\real_passthrough:hpfircore_core|u0_m0_wo0_accum_o[24]                   ; clk_50M      ; clk_50M     ; 20.000       ; -0.039     ; 1.974      ;
; 17.975 ; FIR:u_FIR_0|fir_3k4:u_fir_3k4_0|fir_3k4_0002:fir_3k4_inst|fir_3k4_0002_ast:fir_3k4_0002_ast_inst|fir_3k4_0002_rtl_core:\real_passthrough:hpfircore_core|u0_m0_wo0_mtree_add3_0_o[2]                                                   ; FIR:u_FIR_0|fir_3k4:u_fir_3k4_0|fir_3k4_0002:fir_3k4_inst|fir_3k4_0002_ast:fir_3k4_0002_ast_inst|fir_3k4_0002_rtl_core:\real_passthrough:hpfircore_core|u0_m0_wo0_accum_o[23]                   ; clk_50M      ; clk_50M     ; 20.000       ; -0.039     ; 1.973      ;
; 17.979 ; FIR:u_FIR_0|fir_3k4:u_fir_3k4_0|fir_3k4_0002:fir_3k4_inst|fir_3k4_0002_ast:fir_3k4_0002_ast_inst|fir_3k4_0002_rtl_core:\real_passthrough:hpfircore_core|u0_m0_wo0_mtree_add3_0_o[2]                                                   ; FIR:u_FIR_0|fir_3k4:u_fir_3k4_0|fir_3k4_0002:fir_3k4_inst|fir_3k4_0002_ast:fir_3k4_0002_ast_inst|fir_3k4_0002_rtl_core:\real_passthrough:hpfircore_core|u0_m0_wo0_accum_o[22]                   ; clk_50M      ; clk_50M     ; 20.000       ; -0.039     ; 1.969      ;
; 17.981 ; FIR:u_FIR_0|fir_3k4:u_fir_3k4_0|fir_3k4_0002:fir_3k4_inst|fir_3k4_0002_ast:fir_3k4_0002_ast_inst|fir_3k4_0002_rtl_core:\real_passthrough:hpfircore_core|u0_m0_wo0_mtree_add3_0_o[5]                                                   ; FIR:u_FIR_0|fir_3k4:u_fir_3k4_0|fir_3k4_0002:fir_3k4_inst|fir_3k4_0002_ast:fir_3k4_0002_ast_inst|fir_3k4_0002_rtl_core:\real_passthrough:hpfircore_core|u0_m0_wo0_accum_o[28]                   ; clk_50M      ; clk_50M     ; 20.000       ; -0.039     ; 1.967      ;
; 17.996 ; FIR:u_FIR_0|fir_3k4:u_fir_3k4_0|fir_3k4_0002:fir_3k4_inst|fir_3k4_0002_ast:fir_3k4_0002_ast_inst|fir_3k4_0002_rtl_core:\real_passthrough:hpfircore_core|u0_m0_wo0_mtree_add3_0_o[4]                                                   ; FIR:u_FIR_0|fir_3k4:u_fir_3k4_0|fir_3k4_0002:fir_3k4_inst|fir_3k4_0002_ast:fir_3k4_0002_ast_inst|fir_3k4_0002_rtl_core:\real_passthrough:hpfircore_core|u0_m0_wo0_accum_o[25]                   ; clk_50M      ; clk_50M     ; 20.000       ; -0.039     ; 1.952      ;
; 17.998 ; FIR:u_FIR_0|fir_3k4:u_fir_3k4_0|fir_3k4_0002:fir_3k4_inst|fir_3k4_0002_ast:fir_3k4_0002_ast_inst|fir_3k4_0002_rtl_core:\real_passthrough:hpfircore_core|u0_m0_wo0_mtree_add3_0_o[11]                                                  ; FIR:u_FIR_0|fir_3k4:u_fir_3k4_0|fir_3k4_0002:fir_3k4_inst|fir_3k4_0002_ast:fir_3k4_0002_ast_inst|fir_3k4_0002_rtl_core:\real_passthrough:hpfircore_core|u0_m0_wo0_accum_o[28]                   ; clk_50M      ; clk_50M     ; 20.000       ; -0.038     ; 1.951      ;
; 18.000 ; FIR:u_FIR_0|fir_3k4:u_fir_3k4_0|fir_3k4_0002:fir_3k4_inst|fir_3k4_0002_ast:fir_3k4_0002_ast_inst|fir_3k4_0002_rtl_core:\real_passthrough:hpfircore_core|u0_m0_wo0_mtree_add3_0_o[4]                                                   ; FIR:u_FIR_0|fir_3k4:u_fir_3k4_0|fir_3k4_0002:fir_3k4_inst|fir_3k4_0002_ast:fir_3k4_0002_ast_inst|fir_3k4_0002_rtl_core:\real_passthrough:hpfircore_core|u0_m0_wo0_accum_o[24]                   ; clk_50M      ; clk_50M     ; 20.000       ; -0.039     ; 1.948      ;
; 18.007 ; FIR:u_FIR_0|fir_3k4:u_fir_3k4_0|fir_3k4_0002:fir_3k4_inst|fir_3k4_0002_ast:fir_3k4_0002_ast_inst|fir_3k4_0002_rtl_core:\real_passthrough:hpfircore_core|u0_m0_wo0_mtree_add3_0_o[0]                                                   ; FIR:u_FIR_0|fir_3k4:u_fir_3k4_0|fir_3k4_0002:fir_3k4_inst|fir_3k4_0002_ast:fir_3k4_0002_ast_inst|fir_3k4_0002_rtl_core:\real_passthrough:hpfircore_core|u0_m0_wo0_accum_o[28]                   ; clk_50M      ; clk_50M     ; 20.000       ; -0.039     ; 1.941      ;
; 18.012 ; FIR:u_FIR_0|fir_3k4:u_fir_3k4_0|fir_3k4_0002:fir_3k4_inst|fir_3k4_0002_ast:fir_3k4_0002_ast_inst|fir_3k4_0002_rtl_core:\real_passthrough:hpfircore_core|u0_m0_wo0_mtree_add3_0_o[6]                                                   ; FIR:u_FIR_0|fir_3k4:u_fir_3k4_0|fir_3k4_0002:fir_3k4_inst|fir_3k4_0002_ast:fir_3k4_0002_ast_inst|fir_3k4_0002_rtl_core:\real_passthrough:hpfircore_core|u0_m0_wo0_accum_o[27]                   ; clk_50M      ; clk_50M     ; 20.000       ; -0.039     ; 1.936      ;
; 18.016 ; FIR:u_FIR_0|fir_3k4:u_fir_3k4_0|fir_3k4_0002:fir_3k4_inst|fir_3k4_0002_ast:fir_3k4_0002_ast_inst|fir_3k4_0002_rtl_core:\real_passthrough:hpfircore_core|u0_m0_wo0_mtree_add3_0_o[6]                                                   ; FIR:u_FIR_0|fir_3k4:u_fir_3k4_0|fir_3k4_0002:fir_3k4_inst|fir_3k4_0002_ast:fir_3k4_0002_ast_inst|fir_3k4_0002_rtl_core:\real_passthrough:hpfircore_core|u0_m0_wo0_accum_o[26]                   ; clk_50M      ; clk_50M     ; 20.000       ; -0.039     ; 1.932      ;
; 18.016 ; FIR:u_FIR_0|fir_3k4:u_fir_3k4_0|fir_3k4_0002:fir_3k4_inst|fir_3k4_0002_ast:fir_3k4_0002_ast_inst|fir_3k4_0002_rtl_core:\real_passthrough:hpfircore_core|u0_m0_wo0_mtree_add3_0_o[3]                                                   ; FIR:u_FIR_0|fir_3k4:u_fir_3k4_0|fir_3k4_0002:fir_3k4_inst|fir_3k4_0002_ast:fir_3k4_0002_ast_inst|fir_3k4_0002_rtl_core:\real_passthrough:hpfircore_core|u0_m0_wo0_accum_o[25]                   ; clk_50M      ; clk_50M     ; 20.000       ; -0.039     ; 1.932      ;
; 18.020 ; FIR:u_FIR_0|fir_3k4:u_fir_3k4_0|fir_3k4_0002:fir_3k4_inst|fir_3k4_0002_ast:fir_3k4_0002_ast_inst|fir_3k4_0002_rtl_core:\real_passthrough:hpfircore_core|u0_m0_wo0_mtree_add3_0_o[3]                                                   ; FIR:u_FIR_0|fir_3k4:u_fir_3k4_0|fir_3k4_0002:fir_3k4_inst|fir_3k4_0002_ast:fir_3k4_0002_ast_inst|fir_3k4_0002_rtl_core:\real_passthrough:hpfircore_core|u0_m0_wo0_accum_o[24]                   ; clk_50M      ; clk_50M     ; 20.000       ; -0.039     ; 1.928      ;
; 18.038 ; FIR:u_FIR_0|fir_3k4:u_fir_3k4_0|fir_3k4_0002:fir_3k4_inst|fir_3k4_0002_ast:fir_3k4_0002_ast_inst|fir_3k4_0002_rtl_core:\real_passthrough:hpfircore_core|u0_m0_wo0_mtree_add3_0_o[7]                                                   ; FIR:u_FIR_0|fir_3k4:u_fir_3k4_0|fir_3k4_0002:fir_3k4_inst|fir_3k4_0002_ast:fir_3k4_0002_ast_inst|fir_3k4_0002_rtl_core:\real_passthrough:hpfircore_core|u0_m0_wo0_accum_o[28]                   ; clk_50M      ; clk_50M     ; 20.000       ; -0.039     ; 1.910      ;
; 18.038 ; FIR:u_FIR_0|fir_3k4:u_fir_3k4_0|fir_3k4_0002:fir_3k4_inst|fir_3k4_0002_ast:fir_3k4_0002_ast_inst|fir_3k4_0002_rtl_core:\real_passthrough:hpfircore_core|u0_m0_wo0_mtree_add3_0_o[1]                                                   ; FIR:u_FIR_0|fir_3k4:u_fir_3k4_0|fir_3k4_0002:fir_3k4_inst|fir_3k4_0002_ast:fir_3k4_0002_ast_inst|fir_3k4_0002_rtl_core:\real_passthrough:hpfircore_core|u0_m0_wo0_accum_o[23]                   ; clk_50M      ; clk_50M     ; 20.000       ; -0.039     ; 1.910      ;
; 18.042 ; FIR:u_FIR_0|fir_3k4:u_fir_3k4_0|fir_3k4_0002:fir_3k4_inst|fir_3k4_0002_ast:fir_3k4_0002_ast_inst|fir_3k4_0002_rtl_core:\real_passthrough:hpfircore_core|u0_m0_wo0_mtree_add3_0_o[1]                                                   ; FIR:u_FIR_0|fir_3k4:u_fir_3k4_0|fir_3k4_0002:fir_3k4_inst|fir_3k4_0002_ast:fir_3k4_0002_ast_inst|fir_3k4_0002_rtl_core:\real_passthrough:hpfircore_core|u0_m0_wo0_accum_o[22]                   ; clk_50M      ; clk_50M     ; 20.000       ; -0.039     ; 1.906      ;
; 18.043 ; FIR:u_FIR_0|fir_3k4:u_fir_3k4_0|fir_3k4_0002:fir_3k4_inst|fir_3k4_0002_ast:fir_3k4_0002_ast_inst|fir_3k4_0002_rtl_core:\real_passthrough:hpfircore_core|u0_m0_wo0_mtree_add3_0_o[2]                                                   ; FIR:u_FIR_0|fir_3k4:u_fir_3k4_0|fir_3k4_0002:fir_3k4_inst|fir_3k4_0002_ast:fir_3k4_0002_ast_inst|fir_3k4_0002_rtl_core:\real_passthrough:hpfircore_core|u0_m0_wo0_accum_o[21]                   ; clk_50M      ; clk_50M     ; 20.000       ; -0.039     ; 1.905      ;
; 18.045 ; FIR:u_FIR_0|fir_3k4:u_fir_3k4_0|fir_3k4_0002:fir_3k4_inst|fir_3k4_0002_ast:fir_3k4_0002_ast_inst|fir_3k4_0002_rtl_core:\real_passthrough:hpfircore_core|lpm_mult:u0_m0_wo0_mtree_mult1_12_component|mult_9bu:auto_generated|result[1] ; FIR:u_FIR_0|fir_3k4:u_fir_3k4_0|fir_3k4_0002:fir_3k4_inst|fir_3k4_0002_ast:fir_3k4_0002_ast_inst|fir_3k4_0002_rtl_core:\real_passthrough:hpfircore_core|u0_m0_wo0_mtree_add0_6_o[16]            ; clk_50M      ; clk_50M     ; 20.000       ; 0.005      ; 1.947      ;
; 18.045 ; FIR:u_FIR_0|fir_3k4:u_fir_3k4_0|fir_3k4_0002:fir_3k4_inst|fir_3k4_0002_ast:fir_3k4_0002_ast_inst|fir_3k4_0002_rtl_core:\real_passthrough:hpfircore_core|u0_m0_wo0_mtree_add3_0_o[5]                                                   ; FIR:u_FIR_0|fir_3k4:u_fir_3k4_0|fir_3k4_0002:fir_3k4_inst|fir_3k4_0002_ast:fir_3k4_0002_ast_inst|fir_3k4_0002_rtl_core:\real_passthrough:hpfircore_core|u0_m0_wo0_accum_o[27]                   ; clk_50M      ; clk_50M     ; 20.000       ; -0.039     ; 1.903      ;
; 18.047 ; FIR:u_FIR_0|fir_3k4:u_fir_3k4_0|fir_3k4_0002:fir_3k4_inst|fir_3k4_0002_ast:fir_3k4_0002_ast_inst|fir_3k4_0002_rtl_core:\real_passthrough:hpfircore_core|u0_m0_wo0_mtree_add3_0_o[2]                                                   ; FIR:u_FIR_0|fir_3k4:u_fir_3k4_0|fir_3k4_0002:fir_3k4_inst|fir_3k4_0002_ast:fir_3k4_0002_ast_inst|fir_3k4_0002_rtl_core:\real_passthrough:hpfircore_core|u0_m0_wo0_accum_o[20]                   ; clk_50M      ; clk_50M     ; 20.000       ; -0.039     ; 1.901      ;
; 18.049 ; FIR:u_FIR_0|fir_3k4:u_fir_3k4_0|fir_3k4_0002:fir_3k4_inst|fir_3k4_0002_ast:fir_3k4_0002_ast_inst|fir_3k4_0002_rtl_core:\real_passthrough:hpfircore_core|u0_m0_wo0_mtree_add3_0_o[5]                                                   ; FIR:u_FIR_0|fir_3k4:u_fir_3k4_0|fir_3k4_0002:fir_3k4_inst|fir_3k4_0002_ast:fir_3k4_0002_ast_inst|fir_3k4_0002_rtl_core:\real_passthrough:hpfircore_core|u0_m0_wo0_accum_o[26]                   ; clk_50M      ; clk_50M     ; 20.000       ; -0.039     ; 1.899      ;
; 18.058 ; FIR:u_FIR_0|fir_3k4:u_fir_3k4_0|fir_3k4_0002:fir_3k4_inst|fir_3k4_0002_ast:fir_3k4_0002_ast_inst|fir_3k4_0002_rtl_core:\real_passthrough:hpfircore_core|u0_m0_wo0_wi0_r0_ra20_count0_inner_i[8]                                       ; FIR:u_FIR_0|fir_3k4:u_fir_3k4_0|fir_3k4_0002:fir_3k4_inst|fir_3k4_0002_ast:fir_3k4_0002_ast_inst|fir_3k4_0002_rtl_core:\real_passthrough:hpfircore_core|u0_m0_wo0_wi0_r0_ra20_count0_inner_i[8] ; clk_50M      ; clk_50M     ; 20.000       ; -0.036     ; 1.893      ;
; 18.062 ; FIR:u_FIR_0|fir_3k4:u_fir_3k4_0|fir_3k4_0002:fir_3k4_inst|fir_3k4_0002_ast:fir_3k4_0002_ast_inst|fir_3k4_0002_rtl_core:\real_passthrough:hpfircore_core|u0_m0_wo0_wi0_r0_ra20_count0_inner_i[8]                                       ; FIR:u_FIR_0|fir_3k4:u_fir_3k4_0|fir_3k4_0002:fir_3k4_inst|fir_3k4_0002_ast:fir_3k4_0002_ast_inst|fir_3k4_0002_rtl_core:\real_passthrough:hpfircore_core|u0_m0_wo0_wi0_r0_ra20_count0_inner_i[7] ; clk_50M      ; clk_50M     ; 20.000       ; -0.036     ; 1.889      ;
; 18.062 ; FIR:u_FIR_0|fir_3k4:u_fir_3k4_0|fir_3k4_0002:fir_3k4_inst|fir_3k4_0002_ast:fir_3k4_0002_ast_inst|fir_3k4_0002_rtl_core:\real_passthrough:hpfircore_core|u0_m0_wo0_mtree_add3_0_o[11]                                                  ; FIR:u_FIR_0|fir_3k4:u_fir_3k4_0|fir_3k4_0002:fir_3k4_inst|fir_3k4_0002_ast:fir_3k4_0002_ast_inst|fir_3k4_0002_rtl_core:\real_passthrough:hpfircore_core|u0_m0_wo0_accum_o[27]                   ; clk_50M      ; clk_50M     ; 20.000       ; -0.038     ; 1.887      ;
; 18.064 ; FIR:u_FIR_0|fir_3k4:u_fir_3k4_0|fir_3k4_0002:fir_3k4_inst|fir_3k4_0002_ast:fir_3k4_0002_ast_inst|fir_3k4_0002_rtl_core:\real_passthrough:hpfircore_core|u0_m0_wo0_mtree_add3_0_o[4]                                                   ; FIR:u_FIR_0|fir_3k4:u_fir_3k4_0|fir_3k4_0002:fir_3k4_inst|fir_3k4_0002_ast:fir_3k4_0002_ast_inst|fir_3k4_0002_rtl_core:\real_passthrough:hpfircore_core|u0_m0_wo0_accum_o[23]                   ; clk_50M      ; clk_50M     ; 20.000       ; -0.039     ; 1.884      ;
; 18.066 ; FIR:u_FIR_0|fir_3k4:u_fir_3k4_0|fir_3k4_0002:fir_3k4_inst|fir_3k4_0002_ast:fir_3k4_0002_ast_inst|fir_3k4_0002_rtl_core:\real_passthrough:hpfircore_core|u0_m0_wo0_mtree_add3_0_o[11]                                                  ; FIR:u_FIR_0|fir_3k4:u_fir_3k4_0|fir_3k4_0002:fir_3k4_inst|fir_3k4_0002_ast:fir_3k4_0002_ast_inst|fir_3k4_0002_rtl_core:\real_passthrough:hpfircore_core|u0_m0_wo0_accum_o[26]                   ; clk_50M      ; clk_50M     ; 20.000       ; -0.038     ; 1.883      ;
; 18.068 ; FIR:u_FIR_0|fir_3k4:u_fir_3k4_0|fir_3k4_0002:fir_3k4_inst|fir_3k4_0002_ast:fir_3k4_0002_ast_inst|fir_3k4_0002_rtl_core:\real_passthrough:hpfircore_core|u0_m0_wo0_mtree_add3_0_o[4]                                                   ; FIR:u_FIR_0|fir_3k4:u_fir_3k4_0|fir_3k4_0002:fir_3k4_inst|fir_3k4_0002_ast:fir_3k4_0002_ast_inst|fir_3k4_0002_rtl_core:\real_passthrough:hpfircore_core|u0_m0_wo0_accum_o[22]                   ; clk_50M      ; clk_50M     ; 20.000       ; -0.039     ; 1.880      ;
; 18.068 ; FIR:u_FIR_0|fir_3k4:u_fir_3k4_0|fir_3k4_0002:fir_3k4_inst|fir_3k4_0002_ast:fir_3k4_0002_ast_inst|fir_3k4_0002_rtl_core:\real_passthrough:hpfircore_core|u0_m0_wo0_mtree_add3_0_o[0]                                                   ; FIR:u_FIR_0|fir_3k4:u_fir_3k4_0|fir_3k4_0002:fir_3k4_inst|fir_3k4_0002_ast:fir_3k4_0002_ast_inst|fir_3k4_0002_rtl_core:\real_passthrough:hpfircore_core|u0_m0_wo0_accum_o[27]                   ; clk_50M      ; clk_50M     ; 20.000       ; -0.039     ; 1.880      ;
; 18.075 ; FIR:u_FIR_0|fir_3k4:u_fir_3k4_0|fir_3k4_0002:fir_3k4_inst|fir_3k4_0002_ast:fir_3k4_0002_ast_inst|fir_3k4_0002_rtl_core:\real_passthrough:hpfircore_core|u0_m0_wo0_mtree_add3_0_o[0]                                                   ; FIR:u_FIR_0|fir_3k4:u_fir_3k4_0|fir_3k4_0002:fir_3k4_inst|fir_3k4_0002_ast:fir_3k4_0002_ast_inst|fir_3k4_0002_rtl_core:\real_passthrough:hpfircore_core|u0_m0_wo0_accum_o[26]                   ; clk_50M      ; clk_50M     ; 20.000       ; -0.039     ; 1.873      ;
; 18.080 ; FIR:u_FIR_0|fir_3k4:u_fir_3k4_0|fir_3k4_0002:fir_3k4_inst|fir_3k4_0002_ast:fir_3k4_0002_ast_inst|fir_3k4_0002_rtl_core:\real_passthrough:hpfircore_core|u0_m0_wo0_mtree_add3_0_o[6]                                                   ; FIR:u_FIR_0|fir_3k4:u_fir_3k4_0|fir_3k4_0002:fir_3k4_inst|fir_3k4_0002_ast:fir_3k4_0002_ast_inst|fir_3k4_0002_rtl_core:\real_passthrough:hpfircore_core|u0_m0_wo0_accum_o[25]                   ; clk_50M      ; clk_50M     ; 20.000       ; -0.039     ; 1.868      ;
; 18.081 ; FIR:u_FIR_0|fir_3k4:u_fir_3k4_0|fir_3k4_0002:fir_3k4_inst|fir_3k4_0002_ast:fir_3k4_0002_ast_inst|fir_3k4_0002_rtl_core:\real_passthrough:hpfircore_core|u0_m0_wo0_mtree_add3_0_o[8]                                                   ; FIR:u_FIR_0|fir_3k4:u_fir_3k4_0|fir_3k4_0002:fir_3k4_inst|fir_3k4_0002_ast:fir_3k4_0002_ast_inst|fir_3k4_0002_rtl_core:\real_passthrough:hpfircore_core|u0_m0_wo0_accum_o[28]                   ; clk_50M      ; clk_50M     ; 20.000       ; -0.039     ; 1.867      ;
; 18.084 ; FIR:u_FIR_0|fir_3k4:u_fir_3k4_0|fir_3k4_0002:fir_3k4_inst|fir_3k4_0002_ast:fir_3k4_0002_ast_inst|fir_3k4_0002_rtl_core:\real_passthrough:hpfircore_core|u0_m0_wo0_mtree_add3_0_o[6]                                                   ; FIR:u_FIR_0|fir_3k4:u_fir_3k4_0|fir_3k4_0002:fir_3k4_inst|fir_3k4_0002_ast:fir_3k4_0002_ast_inst|fir_3k4_0002_rtl_core:\real_passthrough:hpfircore_core|u0_m0_wo0_accum_o[24]                   ; clk_50M      ; clk_50M     ; 20.000       ; -0.039     ; 1.864      ;
; 18.084 ; FIR:u_FIR_0|fir_3k4:u_fir_3k4_0|fir_3k4_0002:fir_3k4_inst|fir_3k4_0002_ast:fir_3k4_0002_ast_inst|fir_3k4_0002_rtl_core:\real_passthrough:hpfircore_core|u0_m0_wo0_mtree_add3_0_o[3]                                                   ; FIR:u_FIR_0|fir_3k4:u_fir_3k4_0|fir_3k4_0002:fir_3k4_inst|fir_3k4_0002_ast:fir_3k4_0002_ast_inst|fir_3k4_0002_rtl_core:\real_passthrough:hpfircore_core|u0_m0_wo0_accum_o[23]                   ; clk_50M      ; clk_50M     ; 20.000       ; -0.039     ; 1.864      ;
; 18.088 ; FIR:u_FIR_0|fir_3k4:u_fir_3k4_0|fir_3k4_0002:fir_3k4_inst|fir_3k4_0002_ast:fir_3k4_0002_ast_inst|fir_3k4_0002_rtl_core:\real_passthrough:hpfircore_core|u0_m0_wo0_mtree_add3_0_o[3]                                                   ; FIR:u_FIR_0|fir_3k4:u_fir_3k4_0|fir_3k4_0002:fir_3k4_inst|fir_3k4_0002_ast:fir_3k4_0002_ast_inst|fir_3k4_0002_rtl_core:\real_passthrough:hpfircore_core|u0_m0_wo0_accum_o[22]                   ; clk_50M      ; clk_50M     ; 20.000       ; -0.039     ; 1.860      ;
; 18.102 ; FIR:u_FIR_0|fir_3k4:u_fir_3k4_0|fir_3k4_0002:fir_3k4_inst|fir_3k4_0002_ast:fir_3k4_0002_ast_inst|fir_3k4_0002_rtl_core:\real_passthrough:hpfircore_core|u0_m0_wo0_mtree_add3_0_o[7]                                                   ; FIR:u_FIR_0|fir_3k4:u_fir_3k4_0|fir_3k4_0002:fir_3k4_inst|fir_3k4_0002_ast:fir_3k4_0002_ast_inst|fir_3k4_0002_rtl_core:\real_passthrough:hpfircore_core|u0_m0_wo0_accum_o[27]                   ; clk_50M      ; clk_50M     ; 20.000       ; -0.039     ; 1.846      ;
; 18.106 ; FIR:u_FIR_0|fir_3k4:u_fir_3k4_0|fir_3k4_0002:fir_3k4_inst|fir_3k4_0002_ast:fir_3k4_0002_ast_inst|fir_3k4_0002_rtl_core:\real_passthrough:hpfircore_core|u0_m0_wo0_mtree_add3_0_o[7]                                                   ; FIR:u_FIR_0|fir_3k4:u_fir_3k4_0|fir_3k4_0002:fir_3k4_inst|fir_3k4_0002_ast:fir_3k4_0002_ast_inst|fir_3k4_0002_rtl_core:\real_passthrough:hpfircore_core|u0_m0_wo0_accum_o[26]                   ; clk_50M      ; clk_50M     ; 20.000       ; -0.039     ; 1.842      ;
; 18.106 ; FIR:u_FIR_0|fir_3k4:u_fir_3k4_0|fir_3k4_0002:fir_3k4_inst|fir_3k4_0002_ast:fir_3k4_0002_ast_inst|fir_3k4_0002_rtl_core:\real_passthrough:hpfircore_core|u0_m0_wo0_mtree_add3_0_o[1]                                                   ; FIR:u_FIR_0|fir_3k4:u_fir_3k4_0|fir_3k4_0002:fir_3k4_inst|fir_3k4_0002_ast:fir_3k4_0002_ast_inst|fir_3k4_0002_rtl_core:\real_passthrough:hpfircore_core|u0_m0_wo0_accum_o[21]                   ; clk_50M      ; clk_50M     ; 20.000       ; -0.039     ; 1.842      ;
; 18.109 ; FIR:u_FIR_0|fir_3k4:u_fir_3k4_0|fir_3k4_0002:fir_3k4_inst|fir_3k4_0002_ast:fir_3k4_0002_ast_inst|fir_3k4_0002_rtl_core:\real_passthrough:hpfircore_core|lpm_mult:u0_m0_wo0_mtree_mult1_12_component|mult_9bu:auto_generated|result[1] ; FIR:u_FIR_0|fir_3k4:u_fir_3k4_0|fir_3k4_0002:fir_3k4_inst|fir_3k4_0002_ast:fir_3k4_0002_ast_inst|fir_3k4_0002_rtl_core:\real_passthrough:hpfircore_core|u0_m0_wo0_mtree_add0_6_o[15]            ; clk_50M      ; clk_50M     ; 20.000       ; 0.005      ; 1.883      ;
; 18.110 ; FIR:u_FIR_0|fir_3k4:u_fir_3k4_0|fir_3k4_0002:fir_3k4_inst|fir_3k4_0002_ast:fir_3k4_0002_ast_inst|fir_3k4_0002_rtl_core:\real_passthrough:hpfircore_core|u0_m0_wo0_mtree_add3_0_o[1]                                                   ; FIR:u_FIR_0|fir_3k4:u_fir_3k4_0|fir_3k4_0002:fir_3k4_inst|fir_3k4_0002_ast:fir_3k4_0002_ast_inst|fir_3k4_0002_rtl_core:\real_passthrough:hpfircore_core|u0_m0_wo0_accum_o[20]                   ; clk_50M      ; clk_50M     ; 20.000       ; -0.039     ; 1.838      ;
; 18.111 ; FIR:u_FIR_0|fir_3k4:u_fir_3k4_0|fir_3k4_0002:fir_3k4_inst|fir_3k4_0002_ast:fir_3k4_0002_ast_inst|fir_3k4_0002_rtl_core:\real_passthrough:hpfircore_core|u0_m0_wo0_mtree_add3_0_o[2]                                                   ; FIR:u_FIR_0|fir_3k4:u_fir_3k4_0|fir_3k4_0002:fir_3k4_inst|fir_3k4_0002_ast:fir_3k4_0002_ast_inst|fir_3k4_0002_rtl_core:\real_passthrough:hpfircore_core|u0_m0_wo0_accum_o[19]                   ; clk_50M      ; clk_50M     ; 20.000       ; -0.039     ; 1.837      ;
; 18.113 ; FIR:u_FIR_0|fir_3k4:u_fir_3k4_0|fir_3k4_0002:fir_3k4_inst|fir_3k4_0002_ast:fir_3k4_0002_ast_inst|fir_3k4_0002_rtl_core:\real_passthrough:hpfircore_core|lpm_mult:u0_m0_wo0_mtree_mult1_12_component|mult_9bu:auto_generated|result[1] ; FIR:u_FIR_0|fir_3k4:u_fir_3k4_0|fir_3k4_0002:fir_3k4_inst|fir_3k4_0002_ast:fir_3k4_0002_ast_inst|fir_3k4_0002_rtl_core:\real_passthrough:hpfircore_core|u0_m0_wo0_mtree_add0_6_o[14]            ; clk_50M      ; clk_50M     ; 20.000       ; 0.005      ; 1.879      ;
; 18.113 ; FIR:u_FIR_0|fir_3k4:u_fir_3k4_0|fir_3k4_0002:fir_3k4_inst|fir_3k4_0002_ast:fir_3k4_0002_ast_inst|fir_3k4_0002_rtl_core:\real_passthrough:hpfircore_core|u0_m0_wo0_mtree_add3_0_o[5]                                                   ; FIR:u_FIR_0|fir_3k4:u_fir_3k4_0|fir_3k4_0002:fir_3k4_inst|fir_3k4_0002_ast:fir_3k4_0002_ast_inst|fir_3k4_0002_rtl_core:\real_passthrough:hpfircore_core|u0_m0_wo0_accum_o[25]                   ; clk_50M      ; clk_50M     ; 20.000       ; -0.039     ; 1.835      ;
; 18.115 ; FIR:u_FIR_0|fir_3k4:u_fir_3k4_0|fir_3k4_0002:fir_3k4_inst|fir_3k4_0002_ast:fir_3k4_0002_ast_inst|fir_3k4_0002_rtl_core:\real_passthrough:hpfircore_core|u0_m0_wo0_mtree_add3_0_o[2]                                                   ; FIR:u_FIR_0|fir_3k4:u_fir_3k4_0|fir_3k4_0002:fir_3k4_inst|fir_3k4_0002_ast:fir_3k4_0002_ast_inst|fir_3k4_0002_rtl_core:\real_passthrough:hpfircore_core|u0_m0_wo0_accum_o[18]                   ; clk_50M      ; clk_50M     ; 20.000       ; -0.039     ; 1.833      ;
; 18.117 ; FIR:u_FIR_0|fir_3k4:u_fir_3k4_0|fir_3k4_0002:fir_3k4_inst|fir_3k4_0002_ast:fir_3k4_0002_ast_inst|fir_3k4_0002_rtl_core:\real_passthrough:hpfircore_core|u0_m0_wo0_mtree_add3_0_o[5]                                                   ; FIR:u_FIR_0|fir_3k4:u_fir_3k4_0|fir_3k4_0002:fir_3k4_inst|fir_3k4_0002_ast:fir_3k4_0002_ast_inst|fir_3k4_0002_rtl_core:\real_passthrough:hpfircore_core|u0_m0_wo0_accum_o[24]                   ; clk_50M      ; clk_50M     ; 20.000       ; -0.039     ; 1.831      ;
; 18.125 ; FIR:u_FIR_0|fir_3k4:u_fir_3k4_0|fir_3k4_0002:fir_3k4_inst|fir_3k4_0002_ast:fir_3k4_0002_ast_inst|fir_3k4_0002_rtl_core:\real_passthrough:hpfircore_core|u0_m0_wo0_mtree_add3_0_o[9]                                                   ; FIR:u_FIR_0|fir_3k4:u_fir_3k4_0|fir_3k4_0002:fir_3k4_inst|fir_3k4_0002_ast:fir_3k4_0002_ast_inst|fir_3k4_0002_rtl_core:\real_passthrough:hpfircore_core|u0_m0_wo0_accum_o[28]                   ; clk_50M      ; clk_50M     ; 20.000       ; -0.039     ; 1.823      ;
; 18.126 ; FIR:u_FIR_0|fir_3k4:u_fir_3k4_0|fir_3k4_0002:fir_3k4_inst|fir_3k4_0002_ast:fir_3k4_0002_ast_inst|fir_3k4_0002_rtl_core:\real_passthrough:hpfircore_core|u0_m0_wo0_wi0_r0_ra20_count0_inner_i[8]                                       ; FIR:u_FIR_0|fir_3k4:u_fir_3k4_0|fir_3k4_0002:fir_3k4_inst|fir_3k4_0002_ast:fir_3k4_0002_ast_inst|fir_3k4_0002_rtl_core:\real_passthrough:hpfircore_core|u0_m0_wo0_wi0_r0_ra20_count0_inner_i[6] ; clk_50M      ; clk_50M     ; 20.000       ; -0.036     ; 1.825      ;
; 18.130 ; FIR:u_FIR_0|fir_3k4:u_fir_3k4_0|fir_3k4_0002:fir_3k4_inst|fir_3k4_0002_ast:fir_3k4_0002_ast_inst|fir_3k4_0002_rtl_core:\real_passthrough:hpfircore_core|u0_m0_wo0_wi0_r0_ra20_count0_inner_i[8]                                       ; FIR:u_FIR_0|fir_3k4:u_fir_3k4_0|fir_3k4_0002:fir_3k4_inst|fir_3k4_0002_ast:fir_3k4_0002_ast_inst|fir_3k4_0002_rtl_core:\real_passthrough:hpfircore_core|u0_m0_wo0_wi0_r0_ra20_count0_inner_i[5] ; clk_50M      ; clk_50M     ; 20.000       ; -0.036     ; 1.821      ;
; 18.130 ; FIR:u_FIR_0|fir_3k4:u_fir_3k4_0|fir_3k4_0002:fir_3k4_inst|fir_3k4_0002_ast:fir_3k4_0002_ast_inst|fir_3k4_0002_rtl_core:\real_passthrough:hpfircore_core|u0_m0_wo0_mtree_add3_0_o[11]                                                  ; FIR:u_FIR_0|fir_3k4:u_fir_3k4_0|fir_3k4_0002:fir_3k4_inst|fir_3k4_0002_ast:fir_3k4_0002_ast_inst|fir_3k4_0002_rtl_core:\real_passthrough:hpfircore_core|u0_m0_wo0_accum_o[25]                   ; clk_50M      ; clk_50M     ; 20.000       ; -0.038     ; 1.819      ;
; 18.132 ; FIR:u_FIR_0|fir_3k4:u_fir_3k4_0|fir_3k4_0002:fir_3k4_inst|fir_3k4_0002_ast:fir_3k4_0002_ast_inst|fir_3k4_0002_rtl_core:\real_passthrough:hpfircore_core|u0_m0_wo0_mtree_add3_0_o[4]                                                   ; FIR:u_FIR_0|fir_3k4:u_fir_3k4_0|fir_3k4_0002:fir_3k4_inst|fir_3k4_0002_ast:fir_3k4_0002_ast_inst|fir_3k4_0002_rtl_core:\real_passthrough:hpfircore_core|u0_m0_wo0_accum_o[21]                   ; clk_50M      ; clk_50M     ; 20.000       ; -0.039     ; 1.816      ;
; 18.134 ; FIR:u_FIR_0|fir_3k4:u_fir_3k4_0|fir_3k4_0002:fir_3k4_inst|fir_3k4_0002_ast:fir_3k4_0002_ast_inst|fir_3k4_0002_rtl_core:\real_passthrough:hpfircore_core|u0_m0_wo0_mtree_add3_0_o[11]                                                  ; FIR:u_FIR_0|fir_3k4:u_fir_3k4_0|fir_3k4_0002:fir_3k4_inst|fir_3k4_0002_ast:fir_3k4_0002_ast_inst|fir_3k4_0002_rtl_core:\real_passthrough:hpfircore_core|u0_m0_wo0_accum_o[24]                   ; clk_50M      ; clk_50M     ; 20.000       ; -0.038     ; 1.815      ;
; 18.136 ; FIR:u_FIR_0|fir_3k4:u_fir_3k4_0|fir_3k4_0002:fir_3k4_inst|fir_3k4_0002_ast:fir_3k4_0002_ast_inst|fir_3k4_0002_rtl_core:\real_passthrough:hpfircore_core|u0_m0_wo0_mtree_add3_0_o[4]                                                   ; FIR:u_FIR_0|fir_3k4:u_fir_3k4_0|fir_3k4_0002:fir_3k4_inst|fir_3k4_0002_ast:fir_3k4_0002_ast_inst|fir_3k4_0002_rtl_core:\real_passthrough:hpfircore_core|u0_m0_wo0_accum_o[20]                   ; clk_50M      ; clk_50M     ; 20.000       ; -0.039     ; 1.812      ;
; 18.136 ; FIR:u_FIR_0|fir_3k4:u_fir_3k4_0|fir_3k4_0002:fir_3k4_inst|fir_3k4_0002_ast:fir_3k4_0002_ast_inst|fir_3k4_0002_rtl_core:\real_passthrough:hpfircore_core|u0_m0_wo0_mtree_add3_0_o[0]                                                   ; FIR:u_FIR_0|fir_3k4:u_fir_3k4_0|fir_3k4_0002:fir_3k4_inst|fir_3k4_0002_ast:fir_3k4_0002_ast_inst|fir_3k4_0002_rtl_core:\real_passthrough:hpfircore_core|u0_m0_wo0_accum_o[25]                   ; clk_50M      ; clk_50M     ; 20.000       ; -0.039     ; 1.812      ;
; 18.143 ; FIR:u_FIR_0|fir_3k4:u_fir_3k4_0|fir_3k4_0002:fir_3k4_inst|fir_3k4_0002_ast:fir_3k4_0002_ast_inst|fir_3k4_0002_rtl_core:\real_passthrough:hpfircore_core|u0_m0_wo0_mtree_add3_0_o[0]                                                   ; FIR:u_FIR_0|fir_3k4:u_fir_3k4_0|fir_3k4_0002:fir_3k4_inst|fir_3k4_0002_ast:fir_3k4_0002_ast_inst|fir_3k4_0002_rtl_core:\real_passthrough:hpfircore_core|u0_m0_wo0_accum_o[24]                   ; clk_50M      ; clk_50M     ; 20.000       ; -0.039     ; 1.805      ;
; 18.144 ; FIR:u_FIR_0|fir_3k4:u_fir_3k4_0|fir_3k4_0002:fir_3k4_inst|fir_3k4_0002_ast:fir_3k4_0002_ast_inst|fir_3k4_0002_rtl_core:\real_passthrough:hpfircore_core|\u0_m0_wo0_run_clkproc:u0_m0_wo0_run_enable_c[2]                              ; FIR:u_FIR_0|fir_3k4:u_fir_3k4_0|fir_3k4_0002:fir_3k4_inst|fir_3k4_0002_ast:fir_3k4_0002_ast_inst|fir_3k4_0002_rtl_core:\real_passthrough:hpfircore_core|u0_m0_wo0_run_enableQ[0]                ; clk_50M      ; clk_50M     ; 20.000       ; -0.050     ; 1.793      ;
; 18.145 ; FIR:u_FIR_0|fir_3k4:u_fir_3k4_0|fir_3k4_0002:fir_3k4_inst|fir_3k4_0002_ast:fir_3k4_0002_ast_inst|fir_3k4_0002_rtl_core:\real_passthrough:hpfircore_core|u0_m0_wo0_mtree_add3_0_o[8]                                                   ; FIR:u_FIR_0|fir_3k4:u_fir_3k4_0|fir_3k4_0002:fir_3k4_inst|fir_3k4_0002_ast:fir_3k4_0002_ast_inst|fir_3k4_0002_rtl_core:\real_passthrough:hpfircore_core|u0_m0_wo0_accum_o[27]                   ; clk_50M      ; clk_50M     ; 20.000       ; -0.039     ; 1.803      ;
; 18.148 ; FIR:u_FIR_0|fir_3k4:u_fir_3k4_0|fir_3k4_0002:fir_3k4_inst|fir_3k4_0002_ast:fir_3k4_0002_ast_inst|fir_3k4_0002_rtl_core:\real_passthrough:hpfircore_core|u0_m0_wo0_mtree_add3_0_o[6]                                                   ; FIR:u_FIR_0|fir_3k4:u_fir_3k4_0|fir_3k4_0002:fir_3k4_inst|fir_3k4_0002_ast:fir_3k4_0002_ast_inst|fir_3k4_0002_rtl_core:\real_passthrough:hpfircore_core|u0_m0_wo0_accum_o[23]                   ; clk_50M      ; clk_50M     ; 20.000       ; -0.039     ; 1.800      ;
; 18.149 ; FIR:u_FIR_0|fir_3k4:u_fir_3k4_0|fir_3k4_0002:fir_3k4_inst|fir_3k4_0002_ast:fir_3k4_0002_ast_inst|fir_3k4_0002_rtl_core:\real_passthrough:hpfircore_core|u0_m0_wo0_mtree_add3_0_o[8]                                                   ; FIR:u_FIR_0|fir_3k4:u_fir_3k4_0|fir_3k4_0002:fir_3k4_inst|fir_3k4_0002_ast:fir_3k4_0002_ast_inst|fir_3k4_0002_rtl_core:\real_passthrough:hpfircore_core|u0_m0_wo0_accum_o[26]                   ; clk_50M      ; clk_50M     ; 20.000       ; -0.039     ; 1.799      ;
; 18.152 ; FIR:u_FIR_0|fir_3k4:u_fir_3k4_0|fir_3k4_0002:fir_3k4_inst|fir_3k4_0002_ast:fir_3k4_0002_ast_inst|fir_3k4_0002_rtl_core:\real_passthrough:hpfircore_core|u0_m0_wo0_mtree_add0_3_o[5]                                                   ; FIR:u_FIR_0|fir_3k4:u_fir_3k4_0|fir_3k4_0002:fir_3k4_inst|fir_3k4_0002_ast:fir_3k4_0002_ast_inst|fir_3k4_0002_rtl_core:\real_passthrough:hpfircore_core|u0_m0_wo0_mtree_add3_0_o[19]            ; clk_50M      ; clk_50M     ; 20.000       ; -0.034     ; 1.801      ;
; 18.152 ; FIR:u_FIR_0|fir_3k4:u_fir_3k4_0|fir_3k4_0002:fir_3k4_inst|fir_3k4_0002_ast:fir_3k4_0002_ast_inst|fir_3k4_0002_rtl_core:\real_passthrough:hpfircore_core|u0_m0_wo0_mtree_add3_0_o[6]                                                   ; FIR:u_FIR_0|fir_3k4:u_fir_3k4_0|fir_3k4_0002:fir_3k4_inst|fir_3k4_0002_ast:fir_3k4_0002_ast_inst|fir_3k4_0002_rtl_core:\real_passthrough:hpfircore_core|u0_m0_wo0_accum_o[22]                   ; clk_50M      ; clk_50M     ; 20.000       ; -0.039     ; 1.796      ;
; 18.152 ; FIR:u_FIR_0|fir_3k4:u_fir_3k4_0|fir_3k4_0002:fir_3k4_inst|fir_3k4_0002_ast:fir_3k4_0002_ast_inst|fir_3k4_0002_rtl_core:\real_passthrough:hpfircore_core|u0_m0_wo0_mtree_add3_0_o[3]                                                   ; FIR:u_FIR_0|fir_3k4:u_fir_3k4_0|fir_3k4_0002:fir_3k4_inst|fir_3k4_0002_ast:fir_3k4_0002_ast_inst|fir_3k4_0002_rtl_core:\real_passthrough:hpfircore_core|u0_m0_wo0_accum_o[21]                   ; clk_50M      ; clk_50M     ; 20.000       ; -0.039     ; 1.796      ;
; 18.156 ; FIR:u_FIR_0|fir_3k4:u_fir_3k4_0|fir_3k4_0002:fir_3k4_inst|fir_3k4_0002_ast:fir_3k4_0002_ast_inst|fir_3k4_0002_rtl_core:\real_passthrough:hpfircore_core|u0_m0_wo0_mtree_add0_3_o[5]                                                   ; FIR:u_FIR_0|fir_3k4:u_fir_3k4_0|fir_3k4_0002:fir_3k4_inst|fir_3k4_0002_ast:fir_3k4_0002_ast_inst|fir_3k4_0002_rtl_core:\real_passthrough:hpfircore_core|u0_m0_wo0_mtree_add3_0_o[18]            ; clk_50M      ; clk_50M     ; 20.000       ; -0.034     ; 1.797      ;
; 18.156 ; FIR:u_FIR_0|fir_3k4:u_fir_3k4_0|fir_3k4_0002:fir_3k4_inst|fir_3k4_0002_ast:fir_3k4_0002_ast_inst|fir_3k4_0002_rtl_core:\real_passthrough:hpfircore_core|u0_m0_wo0_mtree_add3_0_o[3]                                                   ; FIR:u_FIR_0|fir_3k4:u_fir_3k4_0|fir_3k4_0002:fir_3k4_inst|fir_3k4_0002_ast:fir_3k4_0002_ast_inst|fir_3k4_0002_rtl_core:\real_passthrough:hpfircore_core|u0_m0_wo0_accum_o[20]                   ; clk_50M      ; clk_50M     ; 20.000       ; -0.039     ; 1.792      ;
; 18.159 ; FIR:u_FIR_0|fir_3k4:u_fir_3k4_0|fir_3k4_0002:fir_3k4_inst|fir_3k4_0002_ast:fir_3k4_0002_ast_inst|fir_3k4_0002_rtl_core:\real_passthrough:hpfircore_core|lpm_mult:u0_m0_wo0_mtree_mult1_11_component|mult_9bu:auto_generated|result[3] ; FIR:u_FIR_0|fir_3k4:u_fir_3k4_0|fir_3k4_0002:fir_3k4_inst|fir_3k4_0002_ast:fir_3k4_0002_ast_inst|fir_3k4_0002_rtl_core:\real_passthrough:hpfircore_core|u0_m0_wo0_mtree_add0_5_o[16]            ; clk_50M      ; clk_50M     ; 20.000       ; 0.005      ; 1.833      ;
; 18.170 ; FIR:u_FIR_0|fir_3k4:u_fir_3k4_0|fir_3k4_0002:fir_3k4_inst|fir_3k4_0002_ast:fir_3k4_0002_ast_inst|fir_3k4_0002_rtl_core:\real_passthrough:hpfircore_core|u0_m0_wo0_mtree_add3_0_o[7]                                                   ; FIR:u_FIR_0|fir_3k4:u_fir_3k4_0|fir_3k4_0002:fir_3k4_inst|fir_3k4_0002_ast:fir_3k4_0002_ast_inst|fir_3k4_0002_rtl_core:\real_passthrough:hpfircore_core|u0_m0_wo0_accum_o[25]                   ; clk_50M      ; clk_50M     ; 20.000       ; -0.039     ; 1.778      ;
; 18.174 ; FIR:u_FIR_0|fir_3k4:u_fir_3k4_0|fir_3k4_0002:fir_3k4_inst|fir_3k4_0002_ast:fir_3k4_0002_ast_inst|fir_3k4_0002_rtl_core:\real_passthrough:hpfircore_core|u0_m0_wo0_mtree_add3_0_o[7]                                                   ; FIR:u_FIR_0|fir_3k4:u_fir_3k4_0|fir_3k4_0002:fir_3k4_inst|fir_3k4_0002_ast:fir_3k4_0002_ast_inst|fir_3k4_0002_rtl_core:\real_passthrough:hpfircore_core|u0_m0_wo0_accum_o[24]                   ; clk_50M      ; clk_50M     ; 20.000       ; -0.039     ; 1.774      ;
; 18.174 ; FIR:u_FIR_0|fir_3k4:u_fir_3k4_0|fir_3k4_0002:fir_3k4_inst|fir_3k4_0002_ast:fir_3k4_0002_ast_inst|fir_3k4_0002_rtl_core:\real_passthrough:hpfircore_core|u0_m0_wo0_mtree_add3_0_o[1]                                                   ; FIR:u_FIR_0|fir_3k4:u_fir_3k4_0|fir_3k4_0002:fir_3k4_inst|fir_3k4_0002_ast:fir_3k4_0002_ast_inst|fir_3k4_0002_rtl_core:\real_passthrough:hpfircore_core|u0_m0_wo0_accum_o[19]                   ; clk_50M      ; clk_50M     ; 20.000       ; -0.039     ; 1.774      ;
; 18.177 ; FIR:u_FIR_0|fir_3k4:u_fir_3k4_0|fir_3k4_0002:fir_3k4_inst|fir_3k4_0002_ast:fir_3k4_0002_ast_inst|fir_3k4_0002_rtl_core:\real_passthrough:hpfircore_core|lpm_mult:u0_m0_wo0_mtree_mult1_12_component|mult_9bu:auto_generated|result[1] ; FIR:u_FIR_0|fir_3k4:u_fir_3k4_0|fir_3k4_0002:fir_3k4_inst|fir_3k4_0002_ast:fir_3k4_0002_ast_inst|fir_3k4_0002_rtl_core:\real_passthrough:hpfircore_core|u0_m0_wo0_mtree_add0_6_o[13]            ; clk_50M      ; clk_50M     ; 20.000       ; 0.005      ; 1.815      ;
; 18.178 ; FIR:u_FIR_0|fir_3k4:u_fir_3k4_0|fir_3k4_0002:fir_3k4_inst|fir_3k4_0002_ast:fir_3k4_0002_ast_inst|fir_3k4_0002_rtl_core:\real_passthrough:hpfircore_core|u0_m0_wo0_mtree_add3_0_o[1]                                                   ; FIR:u_FIR_0|fir_3k4:u_fir_3k4_0|fir_3k4_0002:fir_3k4_inst|fir_3k4_0002_ast:fir_3k4_0002_ast_inst|fir_3k4_0002_rtl_core:\real_passthrough:hpfircore_core|u0_m0_wo0_accum_o[18]                   ; clk_50M      ; clk_50M     ; 20.000       ; -0.039     ; 1.770      ;
; 18.179 ; FIR:u_FIR_0|fir_3k4:u_fir_3k4_0|fir_3k4_0002:fir_3k4_inst|fir_3k4_0002_ast:fir_3k4_0002_ast_inst|fir_3k4_0002_rtl_core:\real_passthrough:hpfircore_core|u0_m0_wo0_mtree_add3_0_o[2]                                                   ; FIR:u_FIR_0|fir_3k4:u_fir_3k4_0|fir_3k4_0002:fir_3k4_inst|fir_3k4_0002_ast:fir_3k4_0002_ast_inst|fir_3k4_0002_rtl_core:\real_passthrough:hpfircore_core|u0_m0_wo0_accum_o[17]                   ; clk_50M      ; clk_50M     ; 20.000       ; -0.039     ; 1.769      ;
; 18.181 ; FIR:u_FIR_0|fir_3k4:u_fir_3k4_0|fir_3k4_0002:fir_3k4_inst|fir_3k4_0002_ast:fir_3k4_0002_ast_inst|fir_3k4_0002_rtl_core:\real_passthrough:hpfircore_core|lpm_mult:u0_m0_wo0_mtree_mult1_12_component|mult_9bu:auto_generated|result[1] ; FIR:u_FIR_0|fir_3k4:u_fir_3k4_0|fir_3k4_0002:fir_3k4_inst|fir_3k4_0002_ast:fir_3k4_0002_ast_inst|fir_3k4_0002_rtl_core:\real_passthrough:hpfircore_core|u0_m0_wo0_mtree_add0_6_o[12]            ; clk_50M      ; clk_50M     ; 20.000       ; 0.005      ; 1.811      ;
; 18.181 ; FIR:u_FIR_0|fir_3k4:u_fir_3k4_0|fir_3k4_0002:fir_3k4_inst|fir_3k4_0002_ast:fir_3k4_0002_ast_inst|fir_3k4_0002_rtl_core:\real_passthrough:hpfircore_core|u0_m0_wo0_mtree_add3_0_o[5]                                                   ; FIR:u_FIR_0|fir_3k4:u_fir_3k4_0|fir_3k4_0002:fir_3k4_inst|fir_3k4_0002_ast:fir_3k4_0002_ast_inst|fir_3k4_0002_rtl_core:\real_passthrough:hpfircore_core|u0_m0_wo0_accum_o[23]                   ; clk_50M      ; clk_50M     ; 20.000       ; -0.039     ; 1.767      ;
; 18.183 ; FIR:u_FIR_0|fir_3k4:u_fir_3k4_0|fir_3k4_0002:fir_3k4_inst|fir_3k4_0002_ast:fir_3k4_0002_ast_inst|fir_3k4_0002_rtl_core:\real_passthrough:hpfircore_core|u0_m0_wo0_mtree_add3_0_o[2]                                                   ; FIR:u_FIR_0|fir_3k4:u_fir_3k4_0|fir_3k4_0002:fir_3k4_inst|fir_3k4_0002_ast:fir_3k4_0002_ast_inst|fir_3k4_0002_rtl_core:\real_passthrough:hpfircore_core|u0_m0_wo0_accum_o[16]                   ; clk_50M      ; clk_50M     ; 20.000       ; -0.039     ; 1.765      ;
; 18.185 ; FIR:u_FIR_0|fir_3k4:u_fir_3k4_0|fir_3k4_0002:fir_3k4_inst|fir_3k4_0002_ast:fir_3k4_0002_ast_inst|fir_3k4_0002_rtl_core:\real_passthrough:hpfircore_core|u0_m0_wo0_mtree_add3_0_o[5]                                                   ; FIR:u_FIR_0|fir_3k4:u_fir_3k4_0|fir_3k4_0002:fir_3k4_inst|fir_3k4_0002_ast:fir_3k4_0002_ast_inst|fir_3k4_0002_rtl_core:\real_passthrough:hpfircore_core|u0_m0_wo0_accum_o[22]                   ; clk_50M      ; clk_50M     ; 20.000       ; -0.039     ; 1.763      ;
; 18.187 ; FIR:u_FIR_0|fir_3k4:u_fir_3k4_0|fir_3k4_0002:fir_3k4_inst|fir_3k4_0002_ast:fir_3k4_0002_ast_inst|fir_3k4_0002_rtl_core:\real_passthrough:hpfircore_core|u0_m0_wo0_accum_o[9]                                                          ; FIR:u_FIR_0|fir_3k4:u_fir_3k4_0|fir_3k4_0002:fir_3k4_inst|fir_3k4_0002_ast:fir_3k4_0002_ast_inst|fir_3k4_0002_rtl_core:\real_passthrough:hpfircore_core|u0_m0_wo0_accum_o[28]                   ; clk_50M      ; clk_50M     ; 20.000       ; -0.037     ; 1.763      ;
; 18.188 ; FIR:u_FIR_0|fir_3k4:u_fir_3k4_0|fir_3k4_0002:fir_3k4_inst|fir_3k4_0002_ast:fir_3k4_0002_ast_inst|fir_3k4_0002_rtl_core:\real_passthrough:hpfircore_core|\u0_m0_wo0_run_clkproc:u0_m0_wo0_run_enable_c[1]                              ; FIR:u_FIR_0|fir_3k4:u_fir_3k4_0|fir_3k4_0002:fir_3k4_inst|fir_3k4_0002_ast:fir_3k4_0002_ast_inst|fir_3k4_0002_rtl_core:\real_passthrough:hpfircore_core|u0_m0_wo0_run_enableQ[0]                ; clk_50M      ; clk_50M     ; 20.000       ; -0.050     ; 1.749      ;
; 18.189 ; FIR:u_FIR_0|fir_3k4:u_fir_3k4_0|fir_3k4_0002:fir_3k4_inst|fir_3k4_0002_ast:fir_3k4_0002_ast_inst|fir_3k4_0002_rtl_core:\real_passthrough:hpfircore_core|u0_m0_wo0_mtree_add3_0_o[9]                                                   ; FIR:u_FIR_0|fir_3k4:u_fir_3k4_0|fir_3k4_0002:fir_3k4_inst|fir_3k4_0002_ast:fir_3k4_0002_ast_inst|fir_3k4_0002_rtl_core:\real_passthrough:hpfircore_core|u0_m0_wo0_accum_o[27]                   ; clk_50M      ; clk_50M     ; 20.000       ; -0.039     ; 1.759      ;
; 18.193 ; FIR:u_FIR_0|fir_3k4:u_fir_3k4_0|fir_3k4_0002:fir_3k4_inst|fir_3k4_0002_ast:fir_3k4_0002_ast_inst|fir_3k4_0002_rtl_core:\real_passthrough:hpfircore_core|u0_m0_wo0_mtree_add3_0_o[9]                                                   ; FIR:u_FIR_0|fir_3k4:u_fir_3k4_0|fir_3k4_0002:fir_3k4_inst|fir_3k4_0002_ast:fir_3k4_0002_ast_inst|fir_3k4_0002_rtl_core:\real_passthrough:hpfircore_core|u0_m0_wo0_accum_o[26]                   ; clk_50M      ; clk_50M     ; 20.000       ; -0.039     ; 1.755      ;
; 18.194 ; FIR:u_FIR_0|fir_3k4:u_fir_3k4_0|fir_3k4_0002:fir_3k4_inst|fir_3k4_0002_ast:fir_3k4_0002_ast_inst|fir_3k4_0002_rtl_core:\real_passthrough:hpfircore_core|u0_m0_wo0_wi0_r0_ra20_count0_inner_i[8]                                       ; FIR:u_FIR_0|fir_3k4:u_fir_3k4_0|fir_3k4_0002:fir_3k4_inst|fir_3k4_0002_ast:fir_3k4_0002_ast_inst|fir_3k4_0002_rtl_core:\real_passthrough:hpfircore_core|u0_m0_wo0_wi0_r0_ra20_count0_inner_i[4] ; clk_50M      ; clk_50M     ; 20.000       ; -0.036     ; 1.757      ;
; 18.198 ; FIR:u_FIR_0|fir_3k4:u_fir_3k4_0|fir_3k4_0002:fir_3k4_inst|fir_3k4_0002_ast:fir_3k4_0002_ast_inst|fir_3k4_0002_rtl_core:\real_passthrough:hpfircore_core|u0_m0_wo0_mtree_add1_3_o[1]                                                   ; FIR:u_FIR_0|fir_3k4:u_fir_3k4_0|fir_3k4_0002:fir_3k4_inst|fir_3k4_0002_ast:fir_3k4_0002_ast_inst|fir_3k4_0002_rtl_core:\real_passthrough:hpfircore_core|u0_m0_wo0_mtree_add2_1_o[18]            ; clk_50M      ; clk_50M     ; 20.000       ; -0.037     ; 1.752      ;
; 18.198 ; FIR:u_FIR_0|fir_3k4:u_fir_3k4_0|fir_3k4_0002:fir_3k4_inst|fir_3k4_0002_ast:fir_3k4_0002_ast_inst|fir_3k4_0002_rtl_core:\real_passthrough:hpfircore_core|u0_m0_wo0_wi0_r0_ra20_count0_inner_i[8]                                       ; FIR:u_FIR_0|fir_3k4:u_fir_3k4_0|fir_3k4_0002:fir_3k4_inst|fir_3k4_0002_ast:fir_3k4_0002_ast_inst|fir_3k4_0002_rtl_core:\real_passthrough:hpfircore_core|u0_m0_wo0_wi0_r0_ra20_count0_inner_i[3] ; clk_50M      ; clk_50M     ; 20.000       ; -0.036     ; 1.753      ;
; 18.198 ; FIR:u_FIR_0|fir_3k4:u_fir_3k4_0|fir_3k4_0002:fir_3k4_inst|fir_3k4_0002_ast:fir_3k4_0002_ast_inst|fir_3k4_0002_rtl_core:\real_passthrough:hpfircore_core|u0_m0_wo0_mtree_add3_0_o[11]                                                  ; FIR:u_FIR_0|fir_3k4:u_fir_3k4_0|fir_3k4_0002:fir_3k4_inst|fir_3k4_0002_ast:fir_3k4_0002_ast_inst|fir_3k4_0002_rtl_core:\real_passthrough:hpfircore_core|u0_m0_wo0_accum_o[23]                   ; clk_50M      ; clk_50M     ; 20.000       ; -0.038     ; 1.751      ;
; 18.200 ; FIR:u_FIR_0|fir_3k4:u_fir_3k4_0|fir_3k4_0002:fir_3k4_inst|fir_3k4_0002_ast:fir_3k4_0002_ast_inst|fir_3k4_0002_rtl_core:\real_passthrough:hpfircore_core|u0_m0_wo0_mtree_add3_0_o[4]                                                   ; FIR:u_FIR_0|fir_3k4:u_fir_3k4_0|fir_3k4_0002:fir_3k4_inst|fir_3k4_0002_ast:fir_3k4_0002_ast_inst|fir_3k4_0002_rtl_core:\real_passthrough:hpfircore_core|u0_m0_wo0_accum_o[19]                   ; clk_50M      ; clk_50M     ; 20.000       ; -0.039     ; 1.748      ;
; 18.202 ; FIR:u_FIR_0|fir_3k4:u_fir_3k4_0|fir_3k4_0002:fir_3k4_inst|fir_3k4_0002_ast:fir_3k4_0002_ast_inst|fir_3k4_0002_rtl_core:\real_passthrough:hpfircore_core|u0_m0_wo0_mtree_add3_0_o[11]                                                  ; FIR:u_FIR_0|fir_3k4:u_fir_3k4_0|fir_3k4_0002:fir_3k4_inst|fir_3k4_0002_ast:fir_3k4_0002_ast_inst|fir_3k4_0002_rtl_core:\real_passthrough:hpfircore_core|u0_m0_wo0_accum_o[22]                   ; clk_50M      ; clk_50M     ; 20.000       ; -0.038     ; 1.747      ;
+--------+---------------------------------------------------------------------------------------------------------------------------------------------------------------------------------------------------------------------------------------+-------------------------------------------------------------------------------------------------------------------------------------------------------------------------------------------------+--------------+-------------+--------------+------------+------------+


+------------------------------------------------------------------------------------------------------------------------------------------------------------------------------------------------------------------------------------------------------------------------------------------------------------------------------------------------------------------------------------------------------------------------------------------------------------------------------------------------------------------------------------------------------------------------------------------------------+
; Fast 1200mV 0C Model Hold: 'clk_50M'                                                                                                                                                                                                                                                                                                                                                                                                                                                                                                                                                                 ;
+-------+---------------------------------------------------------------------------------------------------------------------------------------------------------------------------------------------------------------------------------------+--------------------------------------------------------------------------------------------------------------------------------------------------------------------------------------------------------------------------------------------------------------------------------+--------------+-------------+--------------+------------+------------+
; Slack ; From Node                                                                                                                                                                                                                             ; To Node                                                                                                                                                                                                                                                                        ; Launch Clock ; Latch Clock ; Relationship ; Clock Skew ; Data Delay ;
+-------+---------------------------------------------------------------------------------------------------------------------------------------------------------------------------------------------------------------------------------------+--------------------------------------------------------------------------------------------------------------------------------------------------------------------------------------------------------------------------------------------------------------------------------+--------------+-------------+--------------+------------+------------+
; 0.125 ; FIR:u_FIR_0|fir_3k4:u_fir_3k4_0|fir_3k4_0002:fir_3k4_inst|fir_3k4_0002_ast:fir_3k4_0002_ast_inst|fir_3k4_0002_rtl_core:\real_passthrough:hpfircore_core|u0_m0_wo0_wi0_r0_ra20_count1_i[0]                                             ; FIR:u_FIR_0|fir_3k4:u_fir_3k4_0|fir_3k4_0002:fir_3k4_inst|fir_3k4_0002_ast:fir_3k4_0002_ast_inst|fir_3k4_0002_rtl_core:\real_passthrough:hpfircore_core|altsyncram:u0_m0_wo0_wi0_r0_ra20_count1_lut_lutmem_dmem|altsyncram_3bs3:auto_generated|ram_block1a0~porta_address_reg0 ; clk_50M      ; clk_50M     ; 0.000        ; 0.226      ; 0.455      ;
; 0.140 ; FIR:u_FIR_0|fir_3k4:u_fir_3k4_0|fir_3k4_0002:fir_3k4_inst|fir_3k4_0002_ast:fir_3k4_0002_ast_inst|fir_3k4_0002_rtl_core:\real_passthrough:hpfircore_core|dspba_delay:d_u0_m0_wo0_ca20_q_15|delay_signals[0][6]                         ; FIR:u_FIR_0|fir_3k4:u_fir_3k4_0|fir_3k4_0002:fir_3k4_inst|fir_3k4_0002_ast:fir_3k4_0002_ast_inst|fir_3k4_0002_rtl_core:\real_passthrough:hpfircore_core|altsyncram:u0_m0_wo0_cm13_lutmem_dmem|altsyncram_4kq3:auto_generated|ram_block1a0~porta_address_reg0                   ; clk_50M      ; clk_50M     ; 0.000        ; 0.226      ; 0.470      ;
; 0.140 ; FIR:u_FIR_0|fir_3k4:u_fir_3k4_0|fir_3k4_0002:fir_3k4_inst|fir_3k4_0002_ast:fir_3k4_0002_ast_inst|fir_3k4_0002_rtl_core:\real_passthrough:hpfircore_core|dspba_delay:d_xIn_0_15|delay_signals[0][1]                                    ; FIR:u_FIR_0|fir_3k4:u_fir_3k4_0|fir_3k4_0002:fir_3k4_inst|fir_3k4_0002_ast:fir_3k4_0002_ast_inst|fir_3k4_0002_rtl_core:\real_passthrough:hpfircore_core|altsyncram:u0_m0_wo0_wi0_r0_memr0_dmem|altsyncram_cmn3:auto_generated|ram_block1a0~porta_datain_reg0                   ; clk_50M      ; clk_50M     ; 0.000        ; 0.229      ; 0.473      ;
; 0.141 ; FIR:u_FIR_0|fir_3k4:u_fir_3k4_0|fir_3k4_0002:fir_3k4_inst|fir_3k4_0002_ast:fir_3k4_0002_ast_inst|fir_3k4_0002_rtl_core:\real_passthrough:hpfircore_core|dspba_delay:d_u0_m0_wo0_ca20_q_15|delay_signals[0][1]                         ; FIR:u_FIR_0|fir_3k4:u_fir_3k4_0|fir_3k4_0002:fir_3k4_inst|fir_3k4_0002_ast:fir_3k4_0002_ast_inst|fir_3k4_0002_rtl_core:\real_passthrough:hpfircore_core|altsyncram:u0_m0_wo0_cm13_lutmem_dmem|altsyncram_4kq3:auto_generated|ram_block1a0~porta_address_reg0                   ; clk_50M      ; clk_50M     ; 0.000        ; 0.226      ; 0.471      ;
; 0.145 ; FIR:u_FIR_0|fir_3k4:u_fir_3k4_0|fir_3k4_0002:fir_3k4_inst|fir_3k4_0002_ast:fir_3k4_0002_ast_inst|fir_3k4_0002_rtl_core:\real_passthrough:hpfircore_core|dspba_delay:d_xIn_0_15|delay_signals[0][3]                                    ; FIR:u_FIR_0|fir_3k4:u_fir_3k4_0|fir_3k4_0002:fir_3k4_inst|fir_3k4_0002_ast:fir_3k4_0002_ast_inst|fir_3k4_0002_rtl_core:\real_passthrough:hpfircore_core|altsyncram:u0_m0_wo0_wi0_r0_memr0_dmem|altsyncram_cmn3:auto_generated|ram_block1a0~porta_datain_reg0                   ; clk_50M      ; clk_50M     ; 0.000        ; 0.229      ; 0.478      ;
; 0.146 ; FIR:u_FIR_0|fir_3k4:u_fir_3k4_0|fir_3k4_0002:fir_3k4_inst|fir_3k4_0002_ast:fir_3k4_0002_ast_inst|fir_3k4_0002_rtl_core:\real_passthrough:hpfircore_core|dspba_delay:d_u0_m0_wo0_ca20_q_14|delay_signals[0][2]                         ; FIR:u_FIR_0|fir_3k4:u_fir_3k4_0|fir_3k4_0002:fir_3k4_inst|fir_3k4_0002_ast:fir_3k4_0002_ast_inst|fir_3k4_0002_rtl_core:\real_passthrough:hpfircore_core|altsyncram:u0_m0_wo0_cm6_lutmem_dmem|altsyncram_miq3:auto_generated|ram_block1a0~porta_address_reg0                    ; clk_50M      ; clk_50M     ; 0.000        ; 0.219      ; 0.469      ;
; 0.148 ; FIR:u_FIR_0|fir_3k4:u_fir_3k4_0|fir_3k4_0002:fir_3k4_inst|fir_3k4_0002_ast:fir_3k4_0002_ast_inst|fir_3k4_0002_rtl_core:\real_passthrough:hpfircore_core|dspba_delay:d_u0_m0_wo0_ca20_q_15|delay_signals[0][2]                         ; FIR:u_FIR_0|fir_3k4:u_fir_3k4_0|fir_3k4_0002:fir_3k4_inst|fir_3k4_0002_ast:fir_3k4_0002_ast_inst|fir_3k4_0002_rtl_core:\real_passthrough:hpfircore_core|altsyncram:u0_m0_wo0_cm13_lutmem_dmem|altsyncram_4kq3:auto_generated|ram_block1a0~porta_address_reg0                   ; clk_50M      ; clk_50M     ; 0.000        ; 0.227      ; 0.479      ;
; 0.156 ; FIR:u_FIR_0|fir_3k4:u_fir_3k4_0|fir_3k4_0002:fir_3k4_inst|fir_3k4_0002_ast:fir_3k4_0002_ast_inst|fir_3k4_0002_rtl_core:\real_passthrough:hpfircore_core|dspba_delay:d_u0_m0_wo0_ca20_q_15|delay_signals[0][5]                         ; FIR:u_FIR_0|fir_3k4:u_fir_3k4_0|fir_3k4_0002:fir_3k4_inst|fir_3k4_0002_ast:fir_3k4_0002_ast_inst|fir_3k4_0002_rtl_core:\real_passthrough:hpfircore_core|altsyncram:u0_m0_wo0_cm13_lutmem_dmem|altsyncram_4kq3:auto_generated|ram_block1a0~porta_address_reg0                   ; clk_50M      ; clk_50M     ; 0.000        ; 0.219      ; 0.479      ;
; 0.157 ; FIR:u_FIR_0|fir_3k4:u_fir_3k4_0|fir_3k4_0002:fir_3k4_inst|fir_3k4_0002_ast:fir_3k4_0002_ast_inst|fir_3k4_0002_rtl_core:\real_passthrough:hpfircore_core|dspba_delay:d_xIn_0_15|delay_signals[0][6]                                    ; FIR:u_FIR_0|fir_3k4:u_fir_3k4_0|fir_3k4_0002:fir_3k4_inst|fir_3k4_0002_ast:fir_3k4_0002_ast_inst|fir_3k4_0002_rtl_core:\real_passthrough:hpfircore_core|altsyncram:u0_m0_wo0_wi0_r0_memr0_dmem|altsyncram_cmn3:auto_generated|ram_block1a0~porta_datain_reg0                   ; clk_50M      ; clk_50M     ; 0.000        ; 0.229      ; 0.490      ;
; 0.170 ; FIR:u_FIR_0|fir_3k4:u_fir_3k4_0|fir_3k4_0002:fir_3k4_inst|fir_3k4_0002_ast:fir_3k4_0002_ast_inst|fir_3k4_0002_rtl_core:\real_passthrough:hpfircore_core|u0_m0_wo0_wi0_r0_wa20_i[4]                                                    ; FIR:u_FIR_0|fir_3k4:u_fir_3k4_0|fir_3k4_0002:fir_3k4_inst|fir_3k4_0002_ast:fir_3k4_0002_ast_inst|fir_3k4_0002_rtl_core:\real_passthrough:hpfircore_core|altsyncram:u0_m0_wo0_wi0_r0_memr1_dmem|altsyncram_gpn3:auto_generated|ram_block1a4~porta_address_reg0                  ; clk_50M      ; clk_50M     ; 0.000        ; 0.219      ; 0.493      ;
; 0.178 ; FIR:u_FIR_0|fir_3k4:u_fir_3k4_0|fir_3k4_0002:fir_3k4_inst|fir_3k4_0002_ast:fir_3k4_0002_ast_inst|fir_3k4_0002_rtl_core:\real_passthrough:hpfircore_core|u0_m0_wo0_wi0_r0_wa20_i[0]                                                    ; FIR:u_FIR_0|fir_3k4:u_fir_3k4_0|fir_3k4_0002:fir_3k4_inst|fir_3k4_0002_ast:fir_3k4_0002_ast_inst|fir_3k4_0002_rtl_core:\real_passthrough:hpfircore_core|altsyncram:u0_m0_wo0_wi0_r0_memr1_dmem|altsyncram_gpn3:auto_generated|ram_block1a40~porta_address_reg0                 ; clk_50M      ; clk_50M     ; 0.000        ; 0.217      ; 0.499      ;
; 0.186 ; FIR:u_FIR_0|fir_3k4:u_fir_3k4_0|fir_3k4_0002:fir_3k4_inst|fir_3k4_0002_ast:fir_3k4_0002_ast_inst|fir_3k4_0002_rtl_core:\real_passthrough:hpfircore_core|u0_m0_wo0_ca20_eq                                                             ; FIR:u_FIR_0|fir_3k4:u_fir_3k4_0|fir_3k4_0002:fir_3k4_inst|fir_3k4_0002_ast:fir_3k4_0002_ast_inst|fir_3k4_0002_rtl_core:\real_passthrough:hpfircore_core|u0_m0_wo0_ca20_eq                                                                                                      ; clk_50M      ; clk_50M     ; 0.000        ; 0.037      ; 0.307      ;
; 0.186 ; FIR:u_FIR_0|fir_3k4:u_fir_3k4_0|fir_3k4_0002:fir_3k4_inst|fir_3k4_0002_ast:fir_3k4_0002_ast_inst|fir_3k4_0002_rtl_core:\real_passthrough:hpfircore_core|u0_m0_wo0_ca20_i[0]                                                           ; FIR:u_FIR_0|fir_3k4:u_fir_3k4_0|fir_3k4_0002:fir_3k4_inst|fir_3k4_0002_ast:fir_3k4_0002_ast_inst|fir_3k4_0002_rtl_core:\real_passthrough:hpfircore_core|u0_m0_wo0_ca20_i[0]                                                                                                    ; clk_50M      ; clk_50M     ; 0.000        ; 0.037      ; 0.307      ;
; 0.186 ; FIR:u_FIR_0|fir_3k4:u_fir_3k4_0|fir_3k4_0002:fir_3k4_inst|fir_3k4_0002_ast:fir_3k4_0002_ast_inst|fir_3k4_0002_rtl_core:\real_passthrough:hpfircore_core|u0_m0_wo0_wi0_r0_wa20_i[0]                                                    ; FIR:u_FIR_0|fir_3k4:u_fir_3k4_0|fir_3k4_0002:fir_3k4_inst|fir_3k4_0002_ast:fir_3k4_0002_ast_inst|fir_3k4_0002_rtl_core:\real_passthrough:hpfircore_core|u0_m0_wo0_wi0_r0_wa20_i[0]                                                                                             ; clk_50M      ; clk_50M     ; 0.000        ; 0.037      ; 0.307      ;
; 0.186 ; FIR:u_FIR_0|fir_3k4:u_fir_3k4_0|fir_3k4_0002:fir_3k4_inst|fir_3k4_0002_ast:fir_3k4_0002_ast_inst|fir_3k4_0002_rtl_core:\real_passthrough:hpfircore_core|u0_m0_wo0_wi0_r0_wa0_i[0]                                                     ; FIR:u_FIR_0|fir_3k4:u_fir_3k4_0|fir_3k4_0002:fir_3k4_inst|fir_3k4_0002_ast:fir_3k4_0002_ast_inst|fir_3k4_0002_rtl_core:\real_passthrough:hpfircore_core|u0_m0_wo0_wi0_r0_wa0_i[0]                                                                                              ; clk_50M      ; clk_50M     ; 0.000        ; 0.037      ; 0.307      ;
; 0.186 ; FIR:u_FIR_0|fir_3k4:u_fir_3k4_0|fir_3k4_0002:fir_3k4_inst|fir_3k4_0002_ast:fir_3k4_0002_ast_inst|fir_3k4_0002_rtl_core:\real_passthrough:hpfircore_core|u0_m0_wo0_wi0_r0_ra20_add_0_0_o[6]                                            ; FIR:u_FIR_0|fir_3k4:u_fir_3k4_0|fir_3k4_0002:fir_3k4_inst|fir_3k4_0002_ast:fir_3k4_0002_ast_inst|fir_3k4_0002_rtl_core:\real_passthrough:hpfircore_core|altsyncram:u0_m0_wo0_wi0_r0_memr0_dmem|altsyncram_cmn3:auto_generated|ram_block1a0~portb_address_reg0                  ; clk_50M      ; clk_50M     ; 0.000        ; 0.183      ; 0.473      ;
; 0.187 ; FIR:u_FIR_0|fir_3k4:u_fir_3k4_0|fir_3k4_0002:fir_3k4_inst|fir_3k4_0002_ast:fir_3k4_0002_ast_inst|fir_3k4_0002_rtl_core:\real_passthrough:hpfircore_core|u0_m0_wo0_wi0_r0_ra20_count0_i[0]                                             ; FIR:u_FIR_0|fir_3k4:u_fir_3k4_0|fir_3k4_0002:fir_3k4_inst|fir_3k4_0002_ast:fir_3k4_0002_ast_inst|fir_3k4_0002_rtl_core:\real_passthrough:hpfircore_core|u0_m0_wo0_wi0_r0_ra20_count0_i[0]                                                                                      ; clk_50M      ; clk_50M     ; 0.000        ; 0.036      ; 0.307      ;
; 0.187 ; FIR:u_FIR_0|fir_3k4:u_fir_3k4_0|fir_3k4_0002:fir_3k4_inst|fir_3k4_0002_ast:fir_3k4_0002_ast_inst|fir_3k4_0002_rtl_core:\real_passthrough:hpfircore_core|u0_m0_wo0_wi0_r0_ra20_count0_inner_i[0]                                       ; FIR:u_FIR_0|fir_3k4:u_fir_3k4_0|fir_3k4_0002:fir_3k4_inst|fir_3k4_0002_ast:fir_3k4_0002_ast_inst|fir_3k4_0002_rtl_core:\real_passthrough:hpfircore_core|u0_m0_wo0_wi0_r0_ra20_count0_inner_i[0]                                                                                ; clk_50M      ; clk_50M     ; 0.000        ; 0.036      ; 0.307      ;
; 0.187 ; FIR:u_FIR_0|fir_3k4:u_fir_3k4_0|fir_3k4_0002:fir_3k4_inst|fir_3k4_0002_ast:fir_3k4_0002_ast_inst|fir_3k4_0002_rtl_core:\real_passthrough:hpfircore_core|dspba_delay:d_u0_m0_wo0_ca20_q_15|delay_signals[0][4]                         ; FIR:u_FIR_0|fir_3k4:u_fir_3k4_0|fir_3k4_0002:fir_3k4_inst|fir_3k4_0002_ast:fir_3k4_0002_ast_inst|fir_3k4_0002_rtl_core:\real_passthrough:hpfircore_core|altsyncram:u0_m0_wo0_cm13_lutmem_dmem|altsyncram_4kq3:auto_generated|ram_block1a0~porta_address_reg0                   ; clk_50M      ; clk_50M     ; 0.000        ; 0.219      ; 0.510      ;
; 0.187 ; FIR:u_FIR_0|fir_3k4:u_fir_3k4_0|fir_3k4_0002:fir_3k4_inst|fir_3k4_0002_ast:fir_3k4_0002_ast_inst|fir_3k4_0002_rtl_core:\real_passthrough:hpfircore_core|\u0_m0_wo0_wi0_r0_we20_seq_clkproc:u0_m0_wo0_wi0_r0_we20_seq_c[0]             ; FIR:u_FIR_0|fir_3k4:u_fir_3k4_0|fir_3k4_0002:fir_3k4_inst|fir_3k4_0002_ast:fir_3k4_0002_ast_inst|fir_3k4_0002_rtl_core:\real_passthrough:hpfircore_core|\u0_m0_wo0_wi0_r0_we20_seq_clkproc:u0_m0_wo0_wi0_r0_we20_seq_c[0]                                                      ; clk_50M      ; clk_50M     ; 0.000        ; 0.036      ; 0.307      ;
; 0.187 ; FIR:u_FIR_0|fir_3k4:u_fir_3k4_0|fir_3k4_0002:fir_3k4_inst|fir_3k4_0002_ast:fir_3k4_0002_ast_inst|fir_3k4_0002_rtl_core:\real_passthrough:hpfircore_core|u0_m0_wo0_wi0_r0_ra20_add_0_0_o[0]                                            ; FIR:u_FIR_0|fir_3k4:u_fir_3k4_0|fir_3k4_0002:fir_3k4_inst|fir_3k4_0002_ast:fir_3k4_0002_ast_inst|fir_3k4_0002_rtl_core:\real_passthrough:hpfircore_core|altsyncram:u0_m0_wo0_wi0_r0_memr0_dmem|altsyncram_cmn3:auto_generated|ram_block1a0~portb_address_reg0                  ; clk_50M      ; clk_50M     ; 0.000        ; 0.183      ; 0.474      ;
; 0.187 ; FIR:u_FIR_0|fir_3k4:u_fir_3k4_0|fir_3k4_0002:fir_3k4_inst|fir_3k4_0002_ast:fir_3k4_0002_ast_inst|fir_3k4_0002_rtl_core:\real_passthrough:hpfircore_core|u0_m0_wo0_wi0_r0_ra20_count1_eq                                               ; FIR:u_FIR_0|fir_3k4:u_fir_3k4_0|fir_3k4_0002:fir_3k4_inst|fir_3k4_0002_ast:fir_3k4_0002_ast_inst|fir_3k4_0002_rtl_core:\real_passthrough:hpfircore_core|u0_m0_wo0_wi0_r0_ra20_count1_eq                                                                                        ; clk_50M      ; clk_50M     ; 0.000        ; 0.036      ; 0.307      ;
; 0.187 ; FIR:u_FIR_0|fir_3k4:u_fir_3k4_0|fir_3k4_0002:fir_3k4_inst|fir_3k4_0002_ast:fir_3k4_0002_ast_inst|fir_3k4_0002_rtl_core:\real_passthrough:hpfircore_core|u0_m0_wo0_wi0_r0_ra20_count1_i[0]                                             ; FIR:u_FIR_0|fir_3k4:u_fir_3k4_0|fir_3k4_0002:fir_3k4_inst|fir_3k4_0002_ast:fir_3k4_0002_ast_inst|fir_3k4_0002_rtl_core:\real_passthrough:hpfircore_core|u0_m0_wo0_wi0_r0_ra20_count1_i[0]                                                                                      ; clk_50M      ; clk_50M     ; 0.000        ; 0.036      ; 0.307      ;
; 0.187 ; FIR:u_FIR_0|fir_3k4:u_fir_3k4_0|fir_3k4_0002:fir_3k4_inst|fir_3k4_0002_ast:fir_3k4_0002_ast_inst|fir_3k4_0002_rtl_core:\real_passthrough:hpfircore_core|u0_m0_wo0_aseq_eq                                                             ; FIR:u_FIR_0|fir_3k4:u_fir_3k4_0|fir_3k4_0002:fir_3k4_inst|fir_3k4_0002_ast:fir_3k4_0002_ast_inst|fir_3k4_0002_rtl_core:\real_passthrough:hpfircore_core|u0_m0_wo0_aseq_eq                                                                                                      ; clk_50M      ; clk_50M     ; 0.000        ; 0.036      ; 0.307      ;
; 0.187 ; FIR:u_FIR_0|fir_3k4:u_fir_3k4_0|fir_3k4_0002:fir_3k4_inst|fir_3k4_0002_ast:fir_3k4_0002_ast_inst|fir_3k4_0002_rtl_core:\real_passthrough:hpfircore_core|\u0_m0_wo0_aseq_clkproc:u0_m0_wo0_aseq_c[0]                                   ; FIR:u_FIR_0|fir_3k4:u_fir_3k4_0|fir_3k4_0002:fir_3k4_inst|fir_3k4_0002_ast:fir_3k4_0002_ast_inst|fir_3k4_0002_rtl_core:\real_passthrough:hpfircore_core|\u0_m0_wo0_aseq_clkproc:u0_m0_wo0_aseq_c[0]                                                                            ; clk_50M      ; clk_50M     ; 0.000        ; 0.036      ; 0.307      ;
; 0.187 ; FIR:u_FIR_0|fir_3k4:u_fir_3k4_0|fir_3k4_0002:fir_3k4_inst|fir_3k4_0002_ast:fir_3k4_0002_ast_inst|fir_3k4_0002_rtl_core:\real_passthrough:hpfircore_core|u0_m0_wo0_run_count[1]                                                        ; FIR:u_FIR_0|fir_3k4:u_fir_3k4_0|fir_3k4_0002:fir_3k4_inst|fir_3k4_0002_ast:fir_3k4_0002_ast_inst|fir_3k4_0002_rtl_core:\real_passthrough:hpfircore_core|u0_m0_wo0_run_count[1]                                                                                                 ; clk_50M      ; clk_50M     ; 0.000        ; 0.036      ; 0.307      ;
; 0.187 ; FIR:u_FIR_0|fir_3k4:u_fir_3k4_0|fir_3k4_0002:fir_3k4_inst|fir_3k4_0002_ast:fir_3k4_0002_ast_inst|fir_3k4_0002_rtl_core:\real_passthrough:hpfircore_core|\u0_m0_wo0_run_clkproc:u0_m0_wo0_run_enable_c[0]                              ; FIR:u_FIR_0|fir_3k4:u_fir_3k4_0|fir_3k4_0002:fir_3k4_inst|fir_3k4_0002_ast:fir_3k4_0002_ast_inst|fir_3k4_0002_rtl_core:\real_passthrough:hpfircore_core|\u0_m0_wo0_run_clkproc:u0_m0_wo0_run_enable_c[0]                                                                       ; clk_50M      ; clk_50M     ; 0.000        ; 0.036      ; 0.307      ;
; 0.187 ; FIR:u_FIR_0|fir_3k4:u_fir_3k4_0|fir_3k4_0002:fir_3k4_inst|fir_3k4_0002_ast:fir_3k4_0002_ast_inst|fir_3k4_0002_rtl_core:\real_passthrough:hpfircore_core|u0_m0_wo0_run_count[0]                                                        ; FIR:u_FIR_0|fir_3k4:u_fir_3k4_0|fir_3k4_0002:fir_3k4_inst|fir_3k4_0002_ast:fir_3k4_0002_ast_inst|fir_3k4_0002_rtl_core:\real_passthrough:hpfircore_core|u0_m0_wo0_run_count[0]                                                                                                 ; clk_50M      ; clk_50M     ; 0.000        ; 0.036      ; 0.307      ;
; 0.191 ; FIR:u_FIR_0|fir_3k4:u_fir_3k4_0|fir_3k4_0002:fir_3k4_inst|fir_3k4_0002_ast:fir_3k4_0002_ast_inst|fir_3k4_0002_rtl_core:\real_passthrough:hpfircore_core|u0_m0_wo0_wi0_r0_ra20_add_0_0_o[1]                                            ; FIR:u_FIR_0|fir_3k4:u_fir_3k4_0|fir_3k4_0002:fir_3k4_inst|fir_3k4_0002_ast:fir_3k4_0002_ast_inst|fir_3k4_0002_rtl_core:\real_passthrough:hpfircore_core|altsyncram:u0_m0_wo0_wi0_r0_memr0_dmem|altsyncram_cmn3:auto_generated|ram_block1a0~portb_address_reg0                  ; clk_50M      ; clk_50M     ; 0.000        ; 0.183      ; 0.478      ;
; 0.193 ; FIR:u_FIR_0|fir_3k4:u_fir_3k4_0|fir_3k4_0002:fir_3k4_inst|fir_3k4_0002_ast:fir_3k4_0002_ast_inst|fir_3k4_0002_rtl_core:\real_passthrough:hpfircore_core|dspba_delay:d_u0_m0_wo0_wi0_r0_split9_f_17|delay_signals[1][4]                ; FIR:u_FIR_0|fir_3k4:u_fir_3k4_0|fir_3k4_0002:fir_3k4_inst|fir_3k4_0002_ast:fir_3k4_0002_ast_inst|fir_3k4_0002_rtl_core:\real_passthrough:hpfircore_core|dspba_delay:d_u0_m0_wo0_wi0_r0_split9_f_17|delay_signals[0][4]                                                         ; clk_50M      ; clk_50M     ; 0.000        ; 0.037      ; 0.314      ;
; 0.193 ; FIR:u_FIR_0|fir_3k4:u_fir_3k4_0|fir_3k4_0002:fir_3k4_inst|fir_3k4_0002_ast:fir_3k4_0002_ast_inst|fir_3k4_0002_rtl_core:\real_passthrough:hpfircore_core|dspba_delay:d_u0_m0_wo0_wi0_r0_split9_g_17|delay_signals[1][3]                ; FIR:u_FIR_0|fir_3k4:u_fir_3k4_0|fir_3k4_0002:fir_3k4_inst|fir_3k4_0002_ast:fir_3k4_0002_ast_inst|fir_3k4_0002_rtl_core:\real_passthrough:hpfircore_core|dspba_delay:d_u0_m0_wo0_wi0_r0_split9_g_17|delay_signals[0][3]                                                         ; clk_50M      ; clk_50M     ; 0.000        ; 0.037      ; 0.314      ;
; 0.193 ; FIR:u_FIR_0|fir_3k4:u_fir_3k4_0|fir_3k4_0002:fir_3k4_inst|fir_3k4_0002_ast:fir_3k4_0002_ast_inst|fir_3k4_0002_rtl_core:\real_passthrough:hpfircore_core|dspba_delay:d_u0_m0_wo0_wi0_r0_split9_g_17|delay_signals[1][5]                ; FIR:u_FIR_0|fir_3k4:u_fir_3k4_0|fir_3k4_0002:fir_3k4_inst|fir_3k4_0002_ast:fir_3k4_0002_ast_inst|fir_3k4_0002_rtl_core:\real_passthrough:hpfircore_core|dspba_delay:d_u0_m0_wo0_wi0_r0_split9_g_17|delay_signals[0][5]                                                         ; clk_50M      ; clk_50M     ; 0.000        ; 0.037      ; 0.314      ;
; 0.193 ; FIR:u_FIR_0|fir_3k4:u_fir_3k4_0|fir_3k4_0002:fir_3k4_inst|fir_3k4_0002_ast:fir_3k4_0002_ast_inst|fir_3k4_0002_rtl_core:\real_passthrough:hpfircore_core|u0_m0_wo0_wi0_r0_wa20_i[1]                                                    ; FIR:u_FIR_0|fir_3k4:u_fir_3k4_0|fir_3k4_0002:fir_3k4_inst|fir_3k4_0002_ast:fir_3k4_0002_ast_inst|fir_3k4_0002_rtl_core:\real_passthrough:hpfircore_core|altsyncram:u0_m0_wo0_wi0_r0_memr1_dmem|altsyncram_gpn3:auto_generated|ram_block1a4~porta_address_reg0                  ; clk_50M      ; clk_50M     ; 0.000        ; 0.219      ; 0.516      ;
; 0.193 ; FIR:u_FIR_0|fir_3k4:u_fir_3k4_0|fir_3k4_0002:fir_3k4_inst|fir_3k4_0002_ast:fir_3k4_0002_ast_inst|fir_3k4_0002_rtl_core:\real_passthrough:hpfircore_core|dspba_delay:d_xIn_0_15|delay_signals[1][1]                                    ; FIR:u_FIR_0|fir_3k4:u_fir_3k4_0|fir_3k4_0002:fir_3k4_inst|fir_3k4_0002_ast:fir_3k4_0002_ast_inst|fir_3k4_0002_rtl_core:\real_passthrough:hpfircore_core|dspba_delay:d_xIn_0_15|delay_signals[0][1]                                                                             ; clk_50M      ; clk_50M     ; 0.000        ; 0.036      ; 0.313      ;
; 0.193 ; FIR:u_FIR_0|fir_3k4:u_fir_3k4_0|fir_3k4_0002:fir_3k4_inst|fir_3k4_0002_ast:fir_3k4_0002_ast_inst|fir_3k4_0002_rtl_core:\real_passthrough:hpfircore_core|dspba_delay:d_xIn_0_15|delay_signals[1][4]                                    ; FIR:u_FIR_0|fir_3k4:u_fir_3k4_0|fir_3k4_0002:fir_3k4_inst|fir_3k4_0002_ast:fir_3k4_0002_ast_inst|fir_3k4_0002_rtl_core:\real_passthrough:hpfircore_core|dspba_delay:d_xIn_0_15|delay_signals[0][4]                                                                             ; clk_50M      ; clk_50M     ; 0.000        ; 0.037      ; 0.314      ;
; 0.193 ; FIR:u_FIR_0|fir_3k4:u_fir_3k4_0|fir_3k4_0002:fir_3k4_inst|fir_3k4_0002_ast:fir_3k4_0002_ast_inst|fir_3k4_0002_rtl_core:\real_passthrough:hpfircore_core|dspba_delay:d_xIn_0_15|delay_signals[4][4]                                    ; FIR:u_FIR_0|fir_3k4:u_fir_3k4_0|fir_3k4_0002:fir_3k4_inst|fir_3k4_0002_ast:fir_3k4_0002_ast_inst|fir_3k4_0002_rtl_core:\real_passthrough:hpfircore_core|dspba_delay:d_xIn_0_15|delay_signals[3][4]                                                                             ; clk_50M      ; clk_50M     ; 0.000        ; 0.037      ; 0.314      ;
; 0.193 ; FIR:u_FIR_0|fir_3k4:u_fir_3k4_0|fir_3k4_0002:fir_3k4_inst|fir_3k4_0002_ast:fir_3k4_0002_ast_inst|fir_3k4_0002_rtl_core:\real_passthrough:hpfircore_core|dspba_delay:d_xIn_0_15|delay_signals[1][7]                                    ; FIR:u_FIR_0|fir_3k4:u_fir_3k4_0|fir_3k4_0002:fir_3k4_inst|fir_3k4_0002_ast:fir_3k4_0002_ast_inst|fir_3k4_0002_rtl_core:\real_passthrough:hpfircore_core|dspba_delay:d_xIn_0_15|delay_signals[0][7]                                                                             ; clk_50M      ; clk_50M     ; 0.000        ; 0.036      ; 0.313      ;
; 0.194 ; FIR:u_FIR_0|fir_3k4:u_fir_3k4_0|fir_3k4_0002:fir_3k4_inst|fir_3k4_0002_ast:fir_3k4_0002_ast_inst|fir_3k4_0002_rtl_core:\real_passthrough:hpfircore_core|u0_m0_wo0_run_q[0]                                                            ; FIR:u_FIR_0|fir_3k4:u_fir_3k4_0|fir_3k4_0002:fir_3k4_inst|fir_3k4_0002_ast:fir_3k4_0002_ast_inst|fir_3k4_0002_rtl_core:\real_passthrough:hpfircore_core|dspba_delay:u0_m0_wo0_memread|delay_signals[0][0]                                                                      ; clk_50M      ; clk_50M     ; 0.000        ; 0.036      ; 0.314      ;
; 0.194 ; FIR:u_FIR_0|fir_3k4:u_fir_3k4_0|fir_3k4_0002:fir_3k4_inst|fir_3k4_0002_ast:fir_3k4_0002_ast_inst|auk_dspip_avalon_streaming_source_hpfir:source|data_out[15]                                                                          ; FIR:u_FIR_0|lpf_data[2]                                                                                                                                                                                                                                                        ; clk_50M      ; clk_50M     ; 0.000        ; 0.036      ; 0.314      ;
; 0.194 ; FIR:u_FIR_0|fir_3k4:u_fir_3k4_0|fir_3k4_0002:fir_3k4_inst|fir_3k4_0002_ast:fir_3k4_0002_ast_inst|fir_3k4_0002_rtl_core:\real_passthrough:hpfircore_core|dspba_delay:d_u0_m0_wo0_wi0_r0_split9_f_17|delay_signals[1][5]                ; FIR:u_FIR_0|fir_3k4:u_fir_3k4_0|fir_3k4_0002:fir_3k4_inst|fir_3k4_0002_ast:fir_3k4_0002_ast_inst|fir_3k4_0002_rtl_core:\real_passthrough:hpfircore_core|dspba_delay:d_u0_m0_wo0_wi0_r0_split9_f_17|delay_signals[0][5]                                                         ; clk_50M      ; clk_50M     ; 0.000        ; 0.036      ; 0.314      ;
; 0.194 ; FIR:u_FIR_0|fir_3k4:u_fir_3k4_0|fir_3k4_0002:fir_3k4_inst|fir_3k4_0002_ast:fir_3k4_0002_ast_inst|fir_3k4_0002_rtl_core:\real_passthrough:hpfircore_core|dspba_delay:d_u0_m0_wo0_wi0_r0_split9_g_17|delay_signals[1][0]                ; FIR:u_FIR_0|fir_3k4:u_fir_3k4_0|fir_3k4_0002:fir_3k4_inst|fir_3k4_0002_ast:fir_3k4_0002_ast_inst|fir_3k4_0002_rtl_core:\real_passthrough:hpfircore_core|dspba_delay:d_u0_m0_wo0_wi0_r0_split9_g_17|delay_signals[0][0]                                                         ; clk_50M      ; clk_50M     ; 0.000        ; 0.036      ; 0.314      ;
; 0.194 ; FIR:u_FIR_0|fir_3k4:u_fir_3k4_0|fir_3k4_0002:fir_3k4_inst|fir_3k4_0002_ast:fir_3k4_0002_ast_inst|fir_3k4_0002_rtl_core:\real_passthrough:hpfircore_core|dspba_delay:d_u0_m0_wo0_wi0_r0_split9_g_17|delay_signals[1][4]                ; FIR:u_FIR_0|fir_3k4:u_fir_3k4_0|fir_3k4_0002:fir_3k4_inst|fir_3k4_0002_ast:fir_3k4_0002_ast_inst|fir_3k4_0002_rtl_core:\real_passthrough:hpfircore_core|dspba_delay:d_u0_m0_wo0_wi0_r0_split9_g_17|delay_signals[0][4]                                                         ; clk_50M      ; clk_50M     ; 0.000        ; 0.036      ; 0.314      ;
; 0.194 ; FIR:u_FIR_0|fir_3k4:u_fir_3k4_0|fir_3k4_0002:fir_3k4_inst|fir_3k4_0002_ast:fir_3k4_0002_ast_inst|fir_3k4_0002_rtl_core:\real_passthrough:hpfircore_core|dspba_delay:d_xIn_0_15|delay_signals[2][0]                                    ; FIR:u_FIR_0|fir_3k4:u_fir_3k4_0|fir_3k4_0002:fir_3k4_inst|fir_3k4_0002_ast:fir_3k4_0002_ast_inst|fir_3k4_0002_rtl_core:\real_passthrough:hpfircore_core|dspba_delay:d_xIn_0_15|delay_signals[1][0]                                                                             ; clk_50M      ; clk_50M     ; 0.000        ; 0.036      ; 0.314      ;
; 0.194 ; FIR:u_FIR_0|fir_3k4:u_fir_3k4_0|fir_3k4_0002:fir_3k4_inst|fir_3k4_0002_ast:fir_3k4_0002_ast_inst|fir_3k4_0002_rtl_core:\real_passthrough:hpfircore_core|dspba_delay:d_in0_m0_wi0_wo0_assign_id1_q_15|delay_signals[2][0]              ; FIR:u_FIR_0|fir_3k4:u_fir_3k4_0|fir_3k4_0002:fir_3k4_inst|fir_3k4_0002_ast:fir_3k4_0002_ast_inst|fir_3k4_0002_rtl_core:\real_passthrough:hpfircore_core|dspba_delay:d_in0_m0_wi0_wo0_assign_id1_q_15|delay_signals[1][0]                                                       ; clk_50M      ; clk_50M     ; 0.000        ; 0.036      ; 0.314      ;
; 0.194 ; FIR:u_FIR_0|fir_3k4:u_fir_3k4_0|fir_3k4_0002:fir_3k4_inst|fir_3k4_0002_ast:fir_3k4_0002_ast_inst|fir_3k4_0002_rtl_core:\real_passthrough:hpfircore_core|dspba_delay:d_in0_m0_wi0_wo0_assign_id1_q_15|delay_signals[3][0]              ; FIR:u_FIR_0|fir_3k4:u_fir_3k4_0|fir_3k4_0002:fir_3k4_inst|fir_3k4_0002_ast:fir_3k4_0002_ast_inst|fir_3k4_0002_rtl_core:\real_passthrough:hpfircore_core|dspba_delay:d_in0_m0_wi0_wo0_assign_id1_q_15|delay_signals[2][0]                                                       ; clk_50M      ; clk_50M     ; 0.000        ; 0.036      ; 0.314      ;
; 0.194 ; FIR:u_FIR_0|fir_3k4:u_fir_3k4_0|fir_3k4_0002:fir_3k4_inst|fir_3k4_0002_ast:fir_3k4_0002_ast_inst|fir_3k4_0002_rtl_core:\real_passthrough:hpfircore_core|dspba_delay:d_xIn_0_15|delay_signals[2][1]                                    ; FIR:u_FIR_0|fir_3k4:u_fir_3k4_0|fir_3k4_0002:fir_3k4_inst|fir_3k4_0002_ast:fir_3k4_0002_ast_inst|fir_3k4_0002_rtl_core:\real_passthrough:hpfircore_core|dspba_delay:d_xIn_0_15|delay_signals[1][1]                                                                             ; clk_50M      ; clk_50M     ; 0.000        ; 0.036      ; 0.314      ;
; 0.194 ; FIR:u_FIR_0|fir_3k4:u_fir_3k4_0|fir_3k4_0002:fir_3k4_inst|fir_3k4_0002_ast:fir_3k4_0002_ast_inst|fir_3k4_0002_rtl_core:\real_passthrough:hpfircore_core|dspba_delay:d_xIn_0_15|delay_signals[4][1]                                    ; FIR:u_FIR_0|fir_3k4:u_fir_3k4_0|fir_3k4_0002:fir_3k4_inst|fir_3k4_0002_ast:fir_3k4_0002_ast_inst|fir_3k4_0002_rtl_core:\real_passthrough:hpfircore_core|dspba_delay:d_xIn_0_15|delay_signals[3][1]                                                                             ; clk_50M      ; clk_50M     ; 0.000        ; 0.036      ; 0.314      ;
; 0.194 ; FIR:u_FIR_0|fir_3k4:u_fir_3k4_0|fir_3k4_0002:fir_3k4_inst|fir_3k4_0002_ast:fir_3k4_0002_ast_inst|fir_3k4_0002_rtl_core:\real_passthrough:hpfircore_core|dspba_delay:d_xIn_0_15|delay_signals[2][2]                                    ; FIR:u_FIR_0|fir_3k4:u_fir_3k4_0|fir_3k4_0002:fir_3k4_inst|fir_3k4_0002_ast:fir_3k4_0002_ast_inst|fir_3k4_0002_rtl_core:\real_passthrough:hpfircore_core|dspba_delay:d_xIn_0_15|delay_signals[1][2]                                                                             ; clk_50M      ; clk_50M     ; 0.000        ; 0.036      ; 0.314      ;
; 0.194 ; FIR:u_FIR_0|fir_3k4:u_fir_3k4_0|fir_3k4_0002:fir_3k4_inst|fir_3k4_0002_ast:fir_3k4_0002_ast_inst|fir_3k4_0002_rtl_core:\real_passthrough:hpfircore_core|dspba_delay:d_xIn_0_15|delay_signals[4][2]                                    ; FIR:u_FIR_0|fir_3k4:u_fir_3k4_0|fir_3k4_0002:fir_3k4_inst|fir_3k4_0002_ast:fir_3k4_0002_ast_inst|fir_3k4_0002_rtl_core:\real_passthrough:hpfircore_core|dspba_delay:d_xIn_0_15|delay_signals[3][2]                                                                             ; clk_50M      ; clk_50M     ; 0.000        ; 0.036      ; 0.314      ;
; 0.194 ; FIR:u_FIR_0|fir_3k4:u_fir_3k4_0|fir_3k4_0002:fir_3k4_inst|fir_3k4_0002_ast:fir_3k4_0002_ast_inst|fir_3k4_0002_rtl_core:\real_passthrough:hpfircore_core|dspba_delay:d_xIn_0_15|delay_signals[3][4]                                    ; FIR:u_FIR_0|fir_3k4:u_fir_3k4_0|fir_3k4_0002:fir_3k4_inst|fir_3k4_0002_ast:fir_3k4_0002_ast_inst|fir_3k4_0002_rtl_core:\real_passthrough:hpfircore_core|dspba_delay:d_xIn_0_15|delay_signals[2][4]                                                                             ; clk_50M      ; clk_50M     ; 0.000        ; 0.037      ; 0.315      ;
; 0.194 ; FIR:u_FIR_0|fir_3k4:u_fir_3k4_0|fir_3k4_0002:fir_3k4_inst|fir_3k4_0002_ast:fir_3k4_0002_ast_inst|fir_3k4_0002_rtl_core:\real_passthrough:hpfircore_core|dspba_delay:d_xIn_0_15|delay_signals[1][5]                                    ; FIR:u_FIR_0|fir_3k4:u_fir_3k4_0|fir_3k4_0002:fir_3k4_inst|fir_3k4_0002_ast:fir_3k4_0002_ast_inst|fir_3k4_0002_rtl_core:\real_passthrough:hpfircore_core|dspba_delay:d_xIn_0_15|delay_signals[0][5]                                                                             ; clk_50M      ; clk_50M     ; 0.000        ; 0.037      ; 0.315      ;
; 0.194 ; FIR:u_FIR_0|fir_3k4:u_fir_3k4_0|fir_3k4_0002:fir_3k4_inst|fir_3k4_0002_ast:fir_3k4_0002_ast_inst|fir_3k4_0002_rtl_core:\real_passthrough:hpfircore_core|dspba_delay:d_xIn_0_15|delay_signals[4][5]                                    ; FIR:u_FIR_0|fir_3k4:u_fir_3k4_0|fir_3k4_0002:fir_3k4_inst|fir_3k4_0002_ast:fir_3k4_0002_ast_inst|fir_3k4_0002_rtl_core:\real_passthrough:hpfircore_core|dspba_delay:d_xIn_0_15|delay_signals[3][5]                                                                             ; clk_50M      ; clk_50M     ; 0.000        ; 0.037      ; 0.315      ;
; 0.194 ; FIR:u_FIR_0|fir_3k4:u_fir_3k4_0|fir_3k4_0002:fir_3k4_inst|fir_3k4_0002_ast:fir_3k4_0002_ast_inst|fir_3k4_0002_rtl_core:\real_passthrough:hpfircore_core|dspba_delay:d_xIn_0_15|delay_signals[4][6]                                    ; FIR:u_FIR_0|fir_3k4:u_fir_3k4_0|fir_3k4_0002:fir_3k4_inst|fir_3k4_0002_ast:fir_3k4_0002_ast_inst|fir_3k4_0002_rtl_core:\real_passthrough:hpfircore_core|dspba_delay:d_xIn_0_15|delay_signals[3][6]                                                                             ; clk_50M      ; clk_50M     ; 0.000        ; 0.036      ; 0.314      ;
; 0.194 ; FIR:u_FIR_0|fir_3k4:u_fir_3k4_0|fir_3k4_0002:fir_3k4_inst|fir_3k4_0002_ast:fir_3k4_0002_ast_inst|fir_3k4_0002_rtl_core:\real_passthrough:hpfircore_core|dspba_delay:d_xIn_0_15|delay_signals[2][7]                                    ; FIR:u_FIR_0|fir_3k4:u_fir_3k4_0|fir_3k4_0002:fir_3k4_inst|fir_3k4_0002_ast:fir_3k4_0002_ast_inst|fir_3k4_0002_rtl_core:\real_passthrough:hpfircore_core|dspba_delay:d_xIn_0_15|delay_signals[1][7]                                                                             ; clk_50M      ; clk_50M     ; 0.000        ; 0.036      ; 0.314      ;
; 0.194 ; FIR:u_FIR_0|fir_3k4:u_fir_3k4_0|fir_3k4_0002:fir_3k4_inst|fir_3k4_0002_ast:fir_3k4_0002_ast_inst|fir_3k4_0002_rtl_core:\real_passthrough:hpfircore_core|dspba_delay:d_xIn_0_15|delay_signals[4][7]                                    ; FIR:u_FIR_0|fir_3k4:u_fir_3k4_0|fir_3k4_0002:fir_3k4_inst|fir_3k4_0002_ast:fir_3k4_0002_ast_inst|fir_3k4_0002_rtl_core:\real_passthrough:hpfircore_core|dspba_delay:d_xIn_0_15|delay_signals[3][7]                                                                             ; clk_50M      ; clk_50M     ; 0.000        ; 0.036      ; 0.314      ;
; 0.194 ; FIR:u_FIR_0|fir_3k4:u_fir_3k4_0|fir_3k4_0002:fir_3k4_inst|fir_3k4_0002_ast:fir_3k4_0002_ast_inst|fir_3k4_0002_rtl_core:\real_passthrough:hpfircore_core|dspba_delay:d_u0_m0_wo0_compute_q_20|delay_signals[3][0]                      ; FIR:u_FIR_0|fir_3k4:u_fir_3k4_0|fir_3k4_0002:fir_3k4_inst|fir_3k4_0002_ast:fir_3k4_0002_ast_inst|fir_3k4_0002_rtl_core:\real_passthrough:hpfircore_core|dspba_delay:d_u0_m0_wo0_compute_q_20|delay_signals[2][0]                                                               ; clk_50M      ; clk_50M     ; 0.000        ; 0.036      ; 0.314      ;
; 0.194 ; FIR:u_FIR_0|fir_3k4:u_fir_3k4_0|fir_3k4_0002:fir_3k4_inst|fir_3k4_0002_ast:fir_3k4_0002_ast_inst|fir_3k4_0002_rtl_core:\real_passthrough:hpfircore_core|dspba_delay:d_u0_m0_wo0_compute_q_20|delay_signals[4][0]                      ; FIR:u_FIR_0|fir_3k4:u_fir_3k4_0|fir_3k4_0002:fir_3k4_inst|fir_3k4_0002_ast:fir_3k4_0002_ast_inst|fir_3k4_0002_rtl_core:\real_passthrough:hpfircore_core|dspba_delay:d_u0_m0_wo0_compute_q_20|delay_signals[3][0]                                                               ; clk_50M      ; clk_50M     ; 0.000        ; 0.036      ; 0.314      ;
; 0.194 ; FIR:u_FIR_0|fir_3k4:u_fir_3k4_0|fir_3k4_0002:fir_3k4_inst|fir_3k4_0002_ast:fir_3k4_0002_ast_inst|fir_3k4_0002_rtl_core:\real_passthrough:hpfircore_core|dspba_delay:d_u0_m0_wo0_compute_q_20|delay_signals[5][0]                      ; FIR:u_FIR_0|fir_3k4:u_fir_3k4_0|fir_3k4_0002:fir_3k4_inst|fir_3k4_0002_ast:fir_3k4_0002_ast_inst|fir_3k4_0002_rtl_core:\real_passthrough:hpfircore_core|dspba_delay:d_u0_m0_wo0_compute_q_20|delay_signals[4][0]                                                               ; clk_50M      ; clk_50M     ; 0.000        ; 0.036      ; 0.314      ;
; 0.194 ; FIR:u_FIR_0|fir_3k4:u_fir_3k4_0|fir_3k4_0002:fir_3k4_inst|fir_3k4_0002_ast:fir_3k4_0002_ast_inst|fir_3k4_0002_rtl_core:\real_passthrough:hpfircore_core|u0_m0_wo0_run_count[0]                                                        ; FIR:u_FIR_0|fir_3k4:u_fir_3k4_0|fir_3k4_0002:fir_3k4_inst|fir_3k4_0002_ast:fir_3k4_0002_ast_inst|fir_3k4_0002_rtl_core:\real_passthrough:hpfircore_core|u0_m0_wo0_run_count[1]                                                                                                 ; clk_50M      ; clk_50M     ; 0.000        ; 0.036      ; 0.314      ;
; 0.195 ; FIR:u_FIR_0|fir_3k4:u_fir_3k4_0|fir_3k4_0002:fir_3k4_inst|fir_3k4_0002_ast:fir_3k4_0002_ast_inst|auk_dspip_avalon_streaming_source_hpfir:source|data_out[16]                                                                          ; FIR:u_FIR_0|lpf_data[3]                                                                                                                                                                                                                                                        ; clk_50M      ; clk_50M     ; 0.000        ; 0.036      ; 0.315      ;
; 0.195 ; FIR:u_FIR_0|fir_3k4:u_fir_3k4_0|fir_3k4_0002:fir_3k4_inst|fir_3k4_0002_ast:fir_3k4_0002_ast_inst|auk_dspip_avalon_streaming_source_hpfir:source|data_out[14]                                                                          ; FIR:u_FIR_0|lpf_data[1]                                                                                                                                                                                                                                                        ; clk_50M      ; clk_50M     ; 0.000        ; 0.036      ; 0.315      ;
; 0.195 ; FIR:u_FIR_0|fir_3k4:u_fir_3k4_0|fir_3k4_0002:fir_3k4_inst|fir_3k4_0002_ast:fir_3k4_0002_ast_inst|fir_3k4_0002_rtl_core:\real_passthrough:hpfircore_core|dspba_delay:d_u0_m0_wo0_wi0_r0_split9_f_17|delay_signals[1][6]                ; FIR:u_FIR_0|fir_3k4:u_fir_3k4_0|fir_3k4_0002:fir_3k4_inst|fir_3k4_0002_ast:fir_3k4_0002_ast_inst|fir_3k4_0002_rtl_core:\real_passthrough:hpfircore_core|dspba_delay:d_u0_m0_wo0_wi0_r0_split9_f_17|delay_signals[0][6]                                                         ; clk_50M      ; clk_50M     ; 0.000        ; 0.036      ; 0.315      ;
; 0.195 ; FIR:u_FIR_0|fir_3k4:u_fir_3k4_0|fir_3k4_0002:fir_3k4_inst|fir_3k4_0002_ast:fir_3k4_0002_ast_inst|fir_3k4_0002_rtl_core:\real_passthrough:hpfircore_core|dspba_delay:d_u0_m0_wo0_wi0_r0_split9_g_17|delay_signals[1][2]                ; FIR:u_FIR_0|fir_3k4:u_fir_3k4_0|fir_3k4_0002:fir_3k4_inst|fir_3k4_0002_ast:fir_3k4_0002_ast_inst|fir_3k4_0002_rtl_core:\real_passthrough:hpfircore_core|dspba_delay:d_u0_m0_wo0_wi0_r0_split9_g_17|delay_signals[0][2]                                                         ; clk_50M      ; clk_50M     ; 0.000        ; 0.036      ; 0.315      ;
; 0.195 ; FIR:u_FIR_0|fir_3k4:u_fir_3k4_0|fir_3k4_0002:fir_3k4_inst|fir_3k4_0002_ast:fir_3k4_0002_ast_inst|fir_3k4_0002_rtl_core:\real_passthrough:hpfircore_core|dspba_delay:d_u0_m0_wo0_wi0_r0_split9_g_17|delay_signals[1][6]                ; FIR:u_FIR_0|fir_3k4:u_fir_3k4_0|fir_3k4_0002:fir_3k4_inst|fir_3k4_0002_ast:fir_3k4_0002_ast_inst|fir_3k4_0002_rtl_core:\real_passthrough:hpfircore_core|dspba_delay:d_u0_m0_wo0_wi0_r0_split9_g_17|delay_signals[0][6]                                                         ; clk_50M      ; clk_50M     ; 0.000        ; 0.036      ; 0.315      ;
; 0.195 ; FIR:u_FIR_0|fir_3k4:u_fir_3k4_0|fir_3k4_0002:fir_3k4_inst|fir_3k4_0002_ast:fir_3k4_0002_ast_inst|fir_3k4_0002_rtl_core:\real_passthrough:hpfircore_core|dspba_delay:d_in0_m0_wi0_wo0_assign_id1_q_15|delay_signals[1][0]              ; FIR:u_FIR_0|fir_3k4:u_fir_3k4_0|fir_3k4_0002:fir_3k4_inst|fir_3k4_0002_ast:fir_3k4_0002_ast_inst|fir_3k4_0002_rtl_core:\real_passthrough:hpfircore_core|dspba_delay:d_in0_m0_wi0_wo0_assign_id1_q_15|delay_signals[0][0]                                                       ; clk_50M      ; clk_50M     ; 0.000        ; 0.036      ; 0.315      ;
; 0.195 ; FIR:u_FIR_0|fir_3k4:u_fir_3k4_0|fir_3k4_0002:fir_3k4_inst|fir_3k4_0002_ast:fir_3k4_0002_ast_inst|fir_3k4_0002_rtl_core:\real_passthrough:hpfircore_core|dspba_delay:d_xIn_0_15|delay_signals[3][2]                                    ; FIR:u_FIR_0|fir_3k4:u_fir_3k4_0|fir_3k4_0002:fir_3k4_inst|fir_3k4_0002_ast:fir_3k4_0002_ast_inst|fir_3k4_0002_rtl_core:\real_passthrough:hpfircore_core|dspba_delay:d_xIn_0_15|delay_signals[2][2]                                                                             ; clk_50M      ; clk_50M     ; 0.000        ; 0.036      ; 0.315      ;
; 0.195 ; FIR:u_FIR_0|fir_3k4:u_fir_3k4_0|fir_3k4_0002:fir_3k4_inst|fir_3k4_0002_ast:fir_3k4_0002_ast_inst|fir_3k4_0002_rtl_core:\real_passthrough:hpfircore_core|dspba_delay:d_xIn_0_15|delay_signals[4][3]                                    ; FIR:u_FIR_0|fir_3k4:u_fir_3k4_0|fir_3k4_0002:fir_3k4_inst|fir_3k4_0002_ast:fir_3k4_0002_ast_inst|fir_3k4_0002_rtl_core:\real_passthrough:hpfircore_core|dspba_delay:d_xIn_0_15|delay_signals[3][3]                                                                             ; clk_50M      ; clk_50M     ; 0.000        ; 0.036      ; 0.315      ;
; 0.195 ; FIR:u_FIR_0|fir_3k4:u_fir_3k4_0|fir_3k4_0002:fir_3k4_inst|fir_3k4_0002_ast:fir_3k4_0002_ast_inst|fir_3k4_0002_rtl_core:\real_passthrough:hpfircore_core|dspba_delay:d_u0_m0_wo0_compute_q_20|delay_signals[2][0]                      ; FIR:u_FIR_0|fir_3k4:u_fir_3k4_0|fir_3k4_0002:fir_3k4_inst|fir_3k4_0002_ast:fir_3k4_0002_ast_inst|fir_3k4_0002_rtl_core:\real_passthrough:hpfircore_core|dspba_delay:d_u0_m0_wo0_compute_q_20|delay_signals[1][0]                                                               ; clk_50M      ; clk_50M     ; 0.000        ; 0.036      ; 0.315      ;
; 0.196 ; FIR:u_FIR_0|fir_3k4:u_fir_3k4_0|fir_3k4_0002:fir_3k4_inst|fir_3k4_0002_ast:fir_3k4_0002_ast_inst|auk_dspip_avalon_streaming_source_hpfir:source|data_out[17]                                                                          ; FIR:u_FIR_0|lpf_data[4]                                                                                                                                                                                                                                                        ; clk_50M      ; clk_50M     ; 0.000        ; 0.036      ; 0.316      ;
; 0.196 ; FIR:u_FIR_0|fir_3k4:u_fir_3k4_0|fir_3k4_0002:fir_3k4_inst|fir_3k4_0002_ast:fir_3k4_0002_ast_inst|fir_3k4_0002_rtl_core:\real_passthrough:hpfircore_core|dspba_delay:d_xIn_0_15|delay_signals[1][2]                                    ; FIR:u_FIR_0|fir_3k4:u_fir_3k4_0|fir_3k4_0002:fir_3k4_inst|fir_3k4_0002_ast:fir_3k4_0002_ast_inst|fir_3k4_0002_rtl_core:\real_passthrough:hpfircore_core|dspba_delay:d_xIn_0_15|delay_signals[0][2]                                                                             ; clk_50M      ; clk_50M     ; 0.000        ; 0.036      ; 0.316      ;
; 0.196 ; FIR:u_FIR_0|fir_3k4:u_fir_3k4_0|fir_3k4_0002:fir_3k4_inst|fir_3k4_0002_ast:fir_3k4_0002_ast_inst|fir_3k4_0002_rtl_core:\real_passthrough:hpfircore_core|dspba_delay:d_xIn_0_15|delay_signals[1][3]                                    ; FIR:u_FIR_0|fir_3k4:u_fir_3k4_0|fir_3k4_0002:fir_3k4_inst|fir_3k4_0002_ast:fir_3k4_0002_ast_inst|fir_3k4_0002_rtl_core:\real_passthrough:hpfircore_core|dspba_delay:d_xIn_0_15|delay_signals[0][3]                                                                             ; clk_50M      ; clk_50M     ; 0.000        ; 0.036      ; 0.316      ;
; 0.196 ; FIR:u_FIR_0|fir_3k4:u_fir_3k4_0|fir_3k4_0002:fir_3k4_inst|fir_3k4_0002_ast:fir_3k4_0002_ast_inst|fir_3k4_0002_rtl_core:\real_passthrough:hpfircore_core|dspba_delay:d_xIn_0_15|delay_signals[1][6]                                    ; FIR:u_FIR_0|fir_3k4:u_fir_3k4_0|fir_3k4_0002:fir_3k4_inst|fir_3k4_0002_ast:fir_3k4_0002_ast_inst|fir_3k4_0002_rtl_core:\real_passthrough:hpfircore_core|dspba_delay:d_xIn_0_15|delay_signals[0][6]                                                                             ; clk_50M      ; clk_50M     ; 0.000        ; 0.036      ; 0.316      ;
; 0.197 ; FIR:u_FIR_0|fir_3k4:u_fir_3k4_0|fir_3k4_0002:fir_3k4_inst|fir_3k4_0002_ast:fir_3k4_0002_ast_inst|fir_3k4_0002_rtl_core:\real_passthrough:hpfircore_core|dspba_delay:d_u0_m0_wo0_wi0_r0_split9_f_17|delay_signals[1][0]                ; FIR:u_FIR_0|fir_3k4:u_fir_3k4_0|fir_3k4_0002:fir_3k4_inst|fir_3k4_0002_ast:fir_3k4_0002_ast_inst|fir_3k4_0002_rtl_core:\real_passthrough:hpfircore_core|dspba_delay:d_u0_m0_wo0_wi0_r0_split9_f_17|delay_signals[0][0]                                                         ; clk_50M      ; clk_50M     ; 0.000        ; 0.036      ; 0.317      ;
; 0.197 ; FIR:u_FIR_0|fir_3k4:u_fir_3k4_0|fir_3k4_0002:fir_3k4_inst|fir_3k4_0002_ast:fir_3k4_0002_ast_inst|fir_3k4_0002_rtl_core:\real_passthrough:hpfircore_core|dspba_delay:d_xIn_0_15|delay_signals[4][0]                                    ; FIR:u_FIR_0|fir_3k4:u_fir_3k4_0|fir_3k4_0002:fir_3k4_inst|fir_3k4_0002_ast:fir_3k4_0002_ast_inst|fir_3k4_0002_rtl_core:\real_passthrough:hpfircore_core|dspba_delay:d_xIn_0_15|delay_signals[3][0]                                                                             ; clk_50M      ; clk_50M     ; 0.000        ; 0.036      ; 0.317      ;
; 0.198 ; FIR:u_FIR_0|fir_3k4:u_fir_3k4_0|fir_3k4_0002:fir_3k4_inst|fir_3k4_0002_ast:fir_3k4_0002_ast_inst|fir_3k4_0002_rtl_core:\real_passthrough:hpfircore_core|u0_m0_wo0_wi0_r0_ra20_add_0_0_o[3]                                            ; FIR:u_FIR_0|fir_3k4:u_fir_3k4_0|fir_3k4_0002:fir_3k4_inst|fir_3k4_0002_ast:fir_3k4_0002_ast_inst|fir_3k4_0002_rtl_core:\real_passthrough:hpfircore_core|altsyncram:u0_m0_wo0_wi0_r0_memr0_dmem|altsyncram_cmn3:auto_generated|ram_block1a0~portb_address_reg0                  ; clk_50M      ; clk_50M     ; 0.000        ; 0.183      ; 0.485      ;
; 0.200 ; FIR:u_FIR_0|fir_3k4:u_fir_3k4_0|fir_3k4_0002:fir_3k4_inst|fir_3k4_0002_ast:fir_3k4_0002_ast_inst|auk_dspip_avalon_streaming_source_hpfir:source|data_out[28]                                                                          ; FIR:u_FIR_0|lpf_data[7]                                                                                                                                                                                                                                                        ; clk_50M      ; clk_50M     ; 0.000        ; 0.036      ; 0.320      ;
; 0.200 ; FIR:u_FIR_0|fir_3k4:u_fir_3k4_0|fir_3k4_0002:fir_3k4_inst|fir_3k4_0002_ast:fir_3k4_0002_ast_inst|fir_3k4_0002_rtl_core:\real_passthrough:hpfircore_core|u0_m0_wo0_wi0_r0_ra20_add_0_0_o[7]                                            ; FIR:u_FIR_0|fir_3k4:u_fir_3k4_0|fir_3k4_0002:fir_3k4_inst|fir_3k4_0002_ast:fir_3k4_0002_ast_inst|fir_3k4_0002_rtl_core:\real_passthrough:hpfircore_core|altsyncram:u0_m0_wo0_wi0_r0_memr0_dmem|altsyncram_cmn3:auto_generated|ram_block1a0~portb_address_reg0                  ; clk_50M      ; clk_50M     ; 0.000        ; 0.183      ; 0.487      ;
; 0.202 ; FIR:u_FIR_0|fir_3k4:u_fir_3k4_0|fir_3k4_0002:fir_3k4_inst|fir_3k4_0002_ast:fir_3k4_0002_ast_inst|fir_3k4_0002_rtl_core:\real_passthrough:hpfircore_core|altsyncram:u0_m0_wo0_wi0_r0_memr1_dmem|altsyncram_gpn3:auto_generated|q_b[19] ; FIR:u_FIR_0|fir_3k4:u_fir_3k4_0|fir_3k4_0002:fir_3k4_inst|fir_3k4_0002_ast:fir_3k4_0002_ast_inst|fir_3k4_0002_rtl_core:\real_passthrough:hpfircore_core|altsyncram:u0_m0_wo0_wi0_r0_memr1_dmem|altsyncram_gpn3:auto_generated|ram_block1a0~porta_datain_reg0                   ; clk_50M      ; clk_50M     ; 0.000        ; 0.078      ; 0.384      ;
; 0.203 ; FIR:u_FIR_0|fir_3k4:u_fir_3k4_0|fir_3k4_0002:fir_3k4_inst|fir_3k4_0002_ast:fir_3k4_0002_ast_inst|fir_3k4_0002_rtl_core:\real_passthrough:hpfircore_core|altsyncram:u0_m0_wo0_wi0_r0_memr1_dmem|altsyncram_gpn3:auto_generated|q_b[16] ; FIR:u_FIR_0|fir_3k4:u_fir_3k4_0|fir_3k4_0002:fir_3k4_inst|fir_3k4_0002_ast:fir_3k4_0002_ast_inst|fir_3k4_0002_rtl_core:\real_passthrough:hpfircore_core|altsyncram:u0_m0_wo0_wi0_r0_memr1_dmem|altsyncram_gpn3:auto_generated|ram_block1a0~porta_datain_reg0                   ; clk_50M      ; clk_50M     ; 0.000        ; 0.078      ; 0.385      ;
; 0.203 ; FIR:u_FIR_0|fir_3k4:u_fir_3k4_0|fir_3k4_0002:fir_3k4_inst|fir_3k4_0002_ast:fir_3k4_0002_ast_inst|fir_3k4_0002_rtl_core:\real_passthrough:hpfircore_core|altsyncram:u0_m0_wo0_wi0_r0_memr1_dmem|altsyncram_gpn3:auto_generated|q_b[28] ; FIR:u_FIR_0|fir_3k4:u_fir_3k4_0|fir_3k4_0002:fir_3k4_inst|fir_3k4_0002_ast:fir_3k4_0002_ast_inst|fir_3k4_0002_rtl_core:\real_passthrough:hpfircore_core|altsyncram:u0_m0_wo0_wi0_r0_memr1_dmem|altsyncram_gpn3:auto_generated|ram_block1a0~porta_datain_reg0                   ; clk_50M      ; clk_50M     ; 0.000        ; 0.078      ; 0.385      ;
; 0.203 ; FIR:u_FIR_0|fir_3k4:u_fir_3k4_0|fir_3k4_0002:fir_3k4_inst|fir_3k4_0002_ast:fir_3k4_0002_ast_inst|fir_3k4_0002_rtl_core:\real_passthrough:hpfircore_core|u0_m0_wo0_wi0_r0_wa20_i[2]                                                    ; FIR:u_FIR_0|fir_3k4:u_fir_3k4_0|fir_3k4_0002:fir_3k4_inst|fir_3k4_0002_ast:fir_3k4_0002_ast_inst|fir_3k4_0002_rtl_core:\real_passthrough:hpfircore_core|altsyncram:u0_m0_wo0_wi0_r0_memr1_dmem|altsyncram_gpn3:auto_generated|ram_block1a4~porta_address_reg0                  ; clk_50M      ; clk_50M     ; 0.000        ; 0.219      ; 0.526      ;
; 0.203 ; FIR:u_FIR_0|fir_3k4:u_fir_3k4_0|fir_3k4_0002:fir_3k4_inst|fir_3k4_0002_ast:fir_3k4_0002_ast_inst|fir_3k4_0002_rtl_core:\real_passthrough:hpfircore_core|u0_m0_wo0_wi0_r0_ra20_add_0_0_o[2]                                            ; FIR:u_FIR_0|fir_3k4:u_fir_3k4_0|fir_3k4_0002:fir_3k4_inst|fir_3k4_0002_ast:fir_3k4_0002_ast_inst|fir_3k4_0002_rtl_core:\real_passthrough:hpfircore_core|altsyncram:u0_m0_wo0_wi0_r0_memr0_dmem|altsyncram_cmn3:auto_generated|ram_block1a0~portb_address_reg0                  ; clk_50M      ; clk_50M     ; 0.000        ; 0.183      ; 0.490      ;
; 0.204 ; FIR:u_FIR_0|fir_3k4:u_fir_3k4_0|fir_3k4_0002:fir_3k4_inst|fir_3k4_0002_ast:fir_3k4_0002_ast_inst|fir_3k4_0002_rtl_core:\real_passthrough:hpfircore_core|altsyncram:u0_m0_wo0_wi0_r0_memr1_dmem|altsyncram_gpn3:auto_generated|q_b[52] ; FIR:u_FIR_0|fir_3k4:u_fir_3k4_0|fir_3k4_0002:fir_3k4_inst|fir_3k4_0002_ast:fir_3k4_0002_ast_inst|fir_3k4_0002_rtl_core:\real_passthrough:hpfircore_core|altsyncram:u0_m0_wo0_wi0_r0_memr1_dmem|altsyncram_gpn3:auto_generated|ram_block1a40~porta_datain_reg0                  ; clk_50M      ; clk_50M     ; 0.000        ; 0.078      ; 0.386      ;
; 0.204 ; FIR:u_FIR_0|fir_3k4:u_fir_3k4_0|fir_3k4_0002:fir_3k4_inst|fir_3k4_0002_ast:fir_3k4_0002_ast_inst|fir_3k4_0002_rtl_core:\real_passthrough:hpfircore_core|altsyncram:u0_m0_wo0_wi0_r0_memr1_dmem|altsyncram_gpn3:auto_generated|q_b[55] ; FIR:u_FIR_0|fir_3k4:u_fir_3k4_0|fir_3k4_0002:fir_3k4_inst|fir_3k4_0002_ast:fir_3k4_0002_ast_inst|fir_3k4_0002_rtl_core:\real_passthrough:hpfircore_core|altsyncram:u0_m0_wo0_wi0_r0_memr1_dmem|altsyncram_gpn3:auto_generated|ram_block1a40~porta_datain_reg0                  ; clk_50M      ; clk_50M     ; 0.000        ; 0.078      ; 0.386      ;
; 0.204 ; FIR:u_FIR_0|fir_3k4:u_fir_3k4_0|fir_3k4_0002:fir_3k4_inst|fir_3k4_0002_ast:fir_3k4_0002_ast_inst|fir_3k4_0002_rtl_core:\real_passthrough:hpfircore_core|altsyncram:u0_m0_wo0_wi0_r0_memr9_dmem|altsyncram_gpn3:auto_generated|q_b[24] ; FIR:u_FIR_0|fir_3k4:u_fir_3k4_0|fir_3k4_0002:fir_3k4_inst|fir_3k4_0002_ast:fir_3k4_0002_ast_inst|fir_3k4_0002_rtl_core:\real_passthrough:hpfircore_core|altsyncram:u0_m0_wo0_wi0_r0_memr9_dmem|altsyncram_gpn3:auto_generated|ram_block1a8~porta_datain_reg0                   ; clk_50M      ; clk_50M     ; 0.000        ; 0.078      ; 0.386      ;
; 0.204 ; FIR:u_FIR_0|fir_3k4:u_fir_3k4_0|fir_3k4_0002:fir_3k4_inst|fir_3k4_0002_ast:fir_3k4_0002_ast_inst|fir_3k4_0002_rtl_core:\real_passthrough:hpfircore_core|altsyncram:u0_m0_wo0_wi0_r0_memr9_dmem|altsyncram_gpn3:auto_generated|q_b[27] ; FIR:u_FIR_0|fir_3k4:u_fir_3k4_0|fir_3k4_0002:fir_3k4_inst|fir_3k4_0002_ast:fir_3k4_0002_ast_inst|fir_3k4_0002_rtl_core:\real_passthrough:hpfircore_core|altsyncram:u0_m0_wo0_wi0_r0_memr9_dmem|altsyncram_gpn3:auto_generated|ram_block1a8~porta_datain_reg0                   ; clk_50M      ; clk_50M     ; 0.000        ; 0.078      ; 0.386      ;
; 0.204 ; FIR:u_FIR_0|fir_3k4:u_fir_3k4_0|fir_3k4_0002:fir_3k4_inst|fir_3k4_0002_ast:fir_3k4_0002_ast_inst|fir_3k4_0002_rtl_core:\real_passthrough:hpfircore_core|u0_m0_wo0_accum_o[28]                                                         ; FIR:u_FIR_0|fir_3k4:u_fir_3k4_0|fir_3k4_0002:fir_3k4_inst|fir_3k4_0002_ast:fir_3k4_0002_ast_inst|fir_3k4_0002_rtl_core:\real_passthrough:hpfircore_core|u0_m0_wo0_accum_o[28]                                                                                                  ; clk_50M      ; clk_50M     ; 0.000        ; 0.036      ; 0.324      ;
; 0.204 ; FIR:u_FIR_0|fir_3k4:u_fir_3k4_0|fir_3k4_0002:fir_3k4_inst|fir_3k4_0002_ast:fir_3k4_0002_ast_inst|fir_3k4_0002_rtl_core:\real_passthrough:hpfircore_core|dspba_delay:d_u0_m0_wo0_ca20_q_14|delay_signals[0][0]                         ; FIR:u_FIR_0|fir_3k4:u_fir_3k4_0|fir_3k4_0002:fir_3k4_inst|fir_3k4_0002_ast:fir_3k4_0002_ast_inst|fir_3k4_0002_rtl_core:\real_passthrough:hpfircore_core|dspba_delay:d_u0_m0_wo0_ca20_q_15|delay_signals[0][0]                                                                  ; clk_50M      ; clk_50M     ; 0.000        ; 0.036      ; 0.324      ;
; 0.205 ; FIR:u_FIR_0|fir_3k4:u_fir_3k4_0|fir_3k4_0002:fir_3k4_inst|fir_3k4_0002_ast:fir_3k4_0002_ast_inst|fir_3k4_0002_rtl_core:\real_passthrough:hpfircore_core|altsyncram:u0_m0_wo0_wi0_r0_memr1_dmem|altsyncram_gpn3:auto_generated|q_b[14] ; FIR:u_FIR_0|fir_3k4:u_fir_3k4_0|fir_3k4_0002:fir_3k4_inst|fir_3k4_0002_ast:fir_3k4_0002_ast_inst|fir_3k4_0002_rtl_core:\real_passthrough:hpfircore_core|altsyncram:u0_m0_wo0_wi0_r0_memr1_dmem|altsyncram_gpn3:auto_generated|ram_block1a0~porta_datain_reg0                   ; clk_50M      ; clk_50M     ; 0.000        ; 0.078      ; 0.387      ;
; 0.205 ; FIR:u_FIR_0|fir_3k4:u_fir_3k4_0|fir_3k4_0002:fir_3k4_inst|fir_3k4_0002_ast:fir_3k4_0002_ast_inst|fir_3k4_0002_rtl_core:\real_passthrough:hpfircore_core|dspba_delay:u0_m0_wo0_memread|delay_signals[0][0]                             ; FIR:u_FIR_0|fir_3k4:u_fir_3k4_0|fir_3k4_0002:fir_3k4_inst|fir_3k4_0002_ast:fir_3k4_0002_ast_inst|fir_3k4_0002_rtl_core:\real_passthrough:hpfircore_core|dspba_delay:d_u0_m0_wo0_memread_q_13|delay_signals[0][0]                                                               ; clk_50M      ; clk_50M     ; 0.000        ; 0.036      ; 0.325      ;
; 0.205 ; FIR:u_FIR_0|fir_3k4:u_fir_3k4_0|fir_3k4_0002:fir_3k4_inst|fir_3k4_0002_ast:fir_3k4_0002_ast_inst|fir_3k4_0002_rtl_core:\real_passthrough:hpfircore_core|dspba_delay:d_u0_m0_wo0_ca20_q_14|delay_signals[0][3]                         ; FIR:u_FIR_0|fir_3k4:u_fir_3k4_0|fir_3k4_0002:fir_3k4_inst|fir_3k4_0002_ast:fir_3k4_0002_ast_inst|fir_3k4_0002_rtl_core:\real_passthrough:hpfircore_core|dspba_delay:d_u0_m0_wo0_ca20_q_15|delay_signals[0][3]                                                                  ; clk_50M      ; clk_50M     ; 0.000        ; 0.036      ; 0.325      ;
; 0.206 ; FIR:u_FIR_0|fir_3k4:u_fir_3k4_0|fir_3k4_0002:fir_3k4_inst|fir_3k4_0002_ast:fir_3k4_0002_ast_inst|fir_3k4_0002_rtl_core:\real_passthrough:hpfircore_core|altsyncram:u0_m0_wo0_wi0_r0_memr1_dmem|altsyncram_gpn3:auto_generated|q_b[22] ; FIR:u_FIR_0|fir_3k4:u_fir_3k4_0|fir_3k4_0002:fir_3k4_inst|fir_3k4_0002_ast:fir_3k4_0002_ast_inst|fir_3k4_0002_rtl_core:\real_passthrough:hpfircore_core|altsyncram:u0_m0_wo0_wi0_r0_memr1_dmem|altsyncram_gpn3:auto_generated|ram_block1a0~porta_datain_reg0                   ; clk_50M      ; clk_50M     ; 0.000        ; 0.078      ; 0.388      ;
; 0.206 ; FIR:u_FIR_0|fir_3k4:u_fir_3k4_0|fir_3k4_0002:fir_3k4_inst|fir_3k4_0002_ast:fir_3k4_0002_ast_inst|fir_3k4_0002_rtl_core:\real_passthrough:hpfircore_core|altsyncram:u0_m0_wo0_wi0_r0_memr1_dmem|altsyncram_gpn3:auto_generated|q_b[26] ; FIR:u_FIR_0|fir_3k4:u_fir_3k4_0|fir_3k4_0002:fir_3k4_inst|fir_3k4_0002_ast:fir_3k4_0002_ast_inst|fir_3k4_0002_rtl_core:\real_passthrough:hpfircore_core|altsyncram:u0_m0_wo0_wi0_r0_memr1_dmem|altsyncram_gpn3:auto_generated|ram_block1a0~porta_datain_reg0                   ; clk_50M      ; clk_50M     ; 0.000        ; 0.078      ; 0.388      ;
; 0.207 ; FIR:u_FIR_0|fir_3k4:u_fir_3k4_0|fir_3k4_0002:fir_3k4_inst|fir_3k4_0002_ast:fir_3k4_0002_ast_inst|fir_3k4_0002_rtl_core:\real_passthrough:hpfircore_core|altsyncram:u0_m0_wo0_wi0_r0_memr1_dmem|altsyncram_gpn3:auto_generated|q_b[62] ; FIR:u_FIR_0|fir_3k4:u_fir_3k4_0|fir_3k4_0002:fir_3k4_inst|fir_3k4_0002_ast:fir_3k4_0002_ast_inst|fir_3k4_0002_rtl_core:\real_passthrough:hpfircore_core|altsyncram:u0_m0_wo0_wi0_r0_memr1_dmem|altsyncram_gpn3:auto_generated|ram_block1a40~porta_datain_reg0                  ; clk_50M      ; clk_50M     ; 0.000        ; 0.078      ; 0.389      ;
; 0.207 ; FIR:u_FIR_0|fir_3k4:u_fir_3k4_0|fir_3k4_0002:fir_3k4_inst|fir_3k4_0002_ast:fir_3k4_0002_ast_inst|fir_3k4_0002_rtl_core:\real_passthrough:hpfircore_core|altsyncram:u0_m0_wo0_wi0_r0_memr9_dmem|altsyncram_gpn3:auto_generated|q_b[30] ; FIR:u_FIR_0|fir_3k4:u_fir_3k4_0|fir_3k4_0002:fir_3k4_inst|fir_3k4_0002_ast:fir_3k4_0002_ast_inst|fir_3k4_0002_rtl_core:\real_passthrough:hpfircore_core|altsyncram:u0_m0_wo0_wi0_r0_memr9_dmem|altsyncram_gpn3:auto_generated|ram_block1a8~porta_datain_reg0                   ; clk_50M      ; clk_50M     ; 0.000        ; 0.078      ; 0.389      ;
; 0.207 ; FIR:u_FIR_0|fir_3k4:u_fir_3k4_0|fir_3k4_0002:fir_3k4_inst|fir_3k4_0002_ast:fir_3k4_0002_ast_inst|fir_3k4_0002_rtl_core:\real_passthrough:hpfircore_core|dspba_delay:d_u0_m0_wo0_ca20_q_14|delay_signals[0][4]                         ; FIR:u_FIR_0|fir_3k4:u_fir_3k4_0|fir_3k4_0002:fir_3k4_inst|fir_3k4_0002_ast:fir_3k4_0002_ast_inst|fir_3k4_0002_rtl_core:\real_passthrough:hpfircore_core|dspba_delay:d_u0_m0_wo0_ca20_q_15|delay_signals[0][4]                                                                  ; clk_50M      ; clk_50M     ; 0.000        ; 0.037      ; 0.328      ;
; 0.207 ; FIR:u_FIR_0|fir_3k4:u_fir_3k4_0|fir_3k4_0002:fir_3k4_inst|fir_3k4_0002_ast:fir_3k4_0002_ast_inst|fir_3k4_0002_rtl_core:\real_passthrough:hpfircore_core|dspba_delay:u0_m0_wo0_compute|delay_signals[0][0]                             ; FIR:u_FIR_0|fir_3k4:u_fir_3k4_0|fir_3k4_0002:fir_3k4_inst|fir_3k4_0002_ast:fir_3k4_0002_ast_inst|fir_3k4_0002_rtl_core:\real_passthrough:hpfircore_core|dspba_delay:d_u0_m0_wo0_compute_q_14|delay_signals[0][0]                                                               ; clk_50M      ; clk_50M     ; 0.000        ; 0.036      ; 0.327      ;
; 0.208 ; FIR:u_FIR_0|fir_3k4:u_fir_3k4_0|fir_3k4_0002:fir_3k4_inst|fir_3k4_0002_ast:fir_3k4_0002_ast_inst|fir_3k4_0002_rtl_core:\real_passthrough:hpfircore_core|u0_m0_wo0_ca20_eq                                                             ; FIR:u_FIR_0|fir_3k4:u_fir_3k4_0|fir_3k4_0002:fir_3k4_inst|fir_3k4_0002_ast:fir_3k4_0002_ast_inst|fir_3k4_0002_rtl_core:\real_passthrough:hpfircore_core|u0_m0_wo0_ca20_i[0]                                                                                                    ; clk_50M      ; clk_50M     ; 0.000        ; 0.037      ; 0.329      ;
; 0.209 ; FIR:u_FIR_0|fir_3k4:u_fir_3k4_0|fir_3k4_0002:fir_3k4_inst|fir_3k4_0002_ast:fir_3k4_0002_ast_inst|fir_3k4_0002_rtl_core:\real_passthrough:hpfircore_core|altsyncram:u0_m0_wo0_wi0_r0_memr1_dmem|altsyncram_gpn3:auto_generated|q_b[58] ; FIR:u_FIR_0|fir_3k4:u_fir_3k4_0|fir_3k4_0002:fir_3k4_inst|fir_3k4_0002_ast:fir_3k4_0002_ast_inst|fir_3k4_0002_rtl_core:\real_passthrough:hpfircore_core|altsyncram:u0_m0_wo0_wi0_r0_memr1_dmem|altsyncram_gpn3:auto_generated|ram_block1a40~porta_datain_reg0                  ; clk_50M      ; clk_50M     ; 0.000        ; 0.078      ; 0.391      ;
; 0.209 ; FIR:u_FIR_0|fir_3k4:u_fir_3k4_0|fir_3k4_0002:fir_3k4_inst|fir_3k4_0002_ast:fir_3k4_0002_ast_inst|fir_3k4_0002_rtl_core:\real_passthrough:hpfircore_core|\u0_m0_wo0_aseq_clkproc:u0_m0_wo0_aseq_c[9]                                   ; FIR:u_FIR_0|fir_3k4:u_fir_3k4_0|fir_3k4_0002:fir_3k4_inst|fir_3k4_0002_ast:fir_3k4_0002_ast_inst|fir_3k4_0002_rtl_core:\real_passthrough:hpfircore_core|\u0_m0_wo0_aseq_clkproc:u0_m0_wo0_aseq_c[9]                                                                            ; clk_50M      ; clk_50M     ; 0.000        ; 0.036      ; 0.329      ;
+-------+---------------------------------------------------------------------------------------------------------------------------------------------------------------------------------------------------------------------------------------+--------------------------------------------------------------------------------------------------------------------------------------------------------------------------------------------------------------------------------------------------------------------------------+--------------+-------------+--------------+------------+------------+


----------------------------------------------
; Fast 1200mV 0C Model Metastability Summary ;
----------------------------------------------
The design MTBF is not calculated because there are no specified synchronizers in the design.
Number of Synchronizer Chains Found: 8
Shortest Synchronizer Chain: 6 Registers
Fraction of Chains for which MTBFs Could Not be Calculated: 1.000
Worst Case Available Settling Time: 96.952 ns




+------------------------------------------------------------------------------+
; Multicorner Timing Analysis Summary                                          ;
+------------------+--------+-------+----------+---------+---------------------+
; Clock            ; Setup  ; Hold  ; Recovery ; Removal ; Minimum Pulse Width ;
+------------------+--------+-------+----------+---------+---------------------+
; Worst-case Slack ; 14.991 ; 0.125 ; N/A      ; N/A     ; 9.371               ;
;  clk_50M         ; 14.991 ; 0.125 ; N/A      ; N/A     ; 9.371               ;
; Design-wide TNS  ; 0.0    ; 0.0   ; 0.0      ; 0.0     ; 0.0                 ;
;  clk_50M         ; 0.000  ; 0.000 ; N/A      ; N/A     ; 0.000               ;
+------------------+--------+-------+----------+---------+---------------------+


+------------------------------------------------------------------------------------------------------------------------------------------------------------------------------------------------------------------------------------------------------------------------------------------------------------------------------------------------------------------------------------------------------------------+
; Board Trace Model Assignments                                                                                                                                                                                                                                                                                                                                                                                    ;
+---------------+--------------+-------------------+-------------------------+-------------------------+---------------+---------------------+----------------+------------------+--------+------------------+------------------------+------------------------+--------------+---------------+-----------------+-------+---------------------+--------------------+---------------+-----------------+-------------+
; Pin           ; I/O Standard ; Near Tline Length ; Near Tline L per Length ; Near Tline C per Length ; Near Series R ; Near Differential R ; Near Pull-up R ; Near Pull-down R ; Near C ; Far Tline Length ; Far Tline L per Length ; Far Tline C per Length ; Far Series R ; Far Pull-up R ; Far Pull-down R ; Far C ; Termination Voltage ; Far Differential R ; EBD File Name ; EBD Signal Name ; EBD Far-end ;
+---------------+--------------+-------------------+-------------------------+-------------------------+---------------+---------------------+----------------+------------------+--------+------------------+------------------------+------------------------+--------------+---------------+-----------------+-------+---------------------+--------------------+---------------+-----------------+-------------+
; dac_value[0]  ; 2.5 V        ; 0 in              ; 0 H/in                  ; 0 F/in                  ; short         ; -                   ; open           ; open             ; open   ; 0 in             ; 0 H/in                 ; 0 F/in                 ; short        ; open          ; open            ; open  ; 0 V                 ; -                  ; n/a           ; n/a             ; n/a         ;
; dac_value[1]  ; 2.5 V        ; 0 in              ; 0 H/in                  ; 0 F/in                  ; short         ; -                   ; open           ; open             ; open   ; 0 in             ; 0 H/in                 ; 0 F/in                 ; short        ; open          ; open            ; open  ; 0 V                 ; -                  ; n/a           ; n/a             ; n/a         ;
; dac_value[2]  ; 2.5 V        ; 0 in              ; 0 H/in                  ; 0 F/in                  ; short         ; -                   ; open           ; open             ; open   ; 0 in             ; 0 H/in                 ; 0 F/in                 ; short        ; open          ; open            ; open  ; 0 V                 ; -                  ; n/a           ; n/a             ; n/a         ;
; dac_value[3]  ; 2.5 V        ; 0 in              ; 0 H/in                  ; 0 F/in                  ; short         ; -                   ; open           ; open             ; open   ; 0 in             ; 0 H/in                 ; 0 F/in                 ; short        ; open          ; open            ; open  ; 0 V                 ; -                  ; n/a           ; n/a             ; n/a         ;
; dac_value[4]  ; 2.5 V        ; 0 in              ; 0 H/in                  ; 0 F/in                  ; short         ; -                   ; open           ; open             ; open   ; 0 in             ; 0 H/in                 ; 0 F/in                 ; short        ; open          ; open            ; open  ; 0 V                 ; -                  ; n/a           ; n/a             ; n/a         ;
; dac_value[5]  ; 2.5 V        ; 0 in              ; 0 H/in                  ; 0 F/in                  ; short         ; -                   ; open           ; open             ; open   ; 0 in             ; 0 H/in                 ; 0 F/in                 ; short        ; open          ; open            ; open  ; 0 V                 ; -                  ; n/a           ; n/a             ; n/a         ;
; dac_value[6]  ; 2.5 V        ; 0 in              ; 0 H/in                  ; 0 F/in                  ; short         ; -                   ; open           ; open             ; open   ; 0 in             ; 0 H/in                 ; 0 F/in                 ; short        ; open          ; open            ; open  ; 0 V                 ; -                  ; n/a           ; n/a             ; n/a         ;
; dac_value[7]  ; 2.5 V        ; 0 in              ; 0 H/in                  ; 0 F/in                  ; short         ; -                   ; open           ; open             ; open   ; 0 in             ; 0 H/in                 ; 0 F/in                 ; short        ; open          ; open            ; open  ; 0 V                 ; -                  ; n/a           ; n/a             ; n/a         ;
; adc_clk       ; 2.5 V        ; 0 in              ; 0 H/in                  ; 0 F/in                  ; short         ; -                   ; open           ; open             ; open   ; 0 in             ; 0 H/in                 ; 0 F/in                 ; short        ; open          ; open            ; open  ; 0 V                 ; -                  ; n/a           ; n/a             ; n/a         ;
; dac_clk       ; 2.5 V        ; 0 in              ; 0 H/in                  ; 0 F/in                  ; short         ; -                   ; open           ; open             ; open   ; 0 in             ; 0 H/in                 ; 0 F/in                 ; short        ; open          ; open            ; open  ; 0 V                 ; -                  ; n/a           ; n/a             ; n/a         ;
; ~ALTERA_DCLK~ ; 2.5 V        ; 0 in              ; 0 H/in                  ; 0 F/in                  ; short         ; -                   ; open           ; open             ; open   ; 0 in             ; 0 H/in                 ; 0 F/in                 ; short        ; open          ; open            ; open  ; 0 V                 ; -                  ; n/a           ; n/a             ; n/a         ;
; ~ALTERA_nCEO~ ; 2.5 V        ; 0 in              ; 0 H/in                  ; 0 F/in                  ; short         ; -                   ; open           ; open             ; open   ; 0 in             ; 0 H/in                 ; 0 F/in                 ; short        ; open          ; open            ; open  ; 0 V                 ; -                  ; n/a           ; n/a             ; n/a         ;
+---------------+--------------+-------------------+-------------------------+-------------------------+---------------+---------------------+----------------+------------------+--------+------------------+------------------------+------------------------+--------------+---------------+-----------------+-------+---------------------+--------------------+---------------+-----------------+-------------+


+----------------------------------------------------------------------------+
; Input Transition Times                                                     ;
+-------------------------+--------------+-----------------+-----------------+
; Pin                     ; I/O Standard ; 10-90 Rise Time ; 90-10 Fall Time ;
+-------------------------+--------------+-----------------+-----------------+
; clk_50M                 ; 2.5 V        ; 2000 ps         ; 2000 ps         ;
; rst_n                   ; 2.5 V        ; 2000 ps         ; 2000 ps         ;
; adc_value[0]            ; 2.5 V        ; 2000 ps         ; 2000 ps         ;
; adc_value[1]            ; 2.5 V        ; 2000 ps         ; 2000 ps         ;
; adc_value[2]            ; 2.5 V        ; 2000 ps         ; 2000 ps         ;
; adc_value[3]            ; 2.5 V        ; 2000 ps         ; 2000 ps         ;
; adc_value[4]            ; 2.5 V        ; 2000 ps         ; 2000 ps         ;
; adc_value[5]            ; 2.5 V        ; 2000 ps         ; 2000 ps         ;
; adc_value[6]            ; 2.5 V        ; 2000 ps         ; 2000 ps         ;
; adc_value[7]            ; 2.5 V        ; 2000 ps         ; 2000 ps         ;
; ~ALTERA_ASDO_DATA1~     ; 2.5 V        ; 2000 ps         ; 2000 ps         ;
; ~ALTERA_FLASH_nCE_nCSO~ ; 2.5 V        ; 2000 ps         ; 2000 ps         ;
; ~ALTERA_DATA0~          ; 2.5 V        ; 2000 ps         ; 2000 ps         ;
+-------------------------+--------------+-----------------+-----------------+


+--------------------------------------------------------------------------------------------------------------------------------------------------------------------------------------------------------------------------------------------------------------------------------------------------------------------------------------------------------------------------------------------------------------------------------------------------------------------------------------------------------------------------------------------------------------------------------------------------------------------------------------------------------------------------------------------+
; Signal Integrity Metrics (Slow 1200mv 0c Model)                                                                                                                                                                                                                                                                                                                                                                                                                                                                                                                                                                                                                                            ;
+---------------+--------------+---------------------+---------------------+------------------------------+------------------------------+---------------------+---------------------+--------------------------------------+--------------------------------------+-----------------------------+-----------------------------+----------------------------+----------------------------+-----------------------------+-----------------------------+--------------------+--------------------+-------------------------------------+-------------------------------------+----------------------------+----------------------------+---------------------------+---------------------------+
; Pin           ; I/O Standard ; Board Delay on Rise ; Board Delay on Fall ; Steady State Voh at FPGA Pin ; Steady State Vol at FPGA Pin ; Voh Max at FPGA Pin ; Vol Min at FPGA Pin ; Ringback Voltage on Rise at FPGA Pin ; Ringback Voltage on Fall at FPGA Pin ; 10-90 Rise Time at FPGA Pin ; 90-10 Fall Time at FPGA Pin ; Monotonic Rise at FPGA Pin ; Monotonic Fall at FPGA Pin ; Steady State Voh at Far-end ; Steady State Vol at Far-end ; Voh Max at Far-end ; Vol Min at Far-end ; Ringback Voltage on Rise at Far-end ; Ringback Voltage on Fall at Far-end ; 10-90 Rise Time at Far-end ; 90-10 Fall Time at Far-end ; Monotonic Rise at Far-end ; Monotonic Fall at Far-end ;
+---------------+--------------+---------------------+---------------------+------------------------------+------------------------------+---------------------+---------------------+--------------------------------------+--------------------------------------+-----------------------------+-----------------------------+----------------------------+----------------------------+-----------------------------+-----------------------------+--------------------+--------------------+-------------------------------------+-------------------------------------+----------------------------+----------------------------+---------------------------+---------------------------+
; dac_value[0]  ; 2.5 V        ; 0 s                 ; 0 s                 ; 2.32 V                       ; 2.8e-09 V                    ; 2.37 V              ; -0.00373 V          ; 0.104 V                              ; 0.011 V                              ; 4.34e-10 s                  ; 3.82e-10 s                  ; Yes                        ; Yes                        ; 2.32 V                      ; 2.8e-09 V                   ; 2.37 V             ; -0.00373 V         ; 0.104 V                             ; 0.011 V                             ; 4.34e-10 s                 ; 3.82e-10 s                 ; Yes                       ; Yes                       ;
; dac_value[1]  ; 2.5 V        ; 0 s                 ; 0 s                 ; 2.32 V                       ; 2.8e-09 V                    ; 2.37 V              ; -0.00373 V          ; 0.104 V                              ; 0.011 V                              ; 4.34e-10 s                  ; 3.82e-10 s                  ; Yes                        ; Yes                        ; 2.32 V                      ; 2.8e-09 V                   ; 2.37 V             ; -0.00373 V         ; 0.104 V                             ; 0.011 V                             ; 4.34e-10 s                 ; 3.82e-10 s                 ; Yes                       ; Yes                       ;
; dac_value[2]  ; 2.5 V        ; 0 s                 ; 0 s                 ; 2.32 V                       ; 2.8e-09 V                    ; 2.37 V              ; -0.00373 V          ; 0.104 V                              ; 0.011 V                              ; 4.34e-10 s                  ; 3.82e-10 s                  ; Yes                        ; Yes                        ; 2.32 V                      ; 2.8e-09 V                   ; 2.37 V             ; -0.00373 V         ; 0.104 V                             ; 0.011 V                             ; 4.34e-10 s                 ; 3.82e-10 s                 ; Yes                       ; Yes                       ;
; dac_value[3]  ; 2.5 V        ; 0 s                 ; 0 s                 ; 2.32 V                       ; 2.8e-09 V                    ; 2.37 V              ; -0.00373 V          ; 0.104 V                              ; 0.011 V                              ; 4.34e-10 s                  ; 3.82e-10 s                  ; Yes                        ; Yes                        ; 2.32 V                      ; 2.8e-09 V                   ; 2.37 V             ; -0.00373 V         ; 0.104 V                             ; 0.011 V                             ; 4.34e-10 s                 ; 3.82e-10 s                 ; Yes                       ; Yes                       ;
; dac_value[4]  ; 2.5 V        ; 0 s                 ; 0 s                 ; 2.32 V                       ; 2.8e-09 V                    ; 2.37 V              ; -0.00373 V          ; 0.104 V                              ; 0.011 V                              ; 4.34e-10 s                  ; 3.82e-10 s                  ; Yes                        ; Yes                        ; 2.32 V                      ; 2.8e-09 V                   ; 2.37 V             ; -0.00373 V         ; 0.104 V                             ; 0.011 V                             ; 4.34e-10 s                 ; 3.82e-10 s                 ; Yes                       ; Yes                       ;
; dac_value[5]  ; 2.5 V        ; 0 s                 ; 0 s                 ; 2.32 V                       ; 2.8e-09 V                    ; 2.37 V              ; -0.00373 V          ; 0.104 V                              ; 0.011 V                              ; 4.34e-10 s                  ; 3.82e-10 s                  ; Yes                        ; Yes                        ; 2.32 V                      ; 2.8e-09 V                   ; 2.37 V             ; -0.00373 V         ; 0.104 V                             ; 0.011 V                             ; 4.34e-10 s                 ; 3.82e-10 s                 ; Yes                       ; Yes                       ;
; dac_value[6]  ; 2.5 V        ; 0 s                 ; 0 s                 ; 2.32 V                       ; 2.8e-09 V                    ; 2.37 V              ; -0.00373 V          ; 0.104 V                              ; 0.011 V                              ; 4.34e-10 s                  ; 3.82e-10 s                  ; Yes                        ; Yes                        ; 2.32 V                      ; 2.8e-09 V                   ; 2.37 V             ; -0.00373 V         ; 0.104 V                             ; 0.011 V                             ; 4.34e-10 s                 ; 3.82e-10 s                 ; Yes                       ; Yes                       ;
; dac_value[7]  ; 2.5 V        ; 0 s                 ; 0 s                 ; 2.32 V                       ; 2.8e-09 V                    ; 2.37 V              ; -0.00373 V          ; 0.104 V                              ; 0.011 V                              ; 4.34e-10 s                  ; 3.82e-10 s                  ; Yes                        ; Yes                        ; 2.32 V                      ; 2.8e-09 V                   ; 2.37 V             ; -0.00373 V         ; 0.104 V                             ; 0.011 V                             ; 4.34e-10 s                 ; 3.82e-10 s                 ; Yes                       ; Yes                       ;
; adc_clk       ; 2.5 V        ; 0 s                 ; 0 s                 ; 2.32 V                       ; 2.8e-09 V                    ; 2.37 V              ; -0.00373 V          ; 0.104 V                              ; 0.011 V                              ; 4.34e-10 s                  ; 3.82e-10 s                  ; Yes                        ; Yes                        ; 2.32 V                      ; 2.8e-09 V                   ; 2.37 V             ; -0.00373 V         ; 0.104 V                             ; 0.011 V                             ; 4.34e-10 s                 ; 3.82e-10 s                 ; Yes                       ; Yes                       ;
; dac_clk       ; 2.5 V        ; 0 s                 ; 0 s                 ; 2.32 V                       ; 2.8e-09 V                    ; 2.37 V              ; -0.00373 V          ; 0.104 V                              ; 0.011 V                              ; 4.34e-10 s                  ; 3.82e-10 s                  ; Yes                        ; Yes                        ; 2.32 V                      ; 2.8e-09 V                   ; 2.37 V             ; -0.00373 V         ; 0.104 V                             ; 0.011 V                             ; 4.34e-10 s                 ; 3.82e-10 s                 ; Yes                       ; Yes                       ;
; ~ALTERA_DCLK~ ; 2.5 V        ; 0 s                 ; 0 s                 ; 2.32 V                       ; 1.74e-09 V                   ; 2.37 V              ; -0.0346 V           ; 0.198 V                              ; 0.094 V                              ; 3.14e-10 s                  ; 2.92e-10 s                  ; Yes                        ; Yes                        ; 2.32 V                      ; 1.74e-09 V                  ; 2.37 V             ; -0.0346 V          ; 0.198 V                             ; 0.094 V                             ; 3.14e-10 s                 ; 2.92e-10 s                 ; Yes                       ; Yes                       ;
; ~ALTERA_nCEO~ ; 2.5 V        ; 0 s                 ; 0 s                 ; 2.32 V                       ; 2.57e-09 V                   ; 2.37 V              ; -0.00683 V          ; 0.171 V                              ; 0.018 V                              ; 4.97e-10 s                  ; 6.66e-10 s                  ; Yes                        ; Yes                        ; 2.32 V                      ; 2.57e-09 V                  ; 2.37 V             ; -0.00683 V         ; 0.171 V                             ; 0.018 V                             ; 4.97e-10 s                 ; 6.66e-10 s                 ; Yes                       ; Yes                       ;
+---------------+--------------+---------------------+---------------------+------------------------------+------------------------------+---------------------+---------------------+--------------------------------------+--------------------------------------+-----------------------------+-----------------------------+----------------------------+----------------------------+-----------------------------+-----------------------------+--------------------+--------------------+-------------------------------------+-------------------------------------+----------------------------+----------------------------+---------------------------+---------------------------+


+--------------------------------------------------------------------------------------------------------------------------------------------------------------------------------------------------------------------------------------------------------------------------------------------------------------------------------------------------------------------------------------------------------------------------------------------------------------------------------------------------------------------------------------------------------------------------------------------------------------------------------------------------------------------------------------------+
; Signal Integrity Metrics (Slow 1200mv 85c Model)                                                                                                                                                                                                                                                                                                                                                                                                                                                                                                                                                                                                                                           ;
+---------------+--------------+---------------------+---------------------+------------------------------+------------------------------+---------------------+---------------------+--------------------------------------+--------------------------------------+-----------------------------+-----------------------------+----------------------------+----------------------------+-----------------------------+-----------------------------+--------------------+--------------------+-------------------------------------+-------------------------------------+----------------------------+----------------------------+---------------------------+---------------------------+
; Pin           ; I/O Standard ; Board Delay on Rise ; Board Delay on Fall ; Steady State Voh at FPGA Pin ; Steady State Vol at FPGA Pin ; Voh Max at FPGA Pin ; Vol Min at FPGA Pin ; Ringback Voltage on Rise at FPGA Pin ; Ringback Voltage on Fall at FPGA Pin ; 10-90 Rise Time at FPGA Pin ; 90-10 Fall Time at FPGA Pin ; Monotonic Rise at FPGA Pin ; Monotonic Fall at FPGA Pin ; Steady State Voh at Far-end ; Steady State Vol at Far-end ; Voh Max at Far-end ; Vol Min at Far-end ; Ringback Voltage on Rise at Far-end ; Ringback Voltage on Fall at Far-end ; 10-90 Rise Time at Far-end ; 90-10 Fall Time at Far-end ; Monotonic Rise at Far-end ; Monotonic Fall at Far-end ;
+---------------+--------------+---------------------+---------------------+------------------------------+------------------------------+---------------------+---------------------+--------------------------------------+--------------------------------------+-----------------------------+-----------------------------+----------------------------+----------------------------+-----------------------------+-----------------------------+--------------------+--------------------+-------------------------------------+-------------------------------------+----------------------------+----------------------------+---------------------------+---------------------------+
; dac_value[0]  ; 2.5 V        ; 0 s                 ; 0 s                 ; 2.32 V                       ; 2.85e-07 V                   ; 2.35 V              ; -0.0123 V           ; 0.144 V                              ; 0.042 V                              ; 4.81e-10 s                  ; 4.81e-10 s                  ; Yes                        ; Yes                        ; 2.32 V                      ; 2.85e-07 V                  ; 2.35 V             ; -0.0123 V          ; 0.144 V                             ; 0.042 V                             ; 4.81e-10 s                 ; 4.81e-10 s                 ; Yes                       ; Yes                       ;
; dac_value[1]  ; 2.5 V        ; 0 s                 ; 0 s                 ; 2.32 V                       ; 2.85e-07 V                   ; 2.35 V              ; -0.0123 V           ; 0.144 V                              ; 0.042 V                              ; 4.81e-10 s                  ; 4.81e-10 s                  ; Yes                        ; Yes                        ; 2.32 V                      ; 2.85e-07 V                  ; 2.35 V             ; -0.0123 V          ; 0.144 V                             ; 0.042 V                             ; 4.81e-10 s                 ; 4.81e-10 s                 ; Yes                       ; Yes                       ;
; dac_value[2]  ; 2.5 V        ; 0 s                 ; 0 s                 ; 2.32 V                       ; 2.85e-07 V                   ; 2.35 V              ; -0.0123 V           ; 0.144 V                              ; 0.042 V                              ; 4.81e-10 s                  ; 4.81e-10 s                  ; Yes                        ; Yes                        ; 2.32 V                      ; 2.85e-07 V                  ; 2.35 V             ; -0.0123 V          ; 0.144 V                             ; 0.042 V                             ; 4.81e-10 s                 ; 4.81e-10 s                 ; Yes                       ; Yes                       ;
; dac_value[3]  ; 2.5 V        ; 0 s                 ; 0 s                 ; 2.32 V                       ; 2.85e-07 V                   ; 2.35 V              ; -0.0123 V           ; 0.144 V                              ; 0.042 V                              ; 4.81e-10 s                  ; 4.81e-10 s                  ; Yes                        ; Yes                        ; 2.32 V                      ; 2.85e-07 V                  ; 2.35 V             ; -0.0123 V          ; 0.144 V                             ; 0.042 V                             ; 4.81e-10 s                 ; 4.81e-10 s                 ; Yes                       ; Yes                       ;
; dac_value[4]  ; 2.5 V        ; 0 s                 ; 0 s                 ; 2.32 V                       ; 2.85e-07 V                   ; 2.35 V              ; -0.0123 V           ; 0.144 V                              ; 0.042 V                              ; 4.81e-10 s                  ; 4.81e-10 s                  ; Yes                        ; Yes                        ; 2.32 V                      ; 2.85e-07 V                  ; 2.35 V             ; -0.0123 V          ; 0.144 V                             ; 0.042 V                             ; 4.81e-10 s                 ; 4.81e-10 s                 ; Yes                       ; Yes                       ;
; dac_value[5]  ; 2.5 V        ; 0 s                 ; 0 s                 ; 2.32 V                       ; 2.85e-07 V                   ; 2.35 V              ; -0.0123 V           ; 0.144 V                              ; 0.042 V                              ; 4.81e-10 s                  ; 4.81e-10 s                  ; Yes                        ; Yes                        ; 2.32 V                      ; 2.85e-07 V                  ; 2.35 V             ; -0.0123 V          ; 0.144 V                             ; 0.042 V                             ; 4.81e-10 s                 ; 4.81e-10 s                 ; Yes                       ; Yes                       ;
; dac_value[6]  ; 2.5 V        ; 0 s                 ; 0 s                 ; 2.32 V                       ; 2.85e-07 V                   ; 2.35 V              ; -0.0123 V           ; 0.144 V                              ; 0.042 V                              ; 4.81e-10 s                  ; 4.81e-10 s                  ; Yes                        ; Yes                        ; 2.32 V                      ; 2.85e-07 V                  ; 2.35 V             ; -0.0123 V          ; 0.144 V                             ; 0.042 V                             ; 4.81e-10 s                 ; 4.81e-10 s                 ; Yes                       ; Yes                       ;
; dac_value[7]  ; 2.5 V        ; 0 s                 ; 0 s                 ; 2.32 V                       ; 2.85e-07 V                   ; 2.35 V              ; -0.0123 V           ; 0.144 V                              ; 0.042 V                              ; 4.81e-10 s                  ; 4.81e-10 s                  ; Yes                        ; Yes                        ; 2.32 V                      ; 2.85e-07 V                  ; 2.35 V             ; -0.0123 V          ; 0.144 V                             ; 0.042 V                             ; 4.81e-10 s                 ; 4.81e-10 s                 ; Yes                       ; Yes                       ;
; adc_clk       ; 2.5 V        ; 0 s                 ; 0 s                 ; 2.32 V                       ; 2.85e-07 V                   ; 2.35 V              ; -0.0123 V           ; 0.144 V                              ; 0.042 V                              ; 4.81e-10 s                  ; 4.81e-10 s                  ; Yes                        ; Yes                        ; 2.32 V                      ; 2.85e-07 V                  ; 2.35 V             ; -0.0123 V          ; 0.144 V                             ; 0.042 V                             ; 4.81e-10 s                 ; 4.81e-10 s                 ; Yes                       ; Yes                       ;
; dac_clk       ; 2.5 V        ; 0 s                 ; 0 s                 ; 2.32 V                       ; 2.85e-07 V                   ; 2.35 V              ; -0.0123 V           ; 0.144 V                              ; 0.042 V                              ; 4.81e-10 s                  ; 4.81e-10 s                  ; Yes                        ; Yes                        ; 2.32 V                      ; 2.85e-07 V                  ; 2.35 V             ; -0.0123 V          ; 0.144 V                             ; 0.042 V                             ; 4.81e-10 s                 ; 4.81e-10 s                 ; Yes                       ; Yes                       ;
; ~ALTERA_DCLK~ ; 2.5 V        ; 0 s                 ; 0 s                 ; 2.32 V                       ; 1.55e-07 V                   ; 2.35 V              ; -0.00221 V          ; 0.097 V                              ; 0.005 V                              ; 4.49e-10 s                  ; 3.85e-10 s                  ; Yes                        ; Yes                        ; 2.32 V                      ; 1.55e-07 V                  ; 2.35 V             ; -0.00221 V         ; 0.097 V                             ; 0.005 V                             ; 4.49e-10 s                 ; 3.85e-10 s                 ; Yes                       ; Yes                       ;
; ~ALTERA_nCEO~ ; 2.5 V        ; 0 s                 ; 0 s                 ; 2.32 V                       ; 2.54e-07 V                   ; 2.34 V              ; -0.00774 V          ; 0.109 V                              ; 0.026 V                              ; 6.58e-10 s                  ; 8.24e-10 s                  ; Yes                        ; Yes                        ; 2.32 V                      ; 2.54e-07 V                  ; 2.34 V             ; -0.00774 V         ; 0.109 V                             ; 0.026 V                             ; 6.58e-10 s                 ; 8.24e-10 s                 ; Yes                       ; Yes                       ;
+---------------+--------------+---------------------+---------------------+------------------------------+------------------------------+---------------------+---------------------+--------------------------------------+--------------------------------------+-----------------------------+-----------------------------+----------------------------+----------------------------+-----------------------------+-----------------------------+--------------------+--------------------+-------------------------------------+-------------------------------------+----------------------------+----------------------------+---------------------------+---------------------------+


+--------------------------------------------------------------------------------------------------------------------------------------------------------------------------------------------------------------------------------------------------------------------------------------------------------------------------------------------------------------------------------------------------------------------------------------------------------------------------------------------------------------------------------------------------------------------------------------------------------------------------------------------------------------------------------------------+
; Signal Integrity Metrics (Fast 1200mv 0c Model)                                                                                                                                                                                                                                                                                                                                                                                                                                                                                                                                                                                                                                            ;
+---------------+--------------+---------------------+---------------------+------------------------------+------------------------------+---------------------+---------------------+--------------------------------------+--------------------------------------+-----------------------------+-----------------------------+----------------------------+----------------------------+-----------------------------+-----------------------------+--------------------+--------------------+-------------------------------------+-------------------------------------+----------------------------+----------------------------+---------------------------+---------------------------+
; Pin           ; I/O Standard ; Board Delay on Rise ; Board Delay on Fall ; Steady State Voh at FPGA Pin ; Steady State Vol at FPGA Pin ; Voh Max at FPGA Pin ; Vol Min at FPGA Pin ; Ringback Voltage on Rise at FPGA Pin ; Ringback Voltage on Fall at FPGA Pin ; 10-90 Rise Time at FPGA Pin ; 90-10 Fall Time at FPGA Pin ; Monotonic Rise at FPGA Pin ; Monotonic Fall at FPGA Pin ; Steady State Voh at Far-end ; Steady State Vol at Far-end ; Voh Max at Far-end ; Vol Min at Far-end ; Ringback Voltage on Rise at Far-end ; Ringback Voltage on Fall at Far-end ; 10-90 Rise Time at Far-end ; 90-10 Fall Time at Far-end ; Monotonic Rise at Far-end ; Monotonic Fall at Far-end ;
+---------------+--------------+---------------------+---------------------+------------------------------+------------------------------+---------------------+---------------------+--------------------------------------+--------------------------------------+-----------------------------+-----------------------------+----------------------------+----------------------------+-----------------------------+-----------------------------+--------------------+--------------------+-------------------------------------+-------------------------------------+----------------------------+----------------------------+---------------------------+---------------------------+
; dac_value[0]  ; 2.5 V        ; 0 s                 ; 0 s                 ; 2.62 V                       ; 4.05e-08 V                   ; 2.72 V              ; -0.0349 V           ; 0.173 V                              ; 0.1 V                                ; 2.72e-10 s                  ; 2.69e-10 s                  ; Yes                        ; Yes                        ; 2.62 V                      ; 4.05e-08 V                  ; 2.72 V             ; -0.0349 V          ; 0.173 V                             ; 0.1 V                               ; 2.72e-10 s                 ; 2.69e-10 s                 ; Yes                       ; Yes                       ;
; dac_value[1]  ; 2.5 V        ; 0 s                 ; 0 s                 ; 2.62 V                       ; 4.05e-08 V                   ; 2.72 V              ; -0.0349 V           ; 0.173 V                              ; 0.1 V                                ; 2.72e-10 s                  ; 2.69e-10 s                  ; Yes                        ; Yes                        ; 2.62 V                      ; 4.05e-08 V                  ; 2.72 V             ; -0.0349 V          ; 0.173 V                             ; 0.1 V                               ; 2.72e-10 s                 ; 2.69e-10 s                 ; Yes                       ; Yes                       ;
; dac_value[2]  ; 2.5 V        ; 0 s                 ; 0 s                 ; 2.62 V                       ; 4.05e-08 V                   ; 2.72 V              ; -0.0349 V           ; 0.173 V                              ; 0.1 V                                ; 2.72e-10 s                  ; 2.69e-10 s                  ; Yes                        ; Yes                        ; 2.62 V                      ; 4.05e-08 V                  ; 2.72 V             ; -0.0349 V          ; 0.173 V                             ; 0.1 V                               ; 2.72e-10 s                 ; 2.69e-10 s                 ; Yes                       ; Yes                       ;
; dac_value[3]  ; 2.5 V        ; 0 s                 ; 0 s                 ; 2.62 V                       ; 4.05e-08 V                   ; 2.72 V              ; -0.0349 V           ; 0.173 V                              ; 0.1 V                                ; 2.72e-10 s                  ; 2.69e-10 s                  ; Yes                        ; Yes                        ; 2.62 V                      ; 4.05e-08 V                  ; 2.72 V             ; -0.0349 V          ; 0.173 V                             ; 0.1 V                               ; 2.72e-10 s                 ; 2.69e-10 s                 ; Yes                       ; Yes                       ;
; dac_value[4]  ; 2.5 V        ; 0 s                 ; 0 s                 ; 2.62 V                       ; 4.05e-08 V                   ; 2.72 V              ; -0.0349 V           ; 0.173 V                              ; 0.1 V                                ; 2.72e-10 s                  ; 2.69e-10 s                  ; Yes                        ; Yes                        ; 2.62 V                      ; 4.05e-08 V                  ; 2.72 V             ; -0.0349 V          ; 0.173 V                             ; 0.1 V                               ; 2.72e-10 s                 ; 2.69e-10 s                 ; Yes                       ; Yes                       ;
; dac_value[5]  ; 2.5 V        ; 0 s                 ; 0 s                 ; 2.62 V                       ; 4.05e-08 V                   ; 2.72 V              ; -0.0349 V           ; 0.173 V                              ; 0.1 V                                ; 2.72e-10 s                  ; 2.69e-10 s                  ; Yes                        ; Yes                        ; 2.62 V                      ; 4.05e-08 V                  ; 2.72 V             ; -0.0349 V          ; 0.173 V                             ; 0.1 V                               ; 2.72e-10 s                 ; 2.69e-10 s                 ; Yes                       ; Yes                       ;
; dac_value[6]  ; 2.5 V        ; 0 s                 ; 0 s                 ; 2.62 V                       ; 4.05e-08 V                   ; 2.72 V              ; -0.0349 V           ; 0.173 V                              ; 0.1 V                                ; 2.72e-10 s                  ; 2.69e-10 s                  ; Yes                        ; Yes                        ; 2.62 V                      ; 4.05e-08 V                  ; 2.72 V             ; -0.0349 V          ; 0.173 V                             ; 0.1 V                               ; 2.72e-10 s                 ; 2.69e-10 s                 ; Yes                       ; Yes                       ;
; dac_value[7]  ; 2.5 V        ; 0 s                 ; 0 s                 ; 2.62 V                       ; 4.05e-08 V                   ; 2.72 V              ; -0.0349 V           ; 0.173 V                              ; 0.1 V                                ; 2.72e-10 s                  ; 2.69e-10 s                  ; Yes                        ; Yes                        ; 2.62 V                      ; 4.05e-08 V                  ; 2.72 V             ; -0.0349 V          ; 0.173 V                             ; 0.1 V                               ; 2.72e-10 s                 ; 2.69e-10 s                 ; Yes                       ; Yes                       ;
; adc_clk       ; 2.5 V        ; 0 s                 ; 0 s                 ; 2.62 V                       ; 4.05e-08 V                   ; 2.72 V              ; -0.0349 V           ; 0.173 V                              ; 0.1 V                                ; 2.72e-10 s                  ; 2.69e-10 s                  ; Yes                        ; Yes                        ; 2.62 V                      ; 4.05e-08 V                  ; 2.72 V             ; -0.0349 V          ; 0.173 V                             ; 0.1 V                               ; 2.72e-10 s                 ; 2.69e-10 s                 ; Yes                       ; Yes                       ;
; dac_clk       ; 2.5 V        ; 0 s                 ; 0 s                 ; 2.62 V                       ; 4.05e-08 V                   ; 2.72 V              ; -0.0349 V           ; 0.173 V                              ; 0.1 V                                ; 2.72e-10 s                  ; 2.69e-10 s                  ; Yes                        ; Yes                        ; 2.62 V                      ; 4.05e-08 V                  ; 2.72 V             ; -0.0349 V          ; 0.173 V                             ; 0.1 V                               ; 2.72e-10 s                 ; 2.69e-10 s                 ; Yes                       ; Yes                       ;
; ~ALTERA_DCLK~ ; 2.5 V        ; 0 s                 ; 0 s                 ; 2.62 V                       ; 2.22e-08 V                   ; 2.74 V              ; -0.06 V             ; 0.158 V                              ; 0.08 V                               ; 2.68e-10 s                  ; 2.19e-10 s                  ; Yes                        ; Yes                        ; 2.62 V                      ; 2.22e-08 V                  ; 2.74 V             ; -0.06 V            ; 0.158 V                             ; 0.08 V                              ; 2.68e-10 s                 ; 2.19e-10 s                 ; Yes                       ; Yes                       ;
; ~ALTERA_nCEO~ ; 2.5 V        ; 0 s                 ; 0 s                 ; 2.62 V                       ; 3.54e-08 V                   ; 2.7 V               ; -0.00943 V          ; 0.276 V                              ; 0.035 V                              ; 3.19e-10 s                  ; 4.99e-10 s                  ; No                         ; Yes                        ; 2.62 V                      ; 3.54e-08 V                  ; 2.7 V              ; -0.00943 V         ; 0.276 V                             ; 0.035 V                             ; 3.19e-10 s                 ; 4.99e-10 s                 ; No                        ; Yes                       ;
+---------------+--------------+---------------------+---------------------+------------------------------+------------------------------+---------------------+---------------------+--------------------------------------+--------------------------------------+-----------------------------+-----------------------------+----------------------------+----------------------------+-----------------------------+-----------------------------+--------------------+--------------------+-------------------------------------+-------------------------------------+----------------------------+----------------------------+---------------------------+---------------------------+


+-------------------------------------------------------------------+
; Setup Transfers                                                   ;
+------------+----------+----------+----------+----------+----------+
; From Clock ; To Clock ; RR Paths ; FR Paths ; RF Paths ; FF Paths ;
+------------+----------+----------+----------+----------+----------+
; clk_50M    ; clk_50M  ; 7596     ; 0        ; 0        ; 0        ;
+------------+----------+----------+----------+----------+----------+
Entries labeled "false path" only account for clock-to-clock false paths and not path-based false paths. As a result, actual path counts may be lower than reported.


+-------------------------------------------------------------------+
; Hold Transfers                                                    ;
+------------+----------+----------+----------+----------+----------+
; From Clock ; To Clock ; RR Paths ; FR Paths ; RF Paths ; FF Paths ;
+------------+----------+----------+----------+----------+----------+
; clk_50M    ; clk_50M  ; 7596     ; 0        ; 0        ; 0        ;
+------------+----------+----------+----------+----------+----------+
Entries labeled "false path" only account for clock-to-clock false paths and not path-based false paths. As a result, actual path counts may be lower than reported.


---------------
; Report TCCS ;
---------------
No dedicated SERDES Transmitter circuitry present in device or used in design


---------------
; Report RSKM ;
---------------
No non-DPA dedicated SERDES Receiver circuitry present in device or used in design


+------------------------------------------------+
; Unconstrained Paths Summary                    ;
+---------------------------------+-------+------+
; Property                        ; Setup ; Hold ;
+---------------------------------+-------+------+
; Illegal Clocks                  ; 0     ; 0    ;
; Unconstrained Clocks            ; 0     ; 0    ;
; Unconstrained Input Ports       ; 10    ; 10   ;
; Unconstrained Input Port Paths  ; 784   ; 784  ;
; Unconstrained Output Ports      ; 10    ; 10   ;
; Unconstrained Output Port Paths ; 10    ; 10   ;
+---------------------------------+-------+------+


+---------------------------------------------------------------------------------------------------------------------------------------------+
; Clock Status Summary                                                                                                                        ;
+---------------------------------------------------------+---------------------------------------------------------+-----------+-------------+
; Target                                                  ; Clock                                                   ; Type      ; Status      ;
+---------------------------------------------------------+---------------------------------------------------------+-----------+-------------+
; clk_50M                                                 ; clk_50M                                                 ; Base      ; Constrained ;
; u_PLL_32M_0|altpll_component|auto_generated|pll1|clk[0] ; u_PLL_32M_0|altpll_component|auto_generated|pll1|clk[0] ; Generated ; Constrained ;
+---------------------------------------------------------+---------------------------------------------------------+-----------+-------------+


+-----------------------------------------------------------------------------------------------------+
; Unconstrained Input Ports                                                                           ;
+--------------+--------------------------------------------------------------------------------------+
; Input Port   ; Comment                                                                              ;
+--------------+--------------------------------------------------------------------------------------+
; adc_value[0] ; No input delay, min/max delays, false-path exceptions, or max skew assignments found ;
; adc_value[1] ; No input delay, min/max delays, false-path exceptions, or max skew assignments found ;
; adc_value[2] ; No input delay, min/max delays, false-path exceptions, or max skew assignments found ;
; adc_value[3] ; No input delay, min/max delays, false-path exceptions, or max skew assignments found ;
; adc_value[4] ; No input delay, min/max delays, false-path exceptions, or max skew assignments found ;
; adc_value[5] ; No input delay, min/max delays, false-path exceptions, or max skew assignments found ;
; adc_value[6] ; No input delay, min/max delays, false-path exceptions, or max skew assignments found ;
; adc_value[7] ; No input delay, min/max delays, false-path exceptions, or max skew assignments found ;
; clk_50M      ; No input delay, min/max delays, false-path exceptions, or max skew assignments found ;
; rst_n        ; No input delay, min/max delays, false-path exceptions, or max skew assignments found ;
+--------------+--------------------------------------------------------------------------------------+


+------------------------------------------------------------------------------------------------------+
; Unconstrained Output Ports                                                                           ;
+--------------+---------------------------------------------------------------------------------------+
; Output Port  ; Comment                                                                               ;
+--------------+---------------------------------------------------------------------------------------+
; adc_clk      ; No output delay, min/max delays, false-path exceptions, or max skew assignments found ;
; dac_clk      ; No output delay, min/max delays, false-path exceptions, or max skew assignments found ;
; dac_value[0] ; No output delay, min/max delays, false-path exceptions, or max skew assignments found ;
; dac_value[1] ; No output delay, min/max delays, false-path exceptions, or max skew assignments found ;
; dac_value[2] ; No output delay, min/max delays, false-path exceptions, or max skew assignments found ;
; dac_value[3] ; No output delay, min/max delays, false-path exceptions, or max skew assignments found ;
; dac_value[4] ; No output delay, min/max delays, false-path exceptions, or max skew assignments found ;
; dac_value[5] ; No output delay, min/max delays, false-path exceptions, or max skew assignments found ;
; dac_value[6] ; No output delay, min/max delays, false-path exceptions, or max skew assignments found ;
; dac_value[7] ; No output delay, min/max delays, false-path exceptions, or max skew assignments found ;
+--------------+---------------------------------------------------------------------------------------+


+-----------------------------------------------------------------------------------------------------+
; Unconstrained Input Ports                                                                           ;
+--------------+--------------------------------------------------------------------------------------+
; Input Port   ; Comment                                                                              ;
+--------------+--------------------------------------------------------------------------------------+
; adc_value[0] ; No input delay, min/max delays, false-path exceptions, or max skew assignments found ;
; adc_value[1] ; No input delay, min/max delays, false-path exceptions, or max skew assignments found ;
; adc_value[2] ; No input delay, min/max delays, false-path exceptions, or max skew assignments found ;
; adc_value[3] ; No input delay, min/max delays, false-path exceptions, or max skew assignments found ;
; adc_value[4] ; No input delay, min/max delays, false-path exceptions, or max skew assignments found ;
; adc_value[5] ; No input delay, min/max delays, false-path exceptions, or max skew assignments found ;
; adc_value[6] ; No input delay, min/max delays, false-path exceptions, or max skew assignments found ;
; adc_value[7] ; No input delay, min/max delays, false-path exceptions, or max skew assignments found ;
; clk_50M      ; No input delay, min/max delays, false-path exceptions, or max skew assignments found ;
; rst_n        ; No input delay, min/max delays, false-path exceptions, or max skew assignments found ;
+--------------+--------------------------------------------------------------------------------------+


+------------------------------------------------------------------------------------------------------+
; Unconstrained Output Ports                                                                           ;
+--------------+---------------------------------------------------------------------------------------+
; Output Port  ; Comment                                                                               ;
+--------------+---------------------------------------------------------------------------------------+
; adc_clk      ; No output delay, min/max delays, false-path exceptions, or max skew assignments found ;
; dac_clk      ; No output delay, min/max delays, false-path exceptions, or max skew assignments found ;
; dac_value[0] ; No output delay, min/max delays, false-path exceptions, or max skew assignments found ;
; dac_value[1] ; No output delay, min/max delays, false-path exceptions, or max skew assignments found ;
; dac_value[2] ; No output delay, min/max delays, false-path exceptions, or max skew assignments found ;
; dac_value[3] ; No output delay, min/max delays, false-path exceptions, or max skew assignments found ;
; dac_value[4] ; No output delay, min/max delays, false-path exceptions, or max skew assignments found ;
; dac_value[5] ; No output delay, min/max delays, false-path exceptions, or max skew assignments found ;
; dac_value[6] ; No output delay, min/max delays, false-path exceptions, or max skew assignments found ;
; dac_value[7] ; No output delay, min/max delays, false-path exceptions, or max skew assignments found ;
+--------------+---------------------------------------------------------------------------------------+


+------------------------------------+
; TimeQuest Timing Analyzer Messages ;
+------------------------------------+
Info: *******************************************************************
Info: Running Quartus Prime TimeQuest Timing Analyzer
    Info: Version 17.1.0 Build 590 10/25/2017 SJ Lite Edition
    Info: Processing started: Thu Jul 06 18:49:28 2023
Info: Command: quartus_sta FIR_3k4_lowpass -c FIR_3k4_lowpass
Info: qsta_default_script.tcl version: #3
Warning (18236): Number of processors has not been specified which may cause overloading on shared machines.  Set the global assignment NUM_PARALLEL_PROCESSORS in your QSF to an appropriate value for best performance.
Info (20030): Parallel compilation is enabled and will use 14 of the 14 processors detected
Info (21077): Low junction temperature is 0 degrees C
Info (21077): High junction temperature is 85 degrees C
Critical Warning (332012): Synopsys Design Constraints File file not found: 'FIR_3k4_lowpass.sdc'. A Synopsys Design Constraints File is required by the TimeQuest Timing Analyzer to get proper timing constraints. Without it, the Compiler will not properly optimize the design.
Info (332142): No user constrained generated clocks found in the design. Calling "derive_pll_clocks -create_base_clocks"
Info (332110): Deriving PLL clocks
    Info (332110): create_clock -period 20.000 -waveform {0.000 10.000} -name clk_50M clk_50M
    Info (332110): create_generated_clock -source {u_PLL_32M_0|altpll_component|auto_generated|pll1|inclk[0]} -divide_by 25 -multiply_by 16 -duty_cycle 50.00 -name {u_PLL_32M_0|altpll_component|auto_generated|pll1|clk[0]} {u_PLL_32M_0|altpll_component|auto_generated|pll1|clk[0]}
Info (332142): No user constrained base clocks found in the design. Calling "derive_clocks -period 1.0"
Info (332096): The command derive_clocks did not find any clocks to derive.  No clocks were created or changed.
Info (332143): No user constrained clock uncertainty found in the design. Calling "derive_clock_uncertainty"
Info (332123): Deriving Clock Uncertainty. Please refer to report_sdc in TimeQuest to see clock uncertainties.
Info: Found TIMEQUEST_REPORT_SCRIPT_INCLUDE_DEFAULT_ANALYSIS = ON
Info: Analyzing Slow 1200mV 85C Model
Info (332146): Worst-case setup slack is 14.991
    Info (332119):     Slack       End Point TNS Clock 
    Info (332119): ========= =================== =====================
    Info (332119):    14.991               0.000 clk_50M 
Info (332146): Worst-case hold slack is 0.387
    Info (332119):     Slack       End Point TNS Clock 
    Info (332119): ========= =================== =====================
    Info (332119):     0.387               0.000 clk_50M 
Info (332140): No Recovery paths to report
Info (332140): No Removal paths to report
Info (332146): Worst-case minimum pulse width slack is 9.466
    Info (332119):     Slack       End Point TNS Clock 
    Info (332119): ========= =================== =====================
    Info (332119):     9.466               0.000 clk_50M 
Info (332114): Report Metastability: Found 8 synchronizer chains.
    Info (332114): The design MTBF is not calculated because there are no specified synchronizers in the design.
    Info (332114): Number of Synchronizer Chains Found: 8
    Info (332114): Shortest Synchronizer Chain: 6 Registers
    Info (332114): Fraction of Chains for which MTBFs Could Not be Calculated: 1.000
    Info (332114): Worst Case Available Settling Time: 93.050 ns
    Info (332114): 
Info: Analyzing Slow 1200mV 0C Model
Info (334003): Started post-fitting delay annotation
Info (334004): Delay annotation completed successfully
Info (332123): Deriving Clock Uncertainty. Please refer to report_sdc in TimeQuest to see clock uncertainties.
Info (332146): Worst-case setup slack is 15.436
    Info (332119):     Slack       End Point TNS Clock 
    Info (332119): ========= =================== =====================
    Info (332119):    15.436               0.000 clk_50M 
Info (332146): Worst-case hold slack is 0.368
    Info (332119):     Slack       End Point TNS Clock 
    Info (332119): ========= =================== =====================
    Info (332119):     0.368               0.000 clk_50M 
Info (332140): No Recovery paths to report
Info (332140): No Removal paths to report
Info (332146): Worst-case minimum pulse width slack is 9.497
    Info (332119):     Slack       End Point TNS Clock 
    Info (332119): ========= =================== =====================
    Info (332119):     9.497               0.000 clk_50M 
Info (332114): Report Metastability: Found 8 synchronizer chains.
    Info (332114): The design MTBF is not calculated because there are no specified synchronizers in the design.
    Info (332114): Number of Synchronizer Chains Found: 8
    Info (332114): Shortest Synchronizer Chain: 6 Registers
    Info (332114): Fraction of Chains for which MTBFs Could Not be Calculated: 1.000
    Info (332114): Worst Case Available Settling Time: 93.514 ns
    Info (332114): 
Info: Analyzing Fast 1200mV 0C Model
Info (332123): Deriving Clock Uncertainty. Please refer to report_sdc in TimeQuest to see clock uncertainties.
Info (332146): Worst-case setup slack is 17.775
    Info (332119):     Slack       End Point TNS Clock 
    Info (332119): ========= =================== =====================
    Info (332119):    17.775               0.000 clk_50M 
Info (332146): Worst-case hold slack is 0.125
    Info (332119):     Slack       End Point TNS Clock 
    Info (332119): ========= =================== =====================
    Info (332119):     0.125               0.000 clk_50M 
Info (332140): No Recovery paths to report
Info (332140): No Removal paths to report
Info (332146): Worst-case minimum pulse width slack is 9.371
    Info (332119):     Slack       End Point TNS Clock 
    Info (332119): ========= =================== =====================
    Info (332119):     9.371               0.000 clk_50M 
Info (332114): Report Metastability: Found 8 synchronizer chains.
    Info (332114): The design MTBF is not calculated because there are no specified synchronizers in the design.
    Info (332114): Number of Synchronizer Chains Found: 8
    Info (332114): Shortest Synchronizer Chain: 6 Registers
    Info (332114): Fraction of Chains for which MTBFs Could Not be Calculated: 1.000
    Info (332114): Worst Case Available Settling Time: 96.952 ns
    Info (332114): 
Info (332102): Design is not fully constrained for setup requirements
Info (332102): Design is not fully constrained for hold requirements
Info: Quartus Prime TimeQuest Timing Analyzer was successful. 0 errors, 2 warnings
    Info: Peak virtual memory: 4885 megabytes
    Info: Processing ended: Thu Jul 06 18:49:30 2023
    Info: Elapsed time: 00:00:02
    Info: Total CPU time (on all processors): 00:00:00


